label,iter,mode,group_cfg,sni_len,t_tcp_ms,t_tls_ms,t_total_ms,ch_len,ch_ks_n,ch_ks_bytes,ch_groups,ch_psk,sh_len,sh_group,sh_ks_len,sh_psk,reused,retrans,ok
pass=A;cert=ec;rtt=50;model=bernoulli;p=0.0;dir=both,0,full,X25519,15,50.695,52.924,103.619,254,1,36,001d/32,0,122,001d,32,0,0,0,1
pass=A;cert=ec;rtt=50;model=bernoulli;p=0.0;dir=both,1,full,X25519,15,50.443,51.603,102.046,254,1,36,001d/32,0,122,001d,32,0,0,0,1
pass=A;cert=ec;rtt=50;model=bernoulli;p=0.0;dir=both,2,full,X25519,15,54.737,51.748,106.484,254,1,36,001d/32,0,122,001d,32,0,0,0,1
pass=A;cert=ec;rtt=50;model=bernoulli;p=0.0;dir=both,3,full,X25519,15,50.457,51.478,101.934,254,1,36,001d/32,0,122,001d,32,0,0,0,1
pass=A;cert=ec;rtt=50;model=bernoulli;p=0.0;dir=both,4,full,X25519,15,50.478,51.543,102.021,254,1,36,001d/32,0,122,001d,32,0,0,0,1
pass=A;cert=ec;rtt=50;model=bernoulli;p=0.0;dir=both,5,full,X25519,15,50.505,51.931,102.437,254,1,36,001d/32,0,122,001d,32,0,0,0,1
pass=A;cert=ec;rtt=50;model=bernoulli;p=0.0;dir=both,6,full,X25519,15,50.408,51.536,101.945,254,1,36,001d/32,0,122,001d,32,0,0,0,1
pass=A;cert=ec;rtt=50;model=bernoulli;p=0.0;dir=both,7,full,X25519,15,50.603,51.645,102.248,254,1,36,001d/32,0,122,001d,32,0,0,0,1
pass=A;cert=ec;rtt=50;model=bernoulli;p=0.0;dir=both,8,full,X25519,15,50.390,51.476,101.867,254,1,36,001d/32,0,122,001d,32,0,0,0,1
pass=A;cert=ec;rtt=50;model=bernoulli;p=0.0;dir=both,9,full,X25519,15,50.427,51.470,101.898,254,1,36,001d/32,0,122,001d,32,0,0,0,1
pass=A;cert=ec;rtt=50;model=bernoulli;p=0.0;dir=both,10,full,X25519,15,50.515,51.545,102.060,254,1,36,001d/32,0,122,001d,32,0,0,0,1
pass=A;cert=ec;rtt=50;model=bernoulli;p=0.0;dir=both,11,full,X25519,15,50.451,51.802,102.253,254,1,36,001d/32,0,122,001d,32,0,0,0,1
pass=A;cert=ec;rtt=50;model=bernoulli;p=0.0;dir=both,12,full,X25519,15,50.469,51.506,101.975,254,1,36,001d/32,0,122,001d,32,0,0,0,1
pass=A;cert=ec;rtt=50;model=bernoulli;p=0.0;dir=both,13,full,X25519,15,50.493,51.548,102.040,254,1,36,001d/32,0,122,001d,32,0,0,0,1
pass=A;cert=ec;rtt=50;model=bernoulli;p=0.0;dir=both,14,full,X25519,15,50.558,51.667,102.225,254,1,36,001d/32,0,122,001d,32,0,0,0,1
pass=A;cert=ec;rtt=50;model=bernoulli;p=0.0;dir=both,15,full,X25519,15,50.409,52.382,102.791,254,1,36,001d/32,0,122,001d,32,0,0,0,1
pass=A;cert=ec;rtt=50;model=bernoulli;p=0.0;dir=both,16,full,X25519,15,50.351,51.555,101.906,254,1,36,001d/32,0,122,001d,32,0,0,0,1
pass=A;cert=ec;rtt=50;model=bernoulli;p=0.0;dir=both,17,full,X25519,15,50.436,52.240,102.676,254,1,36,001d/32,0,122,001d,32,0,0,0,1
pass=A;cert=ec;rtt=50;model=bernoulli;p=0.0;dir=both,18,full,X25519,15,50.421,51.443,101.863,254,1,36,001d/32,0,122,001d,32,0,0,0,1
pass=A;cert=ec;rtt=50;model=bernoulli;p=0.0;dir=both,19,full,X25519,15,50.520,51.452,101.972,254,1,36,001d/32,0,122,001d,32,0,0,0,1
pass=A;cert=ec;rtt=50;model=bernoulli;p=0.0;dir=both,20,full,X25519,15,50.492,51.663,102.156,254,1,36,001d/32,0,122,001d,32,0,0,0,1
pass=A;cert=ec;rtt=50;model=bernoulli;p=0.0;dir=both,21,full,X25519,15,50.453,51.672,102.125,254,1,36,001d/32,0,122,001d,32,0,0,0,1
pass=A;cert=ec;rtt=50;model=bernoulli;p=0.0;dir=both,22,full,X25519,15,50.539,51.491,102.030,254,1,36,001d/32,0,122,001d,32,0,0,0,1
pass=A;cert=ec;rtt=50;model=bernoulli;p=0.0;dir=both,23,full,X25519,15,50.607,51.670,102.277,254,1,36,001d/32,0,122,001d,32,0,0,0,1
pass=A;cert=ec;rtt=50;model=bernoulli;p=0.0;dir=both,24,full,X25519,15,50.477,51.663,102.141,254,1,36,001d/32,0,122,001d,32,0,0,0,1
pass=A;cert=ec;rtt=50;model=bernoulli;p=0.0;dir=both,25,full,X25519,15,50.456,51.508,101.964,254,1,36,001d/32,0,122,001d,32,0,0,0,1
pass=A;cert=ec;rtt=50;model=bernoulli;p=0.0;dir=both,26,full,X25519,15,50.428,51.510,101.937,254,1,36,001d/32,0,122,001d,32,0,0,0,1
pass=A;cert=ec;rtt=50;model=bernoulli;p=0.0;dir=both,27,full,X25519,15,50.425,51.507,101.931,254,1,36,001d/32,0,122,001d,32,0,0,0,1
pass=A;cert=ec;rtt=50;model=bernoulli;p=0.0;dir=both,28,full,X25519,15,50.656,51.752,102.408,254,1,36,001d/32,0,122,001d,32,0,0,0,1
pass=A;cert=ec;rtt=50;model=bernoulli;p=0.0;dir=both,29,full,X25519,15,50.347,52.749,103.096,254,1,36,001d/32,0,122,001d,32,0,0,0,1
pass=A;cert=ec;rtt=50;model=bernoulli;p=0.0;dir=both,30,full,X25519,15,50.582,52.406,102.988,254,1,36,001d/32,0,122,001d,32,0,0,0,1
pass=A;cert=ec;rtt=50;model=bernoulli;p=0.0;dir=both,31,full,X25519,15,50.452,51.893,102.345,254,1,36,001d/32,0,122,001d,32,0,0,0,1
pass=A;cert=ec;rtt=50;model=bernoulli;p=0.0;dir=both,32,full,X25519,15,50.343,51.664,102.007,254,1,36,001d/32,0,122,001d,32,0,0,0,1
pass=A;cert=ec;rtt=50;model=bernoulli;p=0.0;dir=both,33,full,X25519,15,50.417,51.705,102.122,254,1,36,001d/32,0,122,001d,32,0,0,0,1
pass=A;cert=ec;rtt=50;model=bernoulli;p=0.0;dir=both,34,full,X25519,15,52.747,51.857,104.605,254,1,36,001d/32,0,122,001d,32,0,0,0,1
pass=A;cert=ec;rtt=50;model=bernoulli;p=0.0;dir=both,35,full,X25519,15,50.543,51.522,102.064,254,1,36,001d/32,0,122,001d,32,0,0,0,1
pass=A;cert=ec;rtt=50;model=bernoulli;p=0.0;dir=both,36,full,X25519,15,50.481,51.501,101.982,254,1,36,001d/32,0,122,001d,32,0,0,0,1
pass=A;cert=ec;rtt=50;model=bernoulli;p=0.0;dir=both,37,full,X25519,15,50.407,51.660,102.067,254,1,36,001d/32,0,122,001d,32,0,0,0,1
pass=A;cert=ec;rtt=50;model=bernoulli;p=0.0;dir=both,38,full,X25519,15,50.501,51.499,102.000,254,1,36,001d/32,0,122,001d,32,0,0,0,1
pass=A;cert=ec;rtt=50;model=bernoulli;p=0.0;dir=both,39,full,X25519,15,50.461,51.959,102.420,254,1,36,001d/32,0,122,001d,32,0,0,0,1
pass=A;cert=ec;rtt=50;model=bernoulli;p=0.0;dir=both,40,full,X25519,15,50.568,52.150,102.718,254,1,36,001d/32,0,122,001d,32,0,0,0,1
pass=A;cert=ec;rtt=50;model=bernoulli;p=0.0;dir=both,41,full,X25519,15,50.405,51.794,102.198,254,1,36,001d/32,0,122,001d,32,0,0,0,1
pass=A;cert=ec;rtt=50;model=bernoulli;p=0.0;dir=both,42,full,X25519,15,50.494,51.650,102.144,254,1,36,001d/32,0,122,001d,32,0,0,0,1
pass=A;cert=ec;rtt=50;model=bernoulli;p=0.0;dir=both,43,full,X25519,15,50.428,51.571,101.998,254,1,36,001d/32,0,122,001d,32,0,0,0,1
pass=A;cert=ec;rtt=50;model=bernoulli;p=0.0;dir=both,44,full,X25519,15,50.511,52.343,102.854,254,1,36,001d/32,0,122,001d,32,0,0,0,1
pass=A;cert=ec;rtt=50;model=bernoulli;p=0.0;dir=both,45,full,X25519,15,50.508,52.422,102.930,254,1,36,001d/32,0,122,001d,32,0,0,0,1
pass=A;cert=ec;rtt=50;model=bernoulli;p=0.0;dir=both,46,full,X25519,15,50.678,52.885,103.563,254,1,36,001d/32,0,122,001d,32,0,0,0,1
pass=A;cert=ec;rtt=50;model=bernoulli;p=0.0;dir=both,47,full,X25519,15,50.521,52.063,102.584,254,1,36,001d/32,0,122,001d,32,0,0,0,1
pass=A;cert=ec;rtt=50;model=bernoulli;p=0.0;dir=both,48,full,X25519,15,50.551,52.122,102.673,254,1,36,001d/32,0,122,001d,32,0,0,0,1
pass=A;cert=ec;rtt=50;model=bernoulli;p=0.0;dir=both,49,full,X25519,15,50.523,51.625,102.148,254,1,36,001d/32,0,122,001d,32,0,0,0,1
pass=A;cert=ec;rtt=50;model=bernoulli;p=0.0;dir=both,50,full,X25519,15,50.452,51.656,102.109,254,1,36,001d/32,0,122,001d,32,0,0,0,1
pass=A;cert=ec;rtt=50;model=bernoulli;p=0.0;dir=both,51,full,X25519,15,50.465,51.583,102.048,254,1,36,001d/32,0,122,001d,32,0,0,0,1
pass=A;cert=ec;rtt=50;model=bernoulli;p=0.0;dir=both,52,full,X25519,15,50.498,56.715,107.212,254,1,36,001d/32,0,122,001d,32,0,0,0,1
pass=A;cert=ec;rtt=50;model=bernoulli;p=0.0;dir=both,53,full,X25519,15,50.480,51.744,102.224,254,1,36,001d/32,0,122,001d,32,0,0,0,1
pass=A;cert=ec;rtt=50;model=bernoulli;p=0.0;dir=both,54,full,X25519,15,50.432,51.670,102.102,254,1,36,001d/32,0,122,001d,32,0,0,0,1
pass=A;cert=ec;rtt=50;model=bernoulli;p=0.0;dir=both,55,full,X25519,15,50.478,51.854,102.332,254,1,36,001d/32,0,122,001d,32,0,0,0,1
pass=A;cert=ec;rtt=50;model=bernoulli;p=0.0;dir=both,56,full,X25519,15,50.532,51.903,102.435,254,1,36,001d/32,0,122,001d,32,0,0,0,1
pass=A;cert=ec;rtt=50;model=bernoulli;p=0.0;dir=both,57,full,X25519,15,50.618,51.595,102.213,254,1,36,001d/32,0,122,001d,32,0,0,0,1
pass=A;cert=ec;rtt=50;model=bernoulli;p=0.0;dir=both,58,full,X25519,15,50.716,51.524,102.240,254,1,36,001d/32,0,122,001d,32,0,0,0,1
pass=A;cert=ec;rtt=50;model=bernoulli;p=0.0;dir=both,59,full,X25519,15,50.428,51.421,101.849,254,1,36,001d/32,0,122,001d,32,0,0,0,1
pass=A;cert=ec;rtt=50;model=bernoulli;p=0.0;dir=both,60,full,X25519,15,50.416,51.399,101.815,254,1,36,001d/32,0,122,001d,32,0,0,0,1
pass=A;cert=ec;rtt=50;model=bernoulli;p=0.0;dir=both,61,full,X25519,15,50.439,51.420,101.858,254,1,36,001d/32,0,122,001d,32,0,0,0,1
pass=A;cert=ec;rtt=50;model=bernoulli;p=0.0;dir=both,62,full,X25519,15,50.410,51.367,101.777,254,1,36,001d/32,0,122,001d,32,0,0,0,1
pass=A;cert=ec;rtt=50;model=bernoulli;p=0.0;dir=both,63,full,X25519,15,50.392,51.390,101.782,254,1,36,001d/32,0,122,001d,32,0,0,0,1
pass=A;cert=ec;rtt=50;model=bernoulli;p=0.0;dir=both,64,full,X25519,15,50.457,51.628,102.085,254,1,36,001d/32,0,122,001d,32,0,0,0,1
pass=A;cert=ec;rtt=50;model=bernoulli;p=0.0;dir=both,65,full,X25519,15,50.419,51.953,102.372,254,1,36,001d/32,0,122,001d,32,0,0,0,1
pass=A;cert=ec;rtt=50;model=bernoulli;p=0.0;dir=both,66,full,X25519,15,50.312,51.643,101.955,254,1,36,001d/32,0,122,001d,32,0,0,0,1
pass=A;cert=ec;rtt=50;model=bernoulli;p=0.0;dir=both,67,full,X25519,15,50.484,51.625,102.109,254,1,36,001d/32,0,122,001d,32,0,0,0,1
pass=A;cert=ec;rtt=50;model=bernoulli;p=0.0;dir=both,68,full,X25519,15,50.402,51.472,101.874,254,1,36,001d/32,0,122,001d,32,0,0,0,1
pass=A;cert=ec;rtt=50;model=bernoulli;p=0.0;dir=both,69,full,X25519,15,50.513,54.616,105.129,254,1,36,001d/32,0,122,001d,32,0,0,0,1
pass=A;cert=ec;rtt=50;model=bernoulli;p=0.0;dir=both,70,full,X25519,15,50.406,51.809,102.215,254,1,36,001d/32,0,122,001d,32,0,0,0,1
pass=A;cert=ec;rtt=50;model=bernoulli;p=0.0;dir=both,71,full,X25519,15,50.501,51.531,102.032,254,1,36,001d/32,0,122,001d,32,0,0,0,1
pass=A;cert=ec;rtt=50;model=bernoulli;p=0.0;dir=both,72,full,X25519,15,50.431,54.095,104.526,254,1,36,001d/32,0,122,001d,32,0,0,0,1
pass=A;cert=ec;rtt=50;model=bernoulli;p=0.0;dir=both,73,full,X25519,15,50.416,51.537,101.953,254,1,36,001d/32,0,122,001d,32,0,0,0,1
pass=A;cert=ec;rtt=50;model=bernoulli;p=0.0;dir=both,74,full,X25519,15,50.468,52.072,102.539,254,1,36,001d/32,0,122,001d,32,0,0,0,1
pass=A;cert=ec;rtt=50;model=bernoulli;p=0.0;dir=both,75,full,X25519,15,50.402,52.440,102.842,254,1,36,001d/32,0,122,001d,32,0,0,0,1
pass=A;cert=ec;rtt=50;model=bernoulli;p=0.0;dir=both,76,full,X25519,15,50.515,51.550,102.065,254,1,36,001d/32,0,122,001d,32,0,0,0,1
pass=A;cert=ec;rtt=50;model=bernoulli;p=0.0;dir=both,77,full,X25519,15,50.439,51.436,101.875,254,1,36,001d/32,0,122,001d,32,0,0,0,1
pass=A;cert=ec;rtt=50;model=bernoulli;p=0.0;dir=both,78,full,X25519,15,50.474,51.418,101.892,254,1,36,001d/32,0,122,001d,32,0,0,0,1
pass=A;cert=ec;rtt=50;model=bernoulli;p=0.0;dir=both,79,full,X25519,15,50.567,51.828,102.395,254,1,36,001d/32,0,122,001d,32,0,0,0,1
pass=A;cert=ec;rtt=50;model=bernoulli;p=0.0;dir=both,80,full,X25519,15,50.483,51.576,102.059,254,1,36,001d/32,0,122,001d,32,0,0,0,1
pass=A;cert=ec;rtt=50;model=bernoulli;p=0.0;dir=both,81,full,X25519,15,51.341,51.425,102.766,254,1,36,001d/32,0,122,001d,32,0,0,0,1
pass=A;cert=ec;rtt=50;model=bernoulli;p=0.0;dir=both,82,full,X25519,15,50.507,51.545,102.052,254,1,36,001d/32,0,122,001d,32,0,0,0,1
pass=A;cert=ec;rtt=50;model=bernoulli;p=0.0;dir=both,83,full,X25519,15,50.431,51.341,101.773,254,1,36,001d/32,0,122,001d,32,0,0,0,1
pass=A;cert=ec;rtt=50;model=bernoulli;p=0.0;dir=both,84,full,X25519,15,50.431,51.456,101.888,254,1,36,001d/32,0,122,001d,32,0,0,0,1
pass=A;cert=ec;rtt=50;model=bernoulli;p=0.0;dir=both,85,full,X25519,15,50.418,51.609,102.027,254,1,36,001d/32,0,122,001d,32,0,0,0,1
pass=A;cert=ec;rtt=50;model=bernoulli;p=0.0;dir=both,86,full,X25519,15,50.401,51.453,101.854,254,1,36,001d/32,0,122,001d,32,0,0,0,1
pass=A;cert=ec;rtt=50;model=bernoulli;p=0.0;dir=both,87,full,X25519,15,50.468,51.553,102.021,254,1,36,001d/32,0,122,001d,32,0,0,0,1
pass=A;cert=ec;rtt=50;model=bernoulli;p=0.0;dir=both,88,full,X25519,15,50.459,51.405,101.864,254,1,36,001d/32,0,122,001d,32,0,0,0,1
pass=A;cert=ec;rtt=50;model=bernoulli;p=0.0;dir=both,89,full,X25519,15,50.408,51.342,101.750,254,1,36,001d/32,0,122,001d,32,0,0,0,1
pass=A;cert=ec;rtt=50;model=bernoulli;p=0.0;dir=both,90,full,X25519,15,51.327,51.582,102.909,254,1,36,001d/32,0,122,001d,32,0,0,0,1
pass=A;cert=ec;rtt=50;model=bernoulli;p=0.0;dir=both,91,full,X25519,15,50.406,51.699,102.105,254,1,36,001d/32,0,122,001d,32,0,0,0,1
pass=A;cert=ec;rtt=50;model=bernoulli;p=0.0;dir=both,92,full,X25519,15,50.449,51.473,101.922,254,1,36,001d/32,0,122,001d,32,0,0,0,1
pass=A;cert=ec;rtt=50;model=bernoulli;p=0.0;dir=both,93,full,X25519,15,50.419,54.101,104.520,254,1,36,001d/32,0,122,001d,32,0,0,0,1
pass=A;cert=ec;rtt=50;model=bernoulli;p=0.0;dir=both,94,full,X25519,15,50.446,51.633,102.080,254,1,36,001d/32,0,122,001d,32,0,0,0,1
pass=A;cert=ec;rtt=50;model=bernoulli;p=0.0;dir=both,95,full,X25519,15,50.490,51.898,102.388,254,1,36,001d/32,0,122,001d,32,0,0,0,1
pass=A;cert=ec;rtt=50;model=bernoulli;p=0.0;dir=both,96,full,X25519,15,50.469,51.844,102.313,254,1,36,001d/32,0,122,001d,32,0,0,0,1
pass=A;cert=ec;rtt=50;model=bernoulli;p=0.0;dir=both,97,full,X25519,15,50.360,51.416,101.776,254,1,36,001d/32,0,122,001d,32,0,0,0,1
pass=A;cert=ec;rtt=50;model=bernoulli;p=0.0;dir=both,98,full,X25519,15,50.520,51.636,102.156,254,1,36,001d/32,0,122,001d,32,0,0,0,1
pass=A;cert=ec;rtt=50;model=bernoulli;p=0.0;dir=both,99,full,X25519,15,50.423,51.499,101.922,254,1,36,001d/32,0,122,001d,32,0,0,0,1
pass=A;cert=ec;rtt=50;model=bernoulli;p=0.0;dir=both,100,full,X25519,15,50.449,51.858,102.307,254,1,36,001d/32,0,122,001d,32,0,0,0,1
pass=A;cert=ec;rtt=50;model=bernoulli;p=0.0;dir=both,101,full,X25519,15,50.545,51.728,102.273,254,1,36,001d/32,0,122,001d,32,0,0,0,1
pass=A;cert=ec;rtt=50;model=bernoulli;p=0.0;dir=both,102,full,X25519,15,50.400,51.304,101.705,254,1,36,001d/32,0,122,001d,32,0,0,0,1
pass=A;cert=ec;rtt=50;model=bernoulli;p=0.0;dir=both,103,full,X25519,15,50.454,51.319,101.773,254,1,36,001d/32,0,122,001d,32,0,0,0,1
pass=A;cert=ec;rtt=50;model=bernoulli;p=0.0;dir=both,104,full,X25519,15,50.379,51.866,102.245,254,1,36,001d/32,0,122,001d,32,0,0,0,1
pass=A;cert=ec;rtt=50;model=bernoulli;p=0.0;dir=both,105,full,X25519,15,50.455,52.022,102.478,254,1,36,001d/32,0,122,001d,32,0,0,0,1
pass=A;cert=ec;rtt=50;model=bernoulli;p=0.0;dir=both,106,full,X25519,15,50.491,51.971,102.462,254,1,36,001d/32,0,122,001d,32,0,0,0,1
pass=A;cert=ec;rtt=50;model=bernoulli;p=0.0;dir=both,107,full,X25519,15,50.305,51.563,101.869,254,1,36,001d/32,0,122,001d,32,0,0,0,1
pass=A;cert=ec;rtt=50;model=bernoulli;p=0.0;dir=both,108,full,X25519,15,50.430,52.868,103.298,254,1,36,001d/32,0,122,001d,32,0,0,0,1
pass=A;cert=ec;rtt=50;model=bernoulli;p=0.0;dir=both,109,full,X25519,15,50.507,51.683,102.190,254,1,36,001d/32,0,122,001d,32,0,0,0,1
pass=A;cert=ec;rtt=50;model=bernoulli;p=0.0;dir=both,110,full,X25519,15,50.408,51.413,101.821,254,1,36,001d/32,0,122,001d,32,0,0,0,1
pass=A;cert=ec;rtt=50;model=bernoulli;p=0.0;dir=both,111,full,X25519,15,50.509,51.496,102.005,254,1,36,001d/32,0,122,001d,32,0,0,0,1
pass=A;cert=ec;rtt=50;model=bernoulli;p=0.0;dir=both,112,full,X25519,15,50.372,51.466,101.838,254,1,36,001d/32,0,122,001d,32,0,0,0,1
pass=A;cert=ec;rtt=50;model=bernoulli;p=0.0;dir=both,113,full,X25519,15,50.451,51.820,102.271,254,1,36,001d/32,0,122,001d,32,0,0,0,1
pass=A;cert=ec;rtt=50;model=bernoulli;p=0.0;dir=both,114,full,X25519,15,50.507,51.451,101.958,254,1,36,001d/32,0,122,001d,32,0,0,0,1
pass=A;cert=ec;rtt=50;model=bernoulli;p=0.0;dir=both,115,full,X25519,15,50.455,51.491,101.946,254,1,36,001d/32,0,122,001d,32,0,0,0,1
pass=A;cert=ec;rtt=50;model=bernoulli;p=0.0;dir=both,116,full,X25519,15,50.595,51.451,102.046,254,1,36,001d/32,0,122,001d,32,0,0,0,1
pass=A;cert=ec;rtt=50;model=bernoulli;p=0.0;dir=both,117,full,X25519,15,50.483,51.385,101.868,254,1,36,001d/32,0,122,001d,32,0,0,0,1
pass=A;cert=ec;rtt=50;model=bernoulli;p=0.0;dir=both,118,full,X25519,15,50.398,51.483,101.882,254,1,36,001d/32,0,122,001d,32,0,0,0,1
pass=A;cert=ec;rtt=50;model=bernoulli;p=0.0;dir=both,119,full,X25519,15,50.445,51.511,101.956,254,1,36,001d/32,0,122,001d,32,0,0,0,1
pass=A;cert=ec;rtt=50;model=bernoulli;p=0.0;dir=both,120,full,X25519,15,50.564,51.559,102.123,254,1,36,001d/32,0,122,001d,32,0,0,0,1
pass=A;cert=ec;rtt=50;model=bernoulli;p=0.0;dir=both,121,full,X25519,15,50.334,53.444,103.777,254,1,36,001d/32,0,122,001d,32,0,0,0,1
pass=A;cert=ec;rtt=50;model=bernoulli;p=0.0;dir=both,122,full,X25519,15,50.337,51.690,102.027,254,1,36,001d/32,0,122,001d,32,0,0,0,1
pass=A;cert=ec;rtt=50;model=bernoulli;p=0.0;dir=both,123,full,X25519,15,50.479,51.592,102.071,254,1,36,001d/32,0,122,001d,32,0,0,0,1
pass=A;cert=ec;rtt=50;model=bernoulli;p=0.0;dir=both,124,full,X25519,15,50.483,52.258,102.742,254,1,36,001d/32,0,122,001d,32,0,0,0,1
pass=A;cert=ec;rtt=50;model=bernoulli;p=0.0;dir=both,125,full,X25519,15,50.472,51.380,101.852,254,1,36,001d/32,0,122,001d,32,0,0,0,1
pass=A;cert=ec;rtt=50;model=bernoulli;p=0.0;dir=both,126,full,X25519,15,50.391,51.497,101.887,254,1,36,001d/32,0,122,001d,32,0,0,0,1
pass=A;cert=ec;rtt=50;model=bernoulli;p=0.0;dir=both,127,full,X25519,15,50.429,51.536,101.965,254,1,36,001d/32,0,122,001d,32,0,0,0,1
pass=A;cert=ec;rtt=50;model=bernoulli;p=0.0;dir=both,128,full,X25519,15,50.460,51.501,101.961,254,1,36,001d/32,0,122,001d,32,0,0,0,1
pass=A;cert=ec;rtt=50;model=bernoulli;p=0.0;dir=both,129,full,X25519,15,50.373,51.527,101.900,254,1,36,001d/32,0,122,001d,32,0,0,0,1
pass=A;cert=ec;rtt=50;model=bernoulli;p=0.0;dir=both,130,full,X25519,15,50.384,51.437,101.820,254,1,36,001d/32,0,122,001d,32,0,0,0,1
pass=A;cert=ec;rtt=50;model=bernoulli;p=0.0;dir=both,131,full,X25519,15,50.287,51.939,102.226,254,1,36,001d/32,0,122,001d,32,0,0,0,1
pass=A;cert=ec;rtt=50;model=bernoulli;p=0.0;dir=both,132,full,X25519,15,50.419,51.613,102.032,254,1,36,001d/32,0,122,001d,32,0,0,0,1
pass=A;cert=ec;rtt=50;model=bernoulli;p=0.0;dir=both,133,full,X25519,15,50.321,51.917,102.238,254,1,36,001d/32,0,122,001d,32,0,0,0,1
pass=A;cert=ec;rtt=50;model=bernoulli;p=0.0;dir=both,134,full,X25519,15,50.342,51.412,101.755,254,1,36,001d/32,0,122,001d,32,0,0,0,1
pass=A;cert=ec;rtt=50;model=bernoulli;p=0.0;dir=both,135,full,X25519,15,50.286,51.512,101.799,254,1,36,001d/32,0,122,001d,32,0,0,0,1
pass=A;cert=ec;rtt=50;model=bernoulli;p=0.0;dir=both,136,full,X25519,15,50.454,51.466,101.919,254,1,36,001d/32,0,122,001d,32,0,0,0,1
pass=A;cert=ec;rtt=50;model=bernoulli;p=0.0;dir=both,137,full,X25519,15,50.442,51.498,101.940,254,1,36,001d/32,0,122,001d,32,0,0,0,1
pass=A;cert=ec;rtt=50;model=bernoulli;p=0.0;dir=both,138,full,X25519,15,50.463,52.048,102.511,254,1,36,001d/32,0,122,001d,32,0,0,0,1
pass=A;cert=ec;rtt=50;model=bernoulli;p=0.0;dir=both,139,full,X25519,15,50.353,51.417,101.770,254,1,36,001d/32,0,122,001d,32,0,0,0,1
pass=A;cert=ec;rtt=50;model=bernoulli;p=0.0;dir=both,140,full,X25519,15,50.411,51.388,101.799,254,1,36,001d/32,0,122,001d,32,0,0,0,1
pass=A;cert=ec;rtt=50;model=bernoulli;p=0.0;dir=both,141,full,X25519,15,50.446,51.684,102.130,254,1,36,001d/32,0,122,001d,32,0,0,0,1
pass=A;cert=ec;rtt=50;model=bernoulli;p=0.0;dir=both,142,full,X25519,15,50.308,51.630,101.938,254,1,36,001d/32,0,122,001d,32,0,0,0,1
pass=A;cert=ec;rtt=50;model=bernoulli;p=0.0;dir=both,143,full,X25519,15,50.410,51.592,102.001,254,1,36,001d/32,0,122,001d,32,0,0,0,1
pass=A;cert=ec;rtt=50;model=bernoulli;p=0.0;dir=both,144,full,X25519,15,50.462,51.506,101.968,254,1,36,001d/32,0,122,001d,32,0,0,0,1
pass=A;cert=ec;rtt=50;model=bernoulli;p=0.0;dir=both,145,full,X25519,15,50.371,52.158,102.529,254,1,36,001d/32,0,122,001d,32,0,0,0,1
pass=A;cert=ec;rtt=50;model=bernoulli;p=0.0;dir=both,146,full,X25519,15,50.410,51.469,101.879,254,1,36,001d/32,0,122,001d,32,0,0,0,1
pass=A;cert=ec;rtt=50;model=bernoulli;p=0.0;dir=both,147,full,X25519,15,50.388,51.365,101.752,254,1,36,001d/32,0,122,001d,32,0,0,0,1
pass=A;cert=ec;rtt=50;model=bernoulli;p=0.0;dir=both,148,full,X25519,15,50.411,51.995,102.406,254,1,36,001d/32,0,122,001d,32,0,0,0,1
pass=A;cert=ec;rtt=50;model=bernoulli;p=0.0;dir=both,149,full,X25519,15,50.541,51.647,102.189,254,1,36,001d/32,0,122,001d,32,0,0,0,1
pass=A;cert=ec;rtt=50;model=bernoulli;p=0.0;dir=both,0,full,X25519MLKEM768:X25519,15,50.490,61.209,111.698,1440,1,1220,11ec/1216,0,1210,11ec,1120,0,0,0,1
pass=A;cert=ec;rtt=50;model=bernoulli;p=0.0;dir=both,1,full,X25519MLKEM768:X25519,15,50.394,51.675,102.069,1440,1,1220,11ec/1216,0,1210,11ec,1120,0,0,0,1
pass=A;cert=ec;rtt=50;model=bernoulli;p=0.0;dir=both,2,full,X25519MLKEM768:X25519,15,50.492,51.934,102.426,1440,1,1220,11ec/1216,0,1210,11ec,1120,0,0,0,1
pass=A;cert=ec;rtt=50;model=bernoulli;p=0.0;dir=both,3,full,X25519MLKEM768:X25519,15,50.417,52.081,102.498,1440,1,1220,11ec/1216,0,1210,11ec,1120,0,0,0,1
pass=A;cert=ec;rtt=50;model=bernoulli;p=0.0;dir=both,4,full,X25519MLKEM768:X25519,15,50.503,52.104,102.606,1440,1,1220,11ec/1216,0,1210,11ec,1120,0,0,0,1
pass=A;cert=ec;rtt=50;model=bernoulli;p=0.0;dir=both,5,full,X25519MLKEM768:X25519,15,50.528,51.782,102.310,1440,1,1220,11ec/1216,0,1210,11ec,1120,0,0,0,1
pass=A;cert=ec;rtt=50;model=bernoulli;p=0.0;dir=both,6,full,X25519MLKEM768:X25519,15,50.445,52.134,102.578,1440,1,1220,11ec/1216,0,1210,11ec,1120,0,0,0,1
pass=A;cert=ec;rtt=50;model=bernoulli;p=0.0;dir=both,7,full,X25519MLKEM768:X25519,15,50.400,51.592,101.993,1440,1,1220,11ec/1216,0,1210,11ec,1120,0,0,0,1
pass=A;cert=ec;rtt=50;model=bernoulli;p=0.0;dir=both,8,full,X25519MLKEM768:X25519,15,50.444,51.634,102.078,1440,1,1220,11ec/1216,0,1210,11ec,1120,0,0,0,1
pass=A;cert=ec;rtt=50;model=bernoulli;p=0.0;dir=both,9,full,X25519MLKEM768:X25519,15,50.403,51.843,102.246,1440,1,1220,11ec/1216,0,1210,11ec,1120,0,0,0,1
pass=A;cert=ec;rtt=50;model=bernoulli;p=0.0;dir=both,10,full,X25519MLKEM768:X25519,15,50.399,51.858,102.257,1440,1,1220,11ec/1216,0,1210,11ec,1120,0,0,0,1
pass=A;cert=ec;rtt=50;model=bernoulli;p=0.0;dir=both,11,full,X25519MLKEM768:X25519,15,50.626,51.971,102.597,1440,1,1220,11ec/1216,0,1210,11ec,1120,0,0,0,1
pass=A;cert=ec;rtt=50;model=bernoulli;p=0.0;dir=both,12,full,X25519MLKEM768:X25519,15,50.430,51.607,102.038,1440,1,1220,11ec/1216,0,1210,11ec,1120,0,0,0,1
pass=A;cert=ec;rtt=50;model=bernoulli;p=0.0;dir=both,13,full,X25519MLKEM768:X25519,15,50.428,52.043,102.471,1440,1,1220,11ec/1216,0,1210,11ec,1120,0,0,0,1
pass=A;cert=ec;rtt=50;model=bernoulli;p=0.0;dir=both,14,full,X25519MLKEM768:X25519,15,50.459,51.829,102.288,1440,1,1220,11ec/1216,0,1210,11ec,1120,0,0,0,1
pass=A;cert=ec;rtt=50;model=bernoulli;p=0.0;dir=both,15,full,X25519MLKEM768:X25519,15,50.458,52.326,102.784,1440,1,1220,11ec/1216,0,1210,11ec,1120,0,0,0,1
pass=A;cert=ec;rtt=50;model=bernoulli;p=0.0;dir=both,16,full,X25519MLKEM768:X25519,15,50.522,51.898,102.420,1440,1,1220,11ec/1216,0,1210,11ec,1120,0,0,0,1
pass=A;cert=ec;rtt=50;model=bernoulli;p=0.0;dir=both,17,full,X25519MLKEM768:X25519,15,50.431,51.791,102.222,1440,1,1220,11ec/1216,0,1210,11ec,1120,0,0,0,1
pass=A;cert=ec;rtt=50;model=bernoulli;p=0.0;dir=both,18,full,X25519MLKEM768:X25519,15,50.371,51.681,102.053,1440,1,1220,11ec/1216,0,1210,11ec,1120,0,0,0,1
pass=A;cert=ec;rtt=50;model=bernoulli;p=0.0;dir=both,19,full,X25519MLKEM768:X25519,15,50.413,52.285,102.698,1440,1,1220,11ec/1216,0,1210,11ec,1120,0,0,0,1
pass=A;cert=ec;rtt=50;model=bernoulli;p=0.0;dir=both,20,full,X25519MLKEM768:X25519,15,50.384,51.811,102.195,1440,1,1220,11ec/1216,0,1210,11ec,1120,0,0,0,1
pass=A;cert=ec;rtt=50;model=bernoulli;p=0.0;dir=both,21,full,X25519MLKEM768:X25519,15,50.457,51.657,102.114,1440,1,1220,11ec/1216,0,1210,11ec,1120,0,0,0,1
pass=A;cert=ec;rtt=50;model=bernoulli;p=0.0;dir=both,22,full,X25519MLKEM768:X25519,15,50.432,51.656,102.088,1440,1,1220,11ec/1216,0,1210,11ec,1120,0,0,0,1
pass=A;cert=ec;rtt=50;model=bernoulli;p=0.0;dir=both,23,full,X25519MLKEM768:X25519,15,50.434,53.161,103.595,1440,1,1220,11ec/1216,0,1210,11ec,1120,0,0,0,1
pass=A;cert=ec;rtt=50;model=bernoulli;p=0.0;dir=both,24,full,X25519MLKEM768:X25519,15,50.414,51.725,102.140,1440,1,1220,11ec/1216,0,1210,11ec,1120,0,0,0,1
pass=A;cert=ec;rtt=50;model=bernoulli;p=0.0;dir=both,25,full,X25519MLKEM768:X25519,15,50.442,51.873,102.315,1440,1,1220,11ec/1216,0,1210,11ec,1120,0,0,0,1
pass=A;cert=ec;rtt=50;model=bernoulli;p=0.0;dir=both,26,full,X25519MLKEM768:X25519,15,50.468,51.778,102.246,1440,1,1220,11ec/1216,0,1210,11ec,1120,0,0,0,1
pass=A;cert=ec;rtt=50;model=bernoulli;p=0.0;dir=both,27,full,X25519MLKEM768:X25519,15,50.383,51.644,102.026,1440,1,1220,11ec/1216,0,1210,11ec,1120,0,0,0,1
pass=A;cert=ec;rtt=50;model=bernoulli;p=0.0;dir=both,28,full,X25519MLKEM768:X25519,15,50.389,51.818,102.207,1440,1,1220,11ec/1216,0,1210,11ec,1120,0,0,0,1
pass=A;cert=ec;rtt=50;model=bernoulli;p=0.0;dir=both,29,full,X25519MLKEM768:X25519,15,50.505,52.264,102.769,1440,1,1220,11ec/1216,0,1210,11ec,1120,0,0,0,1
pass=A;cert=ec;rtt=50;model=bernoulli;p=0.0;dir=both,30,full,X25519MLKEM768:X25519,15,50.383,51.772,102.155,1440,1,1220,11ec/1216,0,1210,11ec,1120,0,0,0,1
pass=A;cert=ec;rtt=50;model=bernoulli;p=0.0;dir=both,31,full,X25519MLKEM768:X25519,15,50.479,52.155,102.634,1440,1,1220,11ec/1216,0,1210,11ec,1120,0,0,0,1
pass=A;cert=ec;rtt=50;model=bernoulli;p=0.0;dir=both,32,full,X25519MLKEM768:X25519,15,50.430,52.039,102.469,1440,1,1220,11ec/1216,0,1210,11ec,1120,0,0,0,1
pass=A;cert=ec;rtt=50;model=bernoulli;p=0.0;dir=both,33,full,X25519MLKEM768:X25519,15,50.459,52.095,102.554,1440,1,1220,11ec/1216,0,1210,11ec,1120,0,0,0,1
pass=A;cert=ec;rtt=50;model=bernoulli;p=0.0;dir=both,34,full,X25519MLKEM768:X25519,15,50.452,52.279,102.731,1440,1,1220,11ec/1216,0,1210,11ec,1120,0,0,0,1
pass=A;cert=ec;rtt=50;model=bernoulli;p=0.0;dir=both,35,full,X25519MLKEM768:X25519,15,50.542,52.128,102.670,1440,1,1220,11ec/1216,0,1210,11ec,1120,0,0,0,1
pass=A;cert=ec;rtt=50;model=bernoulli;p=0.0;dir=both,36,full,X25519MLKEM768:X25519,15,50.510,52.270,102.780,1440,1,1220,11ec/1216,0,1210,11ec,1120,0,0,0,1
pass=A;cert=ec;rtt=50;model=bernoulli;p=0.0;dir=both,37,full,X25519MLKEM768:X25519,15,50.483,52.193,102.676,1440,1,1220,11ec/1216,0,1210,11ec,1120,0,0,0,1
pass=A;cert=ec;rtt=50;model=bernoulli;p=0.0;dir=both,38,full,X25519MLKEM768:X25519,15,50.575,52.959,103.534,1440,1,1220,11ec/1216,0,1210,11ec,1120,0,0,0,1
pass=A;cert=ec;rtt=50;model=bernoulli;p=0.0;dir=both,39,full,X25519MLKEM768:X25519,15,50.606,52.747,103.352,1440,1,1220,11ec/1216,0,1210,11ec,1120,0,0,0,1
pass=A;cert=ec;rtt=50;model=bernoulli;p=0.0;dir=both,40,full,X25519MLKEM768:X25519,15,50.503,52.200,102.704,1440,1,1220,11ec/1216,0,1210,11ec,1120,0,0,0,1
pass=A;cert=ec;rtt=50;model=bernoulli;p=0.0;dir=both,41,full,X25519MLKEM768:X25519,15,50.526,51.825,102.351,1440,1,1220,11ec/1216,0,1210,11ec,1120,0,0,0,1
pass=A;cert=ec;rtt=50;model=bernoulli;p=0.0;dir=both,42,full,X25519MLKEM768:X25519,15,50.525,51.772,102.297,1440,1,1220,11ec/1216,0,1210,11ec,1120,0,0,0,1
pass=A;cert=ec;rtt=50;model=bernoulli;p=0.0;dir=both,43,full,X25519MLKEM768:X25519,15,50.482,51.848,102.329,1440,1,1220,11ec/1216,0,1210,11ec,1120,0,0,0,1
pass=A;cert=ec;rtt=50;model=bernoulli;p=0.0;dir=both,44,full,X25519MLKEM768:X25519,15,50.410,51.731,102.141,1440,1,1220,11ec/1216,0,1210,11ec,1120,0,0,0,1
pass=A;cert=ec;rtt=50;model=bernoulli;p=0.0;dir=both,45,full,X25519MLKEM768:X25519,15,50.396,51.926,102.323,1440,1,1220,11ec/1216,0,1210,11ec,1120,0,0,0,1
pass=A;cert=ec;rtt=50;model=bernoulli;p=0.0;dir=both,46,full,X25519MLKEM768:X25519,15,50.439,52.144,102.583,1440,1,1220,11ec/1216,0,1210,11ec,1120,0,0,0,1
pass=A;cert=ec;rtt=50;model=bernoulli;p=0.0;dir=both,47,full,X25519MLKEM768:X25519,15,50.401,51.788,102.189,1440,1,1220,11ec/1216,0,1210,11ec,1120,0,0,0,1
pass=A;cert=ec;rtt=50;model=bernoulli;p=0.0;dir=both,48,full,X25519MLKEM768:X25519,15,50.467,52.498,102.965,1440,1,1220,11ec/1216,0,1210,11ec,1120,0,0,0,1
pass=A;cert=ec;rtt=50;model=bernoulli;p=0.0;dir=both,49,full,X25519MLKEM768:X25519,15,50.720,52.484,103.203,1440,1,1220,11ec/1216,0,1210,11ec,1120,0,0,0,1
pass=A;cert=ec;rtt=50;model=bernoulli;p=0.0;dir=both,50,full,X25519MLKEM768:X25519,15,50.437,53.631,104.069,1440,1,1220,11ec/1216,0,1210,11ec,1120,0,0,0,1
pass=A;cert=ec;rtt=50;model=bernoulli;p=0.0;dir=both,51,full,X25519MLKEM768:X25519,15,50.533,52.522,103.055,1440,1,1220,11ec/1216,0,1210,11ec,1120,0,0,0,1
pass=A;cert=ec;rtt=50;model=bernoulli;p=0.0;dir=both,52,full,X25519MLKEM768:X25519,15,50.551,51.912,102.463,1440,1,1220,11ec/1216,0,1210,11ec,1120,0,0,0,1
pass=A;cert=ec;rtt=50;model=bernoulli;p=0.0;dir=both,53,full,X25519MLKEM768:X25519,15,50.424,53.144,103.568,1440,1,1220,11ec/1216,0,1210,11ec,1120,0,0,0,1
pass=A;cert=ec;rtt=50;model=bernoulli;p=0.0;dir=both,54,full,X25519MLKEM768:X25519,15,50.381,52.339,102.721,1440,1,1220,11ec/1216,0,1210,11ec,1120,0,0,0,1
pass=A;cert=ec;rtt=50;model=bernoulli;p=0.0;dir=both,55,full,X25519MLKEM768:X25519,15,50.607,52.338,102.945,1440,1,1220,11ec/1216,0,1210,11ec,1120,0,0,0,1
pass=A;cert=ec;rtt=50;model=bernoulli;p=0.0;dir=both,56,full,X25519MLKEM768:X25519,15,50.742,52.576,103.318,1440,1,1220,11ec/1216,0,1210,11ec,1120,0,0,0,1
pass=A;cert=ec;rtt=50;model=bernoulli;p=0.0;dir=both,57,full,X25519MLKEM768:X25519,15,50.427,51.820,102.248,1440,1,1220,11ec/1216,0,1210,11ec,1120,0,0,0,1
pass=A;cert=ec;rtt=50;model=bernoulli;p=0.0;dir=both,58,full,X25519MLKEM768:X25519,15,50.400,52.606,103.006,1440,1,1220,11ec/1216,0,1210,11ec,1120,0,0,0,1
pass=A;cert=ec;rtt=50;model=bernoulli;p=0.0;dir=both,59,full,X25519MLKEM768:X25519,15,50.640,52.639,103.279,1440,1,1220,11ec/1216,0,1210,11ec,1120,0,0,0,1
pass=A;cert=ec;rtt=50;model=bernoulli;p=0.0;dir=both,60,full,X25519MLKEM768:X25519,15,50.347,52.258,102.605,1440,1,1220,11ec/1216,0,1210,11ec,1120,0,0,0,1
pass=A;cert=ec;rtt=50;model=bernoulli;p=0.0;dir=both,61,full,X25519MLKEM768:X25519,15,50.624,52.194,102.818,1440,1,1220,11ec/1216,0,1210,11ec,1120,0,0,0,1
pass=A;cert=ec;rtt=50;model=bernoulli;p=0.0;dir=both,62,full,X25519MLKEM768:X25519,15,50.587,53.678,104.265,1440,1,1220,11ec/1216,0,1210,11ec,1120,0,0,0,1
pass=A;cert=ec;rtt=50;model=bernoulli;p=0.0;dir=both,63,full,X25519MLKEM768:X25519,15,50.499,52.040,102.539,1440,1,1220,11ec/1216,0,1210,11ec,1120,0,0,0,1
pass=A;cert=ec;rtt=50;model=bernoulli;p=0.0;dir=both,64,full,X25519MLKEM768:X25519,15,51.129,52.980,104.109,1440,1,1220,11ec/1216,0,1210,11ec,1120,0,0,0,1
pass=A;cert=ec;rtt=50;model=bernoulli;p=0.0;dir=both,65,full,X25519MLKEM768:X25519,15,50.547,52.052,102.599,1440,1,1220,11ec/1216,0,1210,11ec,1120,0,0,0,1
pass=A;cert=ec;rtt=50;model=bernoulli;p=0.0;dir=both,66,full,X25519MLKEM768:X25519,15,50.509,52.695,103.203,1440,1,1220,11ec/1216,0,1210,11ec,1120,0,0,0,1
pass=A;cert=ec;rtt=50;model=bernoulli;p=0.0;dir=both,67,full,X25519MLKEM768:X25519,15,50.492,52.445,102.937,1440,1,1220,11ec/1216,0,1210,11ec,1120,0,0,0,1
pass=A;cert=ec;rtt=50;model=bernoulli;p=0.0;dir=both,68,full,X25519MLKEM768:X25519,15,50.296,60.611,110.908,1440,1,1220,11ec/1216,0,1210,11ec,1120,0,0,0,1
pass=A;cert=ec;rtt=50;model=bernoulli;p=0.0;dir=both,69,full,X25519MLKEM768:X25519,15,50.506,52.595,103.101,1440,1,1220,11ec/1216,0,1210,11ec,1120,0,0,0,1
pass=A;cert=ec;rtt=50;model=bernoulli;p=0.0;dir=both,70,full,X25519MLKEM768:X25519,15,50.423,52.142,102.565,1440,1,1220,11ec/1216,0,1210,11ec,1120,0,0,0,1
pass=A;cert=ec;rtt=50;model=bernoulli;p=0.0;dir=both,71,full,X25519MLKEM768:X25519,15,50.600,52.022,102.623,1440,1,1220,11ec/1216,0,1210,11ec,1120,0,0,0,1
pass=A;cert=ec;rtt=50;model=bernoulli;p=0.0;dir=both,72,full,X25519MLKEM768:X25519,15,50.561,51.868,102.428,1440,1,1220,11ec/1216,0,1210,11ec,1120,0,0,0,1
pass=A;cert=ec;rtt=50;model=bernoulli;p=0.0;dir=both,73,full,X25519MLKEM768:X25519,15,50.481,52.494,102.974,1440,1,1220,11ec/1216,0,1210,11ec,1120,0,0,0,1
pass=A;cert=ec;rtt=50;model=bernoulli;p=0.0;dir=both,74,full,X25519MLKEM768:X25519,15,50.534,52.525,103.058,1440,1,1220,11ec/1216,0,1210,11ec,1120,0,0,0,1
pass=A;cert=ec;rtt=50;model=bernoulli;p=0.0;dir=both,75,full,X25519MLKEM768:X25519,15,50.447,52.412,102.859,1440,1,1220,11ec/1216,0,1210,11ec,1120,0,0,0,1
pass=A;cert=ec;rtt=50;model=bernoulli;p=0.0;dir=both,76,full,X25519MLKEM768:X25519,15,50.512,52.307,102.819,1440,1,1220,11ec/1216,0,1210,11ec,1120,0,0,0,1
pass=A;cert=ec;rtt=50;model=bernoulli;p=0.0;dir=both,77,full,X25519MLKEM768:X25519,15,50.455,51.837,102.291,1440,1,1220,11ec/1216,0,1210,11ec,1120,0,0,0,1
pass=A;cert=ec;rtt=50;model=bernoulli;p=0.0;dir=both,78,full,X25519MLKEM768:X25519,15,50.424,51.753,102.176,1440,1,1220,11ec/1216,0,1210,11ec,1120,0,0,0,1
pass=A;cert=ec;rtt=50;model=bernoulli;p=0.0;dir=both,79,full,X25519MLKEM768:X25519,15,50.440,51.795,102.235,1440,1,1220,11ec/1216,0,1210,11ec,1120,0,0,0,1
pass=A;cert=ec;rtt=50;model=bernoulli;p=0.0;dir=both,80,full,X25519MLKEM768:X25519,15,50.447,55.881,106.328,1440,1,1220,11ec/1216,0,1210,11ec,1120,0,0,0,1
pass=A;cert=ec;rtt=50;model=bernoulli;p=0.0;dir=both,81,full,X25519MLKEM768:X25519,15,50.349,52.646,102.994,1440,1,1220,11ec/1216,0,1210,11ec,1120,0,0,0,1
pass=A;cert=ec;rtt=50;model=bernoulli;p=0.0;dir=both,82,full,X25519MLKEM768:X25519,15,50.518,51.809,102.327,1440,1,1220,11ec/1216,0,1210,11ec,1120,0,0,0,1
pass=A;cert=ec;rtt=50;model=bernoulli;p=0.0;dir=both,83,full,X25519MLKEM768:X25519,15,50.624,51.806,102.429,1440,1,1220,11ec/1216,0,1210,11ec,1120,0,0,0,1
pass=A;cert=ec;rtt=50;model=bernoulli;p=0.0;dir=both,84,full,X25519MLKEM768:X25519,15,50.393,51.897,102.290,1440,1,1220,11ec/1216,0,1210,11ec,1120,0,0,0,1
pass=A;cert=ec;rtt=50;model=bernoulli;p=0.0;dir=both,85,full,X25519MLKEM768:X25519,15,50.512,52.275,102.787,1440,1,1220,11ec/1216,0,1210,11ec,1120,0,0,0,1
pass=A;cert=ec;rtt=50;model=bernoulli;p=0.0;dir=both,86,full,X25519MLKEM768:X25519,15,50.521,51.920,102.441,1440,1,1220,11ec/1216,0,1210,11ec,1120,0,0,0,1
pass=A;cert=ec;rtt=50;model=bernoulli;p=0.0;dir=both,87,full,X25519MLKEM768:X25519,15,50.442,52.133,102.575,1440,1,1220,11ec/1216,0,1210,11ec,1120,0,0,0,1
pass=A;cert=ec;rtt=50;model=bernoulli;p=0.0;dir=both,88,full,X25519MLKEM768:X25519,15,50.372,51.900,102.272,1440,1,1220,11ec/1216,0,1210,11ec,1120,0,0,0,1
pass=A;cert=ec;rtt=50;model=bernoulli;p=0.0;dir=both,89,full,X25519MLKEM768:X25519,15,50.311,51.937,102.248,1440,1,1220,11ec/1216,0,1210,11ec,1120,0,0,0,1
pass=A;cert=ec;rtt=50;model=bernoulli;p=0.0;dir=both,90,full,X25519MLKEM768:X25519,15,50.439,52.084,102.523,1440,1,1220,11ec/1216,0,1210,11ec,1120,0,0,0,1
pass=A;cert=ec;rtt=50;model=bernoulli;p=0.0;dir=both,91,full,X25519MLKEM768:X25519,15,50.454,51.963,102.418,1440,1,1220,11ec/1216,0,1210,11ec,1120,0,0,0,1
pass=A;cert=ec;rtt=50;model=bernoulli;p=0.0;dir=both,92,full,X25519MLKEM768:X25519,15,50.383,51.845,102.228,1440,1,1220,11ec/1216,0,1210,11ec,1120,0,0,0,1
pass=A;cert=ec;rtt=50;model=bernoulli;p=0.0;dir=both,93,full,X25519MLKEM768:X25519,15,50.385,52.164,102.548,1440,1,1220,11ec/1216,0,1210,11ec,1120,0,0,0,1
pass=A;cert=ec;rtt=50;model=bernoulli;p=0.0;dir=both,94,full,X25519MLKEM768:X25519,15,50.539,52.032,102.571,1440,1,1220,11ec/1216,0,1210,11ec,1120,0,0,0,1
pass=A;cert=ec;rtt=50;model=bernoulli;p=0.0;dir=both,95,full,X25519MLKEM768:X25519,15,50.475,52.289,102.763,1440,1,1220,11ec/1216,0,1210,11ec,1120,0,0,0,1
pass=A;cert=ec;rtt=50;model=bernoulli;p=0.0;dir=both,96,full,X25519MLKEM768:X25519,15,50.487,52.023,102.509,1440,1,1220,11ec/1216,0,1210,11ec,1120,0,0,0,1
pass=A;cert=ec;rtt=50;model=bernoulli;p=0.0;dir=both,97,full,X25519MLKEM768:X25519,15,50.432,52.091,102.523,1440,1,1220,11ec/1216,0,1210,11ec,1120,0,0,0,1
pass=A;cert=ec;rtt=50;model=bernoulli;p=0.0;dir=both,98,full,X25519MLKEM768:X25519,15,50.366,52.167,102.533,1440,1,1220,11ec/1216,0,1210,11ec,1120,0,0,0,1
pass=A;cert=ec;rtt=50;model=bernoulli;p=0.0;dir=both,99,full,X25519MLKEM768:X25519,15,50.467,52.295,102.762,1440,1,1220,11ec/1216,0,1210,11ec,1120,0,0,0,1
pass=A;cert=ec;rtt=50;model=bernoulli;p=0.0;dir=both,100,full,X25519MLKEM768:X25519,15,50.437,51.763,102.201,1440,1,1220,11ec/1216,0,1210,11ec,1120,0,0,0,1
pass=A;cert=ec;rtt=50;model=bernoulli;p=0.0;dir=both,101,full,X25519MLKEM768:X25519,15,50.470,51.903,102.373,1440,1,1220,11ec/1216,0,1210,11ec,1120,0,0,0,1
pass=A;cert=ec;rtt=50;model=bernoulli;p=0.0;dir=both,102,full,X25519MLKEM768:X25519,15,50.301,52.257,102.557,1440,1,1220,11ec/1216,0,1210,11ec,1120,0,0,0,1
pass=A;cert=ec;rtt=50;model=bernoulli;p=0.0;dir=both,103,full,X25519MLKEM768:X25519,15,50.393,51.797,102.191,1440,1,1220,11ec/1216,0,1210,11ec,1120,0,0,0,1
pass=A;cert=ec;rtt=50;model=bernoulli;p=0.0;dir=both,104,full,X25519MLKEM768:X25519,15,50.411,51.884,102.295,1440,1,1220,11ec/1216,0,1210,11ec,1120,0,0,0,1
pass=A;cert=ec;rtt=50;model=bernoulli;p=0.0;dir=both,105,full,X25519MLKEM768:X25519,15,51.645,52.053,103.698,1440,1,1220,11ec/1216,0,1210,11ec,1120,0,0,0,1
pass=A;cert=ec;rtt=50;model=bernoulli;p=0.0;dir=both,106,full,X25519MLKEM768:X25519,15,50.576,51.889,102.464,1440,1,1220,11ec/1216,0,1210,11ec,1120,0,0,0,1
pass=A;cert=ec;rtt=50;model=bernoulli;p=0.0;dir=both,107,full,X25519MLKEM768:X25519,15,50.492,52.257,102.750,1440,1,1220,11ec/1216,0,1210,11ec,1120,0,0,0,1
pass=A;cert=ec;rtt=50;model=bernoulli;p=0.0;dir=both,108,full,X25519MLKEM768:X25519,15,50.496,51.740,102.236,1440,1,1220,11ec/1216,0,1210,11ec,1120,0,0,0,1
pass=A;cert=ec;rtt=50;model=bernoulli;p=0.0;dir=both,109,full,X25519MLKEM768:X25519,15,50.499,51.751,102.250,1440,1,1220,11ec/1216,0,1210,11ec,1120,0,0,0,1
pass=A;cert=ec;rtt=50;model=bernoulli;p=0.0;dir=both,110,full,X25519MLKEM768:X25519,15,50.459,52.150,102.609,1440,1,1220,11ec/1216,0,1210,11ec,1120,0,0,0,1
pass=A;cert=ec;rtt=50;model=bernoulli;p=0.0;dir=both,111,full,X25519MLKEM768:X25519,15,50.520,52.424,102.943,1440,1,1220,11ec/1216,0,1210,11ec,1120,0,0,0,1
pass=A;cert=ec;rtt=50;model=bernoulli;p=0.0;dir=both,112,full,X25519MLKEM768:X25519,15,50.534,52.253,102.787,1440,1,1220,11ec/1216,0,1210,11ec,1120,0,0,0,1
pass=A;cert=ec;rtt=50;model=bernoulli;p=0.0;dir=both,113,full,X25519MLKEM768:X25519,15,50.522,52.849,103.371,1440,1,1220,11ec/1216,0,1210,11ec,1120,0,0,0,1
pass=A;cert=ec;rtt=50;model=bernoulli;p=0.0;dir=both,114,full,X25519MLKEM768:X25519,15,50.463,52.393,102.856,1440,1,1220,11ec/1216,0,1210,11ec,1120,0,0,0,1
pass=A;cert=ec;rtt=50;model=bernoulli;p=0.0;dir=both,115,full,X25519MLKEM768:X25519,15,50.462,52.442,102.905,1440,1,1220,11ec/1216,0,1210,11ec,1120,0,0,0,1
pass=A;cert=ec;rtt=50;model=bernoulli;p=0.0;dir=both,116,full,X25519MLKEM768:X25519,15,50.619,52.563,103.182,1440,1,1220,11ec/1216,0,1210,11ec,1120,0,0,0,1
pass=A;cert=ec;rtt=50;model=bernoulli;p=0.0;dir=both,117,full,X25519MLKEM768:X25519,15,50.602,52.582,103.184,1440,1,1220,11ec/1216,0,1210,11ec,1120,0,0,0,1
pass=A;cert=ec;rtt=50;model=bernoulli;p=0.0;dir=both,118,full,X25519MLKEM768:X25519,15,50.436,52.253,102.690,1440,1,1220,11ec/1216,0,1210,11ec,1120,0,0,0,1
pass=A;cert=ec;rtt=50;model=bernoulli;p=0.0;dir=both,119,full,X25519MLKEM768:X25519,15,50.663,52.526,103.189,1440,1,1220,11ec/1216,0,1210,11ec,1120,0,0,0,1
pass=A;cert=ec;rtt=50;model=bernoulli;p=0.0;dir=both,120,full,X25519MLKEM768:X25519,15,50.645,52.762,103.407,1440,1,1220,11ec/1216,0,1210,11ec,1120,0,0,0,1
pass=A;cert=ec;rtt=50;model=bernoulli;p=0.0;dir=both,121,full,X25519MLKEM768:X25519,15,50.371,53.321,103.693,1440,1,1220,11ec/1216,0,1210,11ec,1120,0,0,0,1
pass=A;cert=ec;rtt=50;model=bernoulli;p=0.0;dir=both,122,full,X25519MLKEM768:X25519,15,50.390,52.913,103.303,1440,1,1220,11ec/1216,0,1210,11ec,1120,0,0,0,1
pass=A;cert=ec;rtt=50;model=bernoulli;p=0.0;dir=both,123,full,X25519MLKEM768:X25519,15,50.572,51.981,102.553,1440,1,1220,11ec/1216,0,1210,11ec,1120,0,0,0,1
pass=A;cert=ec;rtt=50;model=bernoulli;p=0.0;dir=both,124,full,X25519MLKEM768:X25519,15,50.422,52.042,102.463,1440,1,1220,11ec/1216,0,1210,11ec,1120,0,0,0,1
pass=A;cert=ec;rtt=50;model=bernoulli;p=0.0;dir=both,125,full,X25519MLKEM768:X25519,15,50.379,52.099,102.477,1440,1,1220,11ec/1216,0,1210,11ec,1120,0,0,0,1
pass=A;cert=ec;rtt=50;model=bernoulli;p=0.0;dir=both,126,full,X25519MLKEM768:X25519,15,51.055,53.010,104.065,1440,1,1220,11ec/1216,0,1210,11ec,1120,0,0,0,1
pass=A;cert=ec;rtt=50;model=bernoulli;p=0.0;dir=both,127,full,X25519MLKEM768:X25519,15,50.575,52.461,103.036,1440,1,1220,11ec/1216,0,1210,11ec,1120,0,0,0,1
pass=A;cert=ec;rtt=50;model=bernoulli;p=0.0;dir=both,128,full,X25519MLKEM768:X25519,15,50.531,52.127,102.658,1440,1,1220,11ec/1216,0,1210,11ec,1120,0,0,0,1
pass=A;cert=ec;rtt=50;model=bernoulli;p=0.0;dir=both,129,full,X25519MLKEM768:X25519,15,50.382,51.789,102.172,1440,1,1220,11ec/1216,0,1210,11ec,1120,0,0,0,1
pass=A;cert=ec;rtt=50;model=bernoulli;p=0.0;dir=both,130,full,X25519MLKEM768:X25519,15,50.438,51.868,102.306,1440,1,1220,11ec/1216,0,1210,11ec,1120,0,0,0,1
pass=A;cert=ec;rtt=50;model=bernoulli;p=0.0;dir=both,131,full,X25519MLKEM768:X25519,15,50.491,51.994,102.485,1440,1,1220,11ec/1216,0,1210,11ec,1120,0,0,0,1
pass=A;cert=ec;rtt=50;model=bernoulli;p=0.0;dir=both,132,full,X25519MLKEM768:X25519,15,50.420,51.919,102.340,1440,1,1220,11ec/1216,0,1210,11ec,1120,0,0,0,1
pass=A;cert=ec;rtt=50;model=bernoulli;p=0.0;dir=both,133,full,X25519MLKEM768:X25519,15,51.590,52.847,104.437,1440,1,1220,11ec/1216,0,1210,11ec,1120,0,0,0,1
pass=A;cert=ec;rtt=50;model=bernoulli;p=0.0;dir=both,134,full,X25519MLKEM768:X25519,15,50.638,53.032,103.670,1440,1,1220,11ec/1216,0,1210,11ec,1120,0,0,0,1
pass=A;cert=ec;rtt=50;model=bernoulli;p=0.0;dir=both,135,full,X25519MLKEM768:X25519,15,50.510,52.470,102.979,1440,1,1220,11ec/1216,0,1210,11ec,1120,0,0,0,1
pass=A;cert=ec;rtt=50;model=bernoulli;p=0.0;dir=both,136,full,X25519MLKEM768:X25519,15,50.524,52.569,103.093,1440,1,1220,11ec/1216,0,1210,11ec,1120,0,0,0,1
pass=A;cert=ec;rtt=50;model=bernoulli;p=0.0;dir=both,137,full,X25519MLKEM768:X25519,15,50.637,52.246,102.883,1440,1,1220,11ec/1216,0,1210,11ec,1120,0,0,0,1
pass=A;cert=ec;rtt=50;model=bernoulli;p=0.0;dir=both,138,full,X25519MLKEM768:X25519,15,50.537,52.662,103.199,1440,1,1220,11ec/1216,0,1210,11ec,1120,0,0,0,1
pass=A;cert=ec;rtt=50;model=bernoulli;p=0.0;dir=both,139,full,X25519MLKEM768:X25519,15,50.596,52.338,102.934,1440,1,1220,11ec/1216,0,1210,11ec,1120,0,0,0,1
pass=A;cert=ec;rtt=50;model=bernoulli;p=0.0;dir=both,140,full,X25519MLKEM768:X25519,15,50.432,52.086,102.518,1440,1,1220,11ec/1216,0,1210,11ec,1120,0,0,0,1
pass=A;cert=ec;rtt=50;model=bernoulli;p=0.0;dir=both,141,full,X25519MLKEM768:X25519,15,50.577,52.280,102.857,1440,1,1220,11ec/1216,0,1210,11ec,1120,0,0,0,1
pass=A;cert=ec;rtt=50;model=bernoulli;p=0.0;dir=both,142,full,X25519MLKEM768:X25519,15,50.322,52.906,103.228,1440,1,1220,11ec/1216,0,1210,11ec,1120,0,0,0,1
pass=A;cert=ec;rtt=50;model=bernoulli;p=0.0;dir=both,143,full,X25519MLKEM768:X25519,15,50.786,51.835,102.622,1440,1,1220,11ec/1216,0,1210,11ec,1120,0,0,0,1
pass=A;cert=ec;rtt=50;model=bernoulli;p=0.0;dir=both,144,full,X25519MLKEM768:X25519,15,50.544,51.843,102.386,1440,1,1220,11ec/1216,0,1210,11ec,1120,0,0,0,1
pass=A;cert=ec;rtt=50;model=bernoulli;p=0.0;dir=both,145,full,X25519MLKEM768:X25519,15,50.377,53.365,103.743,1440,1,1220,11ec/1216,0,1210,11ec,1120,0,0,0,1
pass=A;cert=ec;rtt=50;model=bernoulli;p=0.0;dir=both,146,full,X25519MLKEM768:X25519,15,50.546,52.292,102.838,1440,1,1220,11ec/1216,0,1210,11ec,1120,0,0,0,1
pass=A;cert=ec;rtt=50;model=bernoulli;p=0.0;dir=both,147,full,X25519MLKEM768:X25519,15,50.860,53.046,103.906,1440,1,1220,11ec/1216,0,1210,11ec,1120,0,0,0,1
pass=A;cert=ec;rtt=50;model=bernoulli;p=0.0;dir=both,148,full,X25519MLKEM768:X25519,15,50.278,51.771,102.049,1440,1,1220,11ec/1216,0,1210,11ec,1120,0,0,0,1
pass=A;cert=ec;rtt=50;model=bernoulli;p=0.0;dir=both,149,full,X25519MLKEM768:X25519,15,50.523,51.940,102.464,1440,1,1220,11ec/1216,0,1210,11ec,1120,0,0,0,1
pass=A;cert=ec;rtt=50;model=bernoulli;p=0.0;dir=both,0,full,default,15,50.444,52.661,103.105,1488,2,1256,11ec/1216;001d/32,0,1210,11ec,1120,0,0,0,1
pass=A;cert=ec;rtt=50;model=bernoulli;p=0.0;dir=both,1,full,default,15,50.412,52.495,102.907,1488,2,1256,11ec/1216;001d/32,0,1210,11ec,1120,0,0,0,1
pass=A;cert=ec;rtt=50;model=bernoulli;p=0.0;dir=both,2,full,default,15,50.453,52.856,103.309,1488,2,1256,11ec/1216;001d/32,0,1210,11ec,1120,0,0,0,1
pass=A;cert=ec;rtt=50;model=bernoulli;p=0.0;dir=both,3,full,default,15,50.451,53.032,103.483,1488,2,1256,11ec/1216;001d/32,0,1210,11ec,1120,0,0,0,1
pass=A;cert=ec;rtt=50;model=bernoulli;p=0.0;dir=both,4,full,default,15,52.334,53.685,106.019,1488,2,1256,11ec/1216;001d/32,0,1210,11ec,1120,0,0,0,1
pass=A;cert=ec;rtt=50;model=bernoulli;p=0.0;dir=both,5,full,default,15,50.500,51.797,102.298,1488,2,1256,11ec/1216;001d/32,0,1210,11ec,1120,0,0,0,1
pass=A;cert=ec;rtt=50;model=bernoulli;p=0.0;dir=both,6,full,default,15,50.635,53.465,104.101,1488,2,1256,11ec/1216;001d/32,0,1210,11ec,1120,0,0,0,1
pass=A;cert=ec;rtt=50;model=bernoulli;p=0.0;dir=both,7,full,default,15,50.649,53.185,103.834,1488,2,1256,11ec/1216;001d/32,0,1210,11ec,1120,0,0,0,1
pass=A;cert=ec;rtt=50;model=bernoulli;p=0.0;dir=both,8,full,default,15,50.530,52.729,103.258,1488,2,1256,11ec/1216;001d/32,0,1210,11ec,1120,0,0,0,1
pass=A;cert=ec;rtt=50;model=bernoulli;p=0.0;dir=both,9,full,default,15,50.564,52.681,103.245,1488,2,1256,11ec/1216;001d/32,0,1210,11ec,1120,0,0,0,1
pass=A;cert=ec;rtt=50;model=bernoulli;p=0.0;dir=both,10,full,default,15,50.699,52.483,103.182,1488,2,1256,11ec/1216;001d/32,0,1210,11ec,1120,0,0,0,1
pass=A;cert=ec;rtt=50;model=bernoulli;p=0.0;dir=both,11,full,default,15,50.525,58.136,108.661,1488,2,1256,11ec/1216;001d/32,0,1210,11ec,1120,0,0,0,1
pass=A;cert=ec;rtt=50;model=bernoulli;p=0.0;dir=both,12,full,default,15,50.581,52.446,103.027,1488,2,1256,11ec/1216;001d/32,0,1210,11ec,1120,0,0,0,1
pass=A;cert=ec;rtt=50;model=bernoulli;p=0.0;dir=both,13,full,default,15,50.449,52.359,102.807,1488,2,1256,11ec/1216;001d/32,0,1210,11ec,1120,0,0,0,1
pass=A;cert=ec;rtt=50;model=bernoulli;p=0.0;dir=both,14,full,default,15,50.402,52.338,102.740,1488,2,1256,11ec/1216;001d/32,0,1210,11ec,1120,0,0,0,1
pass=A;cert=ec;rtt=50;model=bernoulli;p=0.0;dir=both,15,full,default,15,51.058,52.443,103.501,1488,2,1256,11ec/1216;001d/32,0,1210,11ec,1120,0,0,0,1
pass=A;cert=ec;rtt=50;model=bernoulli;p=0.0;dir=both,16,full,default,15,50.679,52.699,103.378,1488,2,1256,11ec/1216;001d/32,0,1210,11ec,1120,0,0,0,1
pass=A;cert=ec;rtt=50;model=bernoulli;p=0.0;dir=both,17,full,default,15,50.535,52.948,103.482,1488,2,1256,11ec/1216;001d/32,0,1210,11ec,1120,0,0,0,1
pass=A;cert=ec;rtt=50;model=bernoulli;p=0.0;dir=both,18,full,default,15,50.510,52.504,103.015,1488,2,1256,11ec/1216;001d/32,0,1210,11ec,1120,0,0,0,1
pass=A;cert=ec;rtt=50;model=bernoulli;p=0.0;dir=both,19,full,default,15,50.468,52.084,102.552,1488,2,1256,11ec/1216;001d/32,0,1210,11ec,1120,0,0,0,1
pass=A;cert=ec;rtt=50;model=bernoulli;p=0.0;dir=both,20,full,default,15,50.403,51.755,102.159,1488,2,1256,11ec/1216;001d/32,0,1210,11ec,1120,0,0,0,1
pass=A;cert=ec;rtt=50;model=bernoulli;p=0.0;dir=both,21,full,default,15,50.487,52.174,102.661,1488,2,1256,11ec/1216;001d/32,0,1210,11ec,1120,0,0,0,1
pass=A;cert=ec;rtt=50;model=bernoulli;p=0.0;dir=both,22,full,default,15,50.873,51.811,102.684,1488,2,1256,11ec/1216;001d/32,0,1210,11ec,1120,0,0,0,1
pass=A;cert=ec;rtt=50;model=bernoulli;p=0.0;dir=both,23,full,default,15,50.491,53.228,103.719,1488,2,1256,11ec/1216;001d/32,0,1210,11ec,1120,0,0,0,1
pass=A;cert=ec;rtt=50;model=bernoulli;p=0.0;dir=both,24,full,default,15,50.459,52.318,102.778,1488,2,1256,11ec/1216;001d/32,0,1210,11ec,1120,0,0,0,1
pass=A;cert=ec;rtt=50;model=bernoulli;p=0.0;dir=both,25,full,default,15,50.507,52.401,102.908,1488,2,1256,11ec/1216;001d/32,0,1210,11ec,1120,0,0,0,1
pass=A;cert=ec;rtt=50;model=bernoulli;p=0.0;dir=both,26,full,default,15,50.505,52.359,102.864,1488,2,1256,11ec/1216;001d/32,0,1210,11ec,1120,0,0,0,1
pass=A;cert=ec;rtt=50;model=bernoulli;p=0.0;dir=both,27,full,default,15,50.542,52.890,103.432,1488,2,1256,11ec/1216;001d/32,0,1210,11ec,1120,0,0,0,1
pass=A;cert=ec;rtt=50;model=bernoulli;p=0.0;dir=both,28,full,default,15,50.711,52.240,102.951,1488,2,1256,11ec/1216;001d/32,0,1210,11ec,1120,0,0,0,1
pass=A;cert=ec;rtt=50;model=bernoulli;p=0.0;dir=both,29,full,default,15,50.524,52.703,103.226,1488,2,1256,11ec/1216;001d/32,0,1210,11ec,1120,0,0,0,1
pass=A;cert=ec;rtt=50;model=bernoulli;p=0.0;dir=both,30,full,default,15,52.502,52.276,104.777,1488,2,1256,11ec/1216;001d/32,0,1210,11ec,1120,0,0,0,1
pass=A;cert=ec;rtt=50;model=bernoulli;p=0.0;dir=both,31,full,default,15,50.570,55.546,106.116,1488,2,1256,11ec/1216;001d/32,0,1210,11ec,1120,0,0,0,1
pass=A;cert=ec;rtt=50;model=bernoulli;p=0.0;dir=both,32,full,default,15,51.749,52.081,103.830,1488,2,1256,11ec/1216;001d/32,0,1210,11ec,1120,0,0,0,1
pass=A;cert=ec;rtt=50;model=bernoulli;p=0.0;dir=both,33,full,default,15,50.483,52.290,102.774,1488,2,1256,11ec/1216;001d/32,0,1210,11ec,1120,0,0,0,1
pass=A;cert=ec;rtt=50;model=bernoulli;p=0.0;dir=both,34,full,default,15,50.489,52.021,102.509,1488,2,1256,11ec/1216;001d/32,0,1210,11ec,1120,0,0,0,1
pass=A;cert=ec;rtt=50;model=bernoulli;p=0.0;dir=both,35,full,default,15,50.478,52.135,102.612,1488,2,1256,11ec/1216;001d/32,0,1210,11ec,1120,0,0,0,1
pass=A;cert=ec;rtt=50;model=bernoulli;p=0.0;dir=both,36,full,default,15,50.414,51.865,102.279,1488,2,1256,11ec/1216;001d/32,0,1210,11ec,1120,0,0,0,1
pass=A;cert=ec;rtt=50;model=bernoulli;p=0.0;dir=both,37,full,default,15,50.470,52.900,103.371,1488,2,1256,11ec/1216;001d/32,0,1210,11ec,1120,0,0,0,1
pass=A;cert=ec;rtt=50;model=bernoulli;p=0.0;dir=both,38,full,default,15,50.487,52.158,102.644,1488,2,1256,11ec/1216;001d/32,0,1210,11ec,1120,0,0,0,1
pass=A;cert=ec;rtt=50;model=bernoulli;p=0.0;dir=both,39,full,default,15,50.376,52.045,102.421,1488,2,1256,11ec/1216;001d/32,0,1210,11ec,1120,0,0,0,1
pass=A;cert=ec;rtt=50;model=bernoulli;p=0.0;dir=both,40,full,default,15,50.531,51.889,102.420,1488,2,1256,11ec/1216;001d/32,0,1210,11ec,1120,0,0,0,1
pass=A;cert=ec;rtt=50;model=bernoulli;p=0.0;dir=both,41,full,default,15,50.501,54.706,105.207,1488,2,1256,11ec/1216;001d/32,0,1210,11ec,1120,0,0,0,1
pass=A;cert=ec;rtt=50;model=bernoulli;p=0.0;dir=both,42,full,default,15,50.400,51.864,102.264,1488,2,1256,11ec/1216;001d/32,0,1210,11ec,1120,0,0,0,1
pass=A;cert=ec;rtt=50;model=bernoulli;p=0.0;dir=both,43,full,default,15,50.480,52.068,102.548,1488,2,1256,11ec/1216;001d/32,0,1210,11ec,1120,0,0,0,1
pass=A;cert=ec;rtt=50;model=bernoulli;p=0.0;dir=both,44,full,default,15,50.418,51.790,102.209,1488,2,1256,11ec/1216;001d/32,0,1210,11ec,1120,0,0,0,1
pass=A;cert=ec;rtt=50;model=bernoulli;p=0.0;dir=both,45,full,default,15,50.376,51.872,102.248,1488,2,1256,11ec/1216;001d/32,0,1210,11ec,1120,0,0,0,1
pass=A;cert=ec;rtt=50;model=bernoulli;p=0.0;dir=both,46,full,default,15,50.386,51.831,102.217,1488,2,1256,11ec/1216;001d/32,0,1210,11ec,1120,0,0,0,1
pass=A;cert=ec;rtt=50;model=bernoulli;p=0.0;dir=both,47,full,default,15,50.450,51.764,102.214,1488,2,1256,11ec/1216;001d/32,0,1210,11ec,1120,0,0,0,1
pass=A;cert=ec;rtt=50;model=bernoulli;p=0.0;dir=both,48,full,default,15,50.443,51.820,102.263,1488,2,1256,11ec/1216;001d/32,0,1210,11ec,1120,0,0,0,1
pass=A;cert=ec;rtt=50;model=bernoulli;p=0.0;dir=both,49,full,default,15,50.649,52.070,102.719,1488,2,1256,11ec/1216;001d/32,0,1210,11ec,1120,0,0,0,1
pass=A;cert=ec;rtt=50;model=bernoulli;p=0.0;dir=both,50,full,default,15,50.450,51.866,102.317,1488,2,1256,11ec/1216;001d/32,0,1210,11ec,1120,0,0,0,1
pass=A;cert=ec;rtt=50;model=bernoulli;p=0.0;dir=both,51,full,default,15,50.381,51.944,102.325,1488,2,1256,11ec/1216;001d/32,0,1210,11ec,1120,0,0,0,1
pass=A;cert=ec;rtt=50;model=bernoulli;p=0.0;dir=both,52,full,default,15,50.447,52.200,102.647,1488,2,1256,11ec/1216;001d/32,0,1210,11ec,1120,0,0,0,1
pass=A;cert=ec;rtt=50;model=bernoulli;p=0.0;dir=both,53,full,default,15,50.474,52.426,102.900,1488,2,1256,11ec/1216;001d/32,0,1210,11ec,1120,0,0,0,1
pass=A;cert=ec;rtt=50;model=bernoulli;p=0.0;dir=both,54,full,default,15,50.571,51.872,102.444,1488,2,1256,11ec/1216;001d/32,0,1210,11ec,1120,0,0,0,1
pass=A;cert=ec;rtt=50;model=bernoulli;p=0.0;dir=both,55,full,default,15,50.464,52.479,102.942,1488,2,1256,11ec/1216;001d/32,0,1210,11ec,1120,0,0,0,1
pass=A;cert=ec;rtt=50;model=bernoulli;p=0.0;dir=both,56,full,default,15,50.386,51.773,102.159,1488,2,1256,11ec/1216;001d/32,0,1210,11ec,1120,0,0,0,1
pass=A;cert=ec;rtt=50;model=bernoulli;p=0.0;dir=both,57,full,default,15,50.361,52.787,103.148,1488,2,1256,11ec/1216;001d/32,0,1210,11ec,1120,0,0,0,1
pass=A;cert=ec;rtt=50;model=bernoulli;p=0.0;dir=both,58,full,default,15,50.415,51.754,102.169,1488,2,1256,11ec/1216;001d/32,0,1210,11ec,1120,0,0,0,1
pass=A;cert=ec;rtt=50;model=bernoulli;p=0.0;dir=both,59,full,default,15,50.405,51.690,102.095,1488,2,1256,11ec/1216;001d/32,0,1210,11ec,1120,0,0,0,1
pass=A;cert=ec;rtt=50;model=bernoulli;p=0.0;dir=both,60,full,default,15,50.490,51.831,102.321,1488,2,1256,11ec/1216;001d/32,0,1210,11ec,1120,0,0,0,1
pass=A;cert=ec;rtt=50;model=bernoulli;p=0.0;dir=both,61,full,default,15,50.496,51.953,102.450,1488,2,1256,11ec/1216;001d/32,0,1210,11ec,1120,0,0,0,1
pass=A;cert=ec;rtt=50;model=bernoulli;p=0.0;dir=both,62,full,default,15,50.386,51.790,102.177,1488,2,1256,11ec/1216;001d/32,0,1210,11ec,1120,0,0,0,1
pass=A;cert=ec;rtt=50;model=bernoulli;p=0.0;dir=both,63,full,default,15,50.430,51.742,102.171,1488,2,1256,11ec/1216;001d/32,0,1210,11ec,1120,0,0,0,1
pass=A;cert=ec;rtt=50;model=bernoulli;p=0.0;dir=both,64,full,default,15,50.460,51.884,102.344,1488,2,1256,11ec/1216;001d/32,0,1210,11ec,1120,0,0,0,1
pass=A;cert=ec;rtt=50;model=bernoulli;p=0.0;dir=both,65,full,default,15,50.408,51.754,102.162,1488,2,1256,11ec/1216;001d/32,0,1210,11ec,1120,0,0,0,1
pass=A;cert=ec;rtt=50;model=bernoulli;p=0.0;dir=both,66,full,default,15,50.558,51.862,102.421,1488,2,1256,11ec/1216;001d/32,0,1210,11ec,1120,0,0,0,1
pass=A;cert=ec;rtt=50;model=bernoulli;p=0.0;dir=both,67,full,default,15,50.392,51.974,102.367,1488,2,1256,11ec/1216;001d/32,0,1210,11ec,1120,0,0,0,1
pass=A;cert=ec;rtt=50;model=bernoulli;p=0.0;dir=both,68,full,default,15,50.403,52.376,102.780,1488,2,1256,11ec/1216;001d/32,0,1210,11ec,1120,0,0,0,1
pass=A;cert=ec;rtt=50;model=bernoulli;p=0.0;dir=both,69,full,default,15,50.588,51.782,102.370,1488,2,1256,11ec/1216;001d/32,0,1210,11ec,1120,0,0,0,1
pass=A;cert=ec;rtt=50;model=bernoulli;p=0.0;dir=both,70,full,default,15,50.502,51.781,102.283,1488,2,1256,11ec/1216;001d/32,0,1210,11ec,1120,0,0,0,1
pass=A;cert=ec;rtt=50;model=bernoulli;p=0.0;dir=both,71,full,default,15,50.459,52.227,102.686,1488,2,1256,11ec/1216;001d/32,0,1210,11ec,1120,0,0,0,1
pass=A;cert=ec;rtt=50;model=bernoulli;p=0.0;dir=both,72,full,default,15,50.520,51.991,102.512,1488,2,1256,11ec/1216;001d/32,0,1210,11ec,1120,0,0,0,1
pass=A;cert=ec;rtt=50;model=bernoulli;p=0.0;dir=both,73,full,default,15,50.381,52.142,102.523,1488,2,1256,11ec/1216;001d/32,0,1210,11ec,1120,0,0,0,1
pass=A;cert=ec;rtt=50;model=bernoulli;p=0.0;dir=both,74,full,default,15,50.503,52.493,102.995,1488,2,1256,11ec/1216;001d/32,0,1210,11ec,1120,0,0,0,1
pass=A;cert=ec;rtt=50;model=bernoulli;p=0.0;dir=both,75,full,default,15,50.425,52.153,102.577,1488,2,1256,11ec/1216;001d/32,0,1210,11ec,1120,0,0,0,1
pass=A;cert=ec;rtt=50;model=bernoulli;p=0.0;dir=both,76,full,default,15,50.392,51.844,102.236,1488,2,1256,11ec/1216;001d/32,0,1210,11ec,1120,0,0,0,1
pass=A;cert=ec;rtt=50;model=bernoulli;p=0.0;dir=both,77,full,default,15,50.412,51.658,102.070,1488,2,1256,11ec/1216;001d/32,0,1210,11ec,1120,0,0,0,1
pass=A;cert=ec;rtt=50;model=bernoulli;p=0.0;dir=both,78,full,default,15,50.443,52.103,102.546,1488,2,1256,11ec/1216;001d/32,0,1210,11ec,1120,0,0,0,1
pass=A;cert=ec;rtt=50;model=bernoulli;p=0.0;dir=both,79,full,default,15,50.520,51.995,102.515,1488,2,1256,11ec/1216;001d/32,0,1210,11ec,1120,0,0,0,1
pass=A;cert=ec;rtt=50;model=bernoulli;p=0.0;dir=both,80,full,default,15,50.446,51.821,102.268,1488,2,1256,11ec/1216;001d/32,0,1210,11ec,1120,0,0,0,1
pass=A;cert=ec;rtt=50;model=bernoulli;p=0.0;dir=both,81,full,default,15,50.535,51.687,102.222,1488,2,1256,11ec/1216;001d/32,0,1210,11ec,1120,0,0,0,1
pass=A;cert=ec;rtt=50;model=bernoulli;p=0.0;dir=both,82,full,default,15,50.448,52.346,102.795,1488,2,1256,11ec/1216;001d/32,0,1210,11ec,1120,0,0,0,1
pass=A;cert=ec;rtt=50;model=bernoulli;p=0.0;dir=both,83,full,default,15,50.503,51.902,102.406,1488,2,1256,11ec/1216;001d/32,0,1210,11ec,1120,0,0,0,1
pass=A;cert=ec;rtt=50;model=bernoulli;p=0.0;dir=both,84,full,default,15,50.390,51.860,102.250,1488,2,1256,11ec/1216;001d/32,0,1210,11ec,1120,0,0,0,1
pass=A;cert=ec;rtt=50;model=bernoulli;p=0.0;dir=both,85,full,default,15,50.415,51.777,102.192,1488,2,1256,11ec/1216;001d/32,0,1210,11ec,1120,0,0,0,1
pass=A;cert=ec;rtt=50;model=bernoulli;p=0.0;dir=both,86,full,default,15,50.390,52.816,103.206,1488,2,1256,11ec/1216;001d/32,0,1210,11ec,1120,0,0,0,1
pass=A;cert=ec;rtt=50;model=bernoulli;p=0.0;dir=both,87,full,default,15,50.450,51.863,102.313,1488,2,1256,11ec/1216;001d/32,0,1210,11ec,1120,0,0,0,1
pass=A;cert=ec;rtt=50;model=bernoulli;p=0.0;dir=both,88,full,default,15,50.929,51.684,102.612,1488,2,1256,11ec/1216;001d/32,0,1210,11ec,1120,0,0,0,1
pass=A;cert=ec;rtt=50;model=bernoulli;p=0.0;dir=both,89,full,default,15,50.465,51.862,102.327,1488,2,1256,11ec/1216;001d/32,0,1210,11ec,1120,0,0,0,1
pass=A;cert=ec;rtt=50;model=bernoulli;p=0.0;dir=both,90,full,default,15,50.409,51.927,102.336,1488,2,1256,11ec/1216;001d/32,0,1210,11ec,1120,0,0,0,1
pass=A;cert=ec;rtt=50;model=bernoulli;p=0.0;dir=both,91,full,default,15,50.451,52.038,102.488,1488,2,1256,11ec/1216;001d/32,0,1210,11ec,1120,0,0,0,1
pass=A;cert=ec;rtt=50;model=bernoulli;p=0.0;dir=both,92,full,default,15,50.480,51.886,102.366,1488,2,1256,11ec/1216;001d/32,0,1210,11ec,1120,0,0,0,1
pass=A;cert=ec;rtt=50;model=bernoulli;p=0.0;dir=both,93,full,default,15,50.397,51.727,102.123,1488,2,1256,11ec/1216;001d/32,0,1210,11ec,1120,0,0,0,1
pass=A;cert=ec;rtt=50;model=bernoulli;p=0.0;dir=both,94,full,default,15,50.390,52.170,102.560,1488,2,1256,11ec/1216;001d/32,0,1210,11ec,1120,0,0,0,1
pass=A;cert=ec;rtt=50;model=bernoulli;p=0.0;dir=both,95,full,default,15,50.432,52.446,102.878,1488,2,1256,11ec/1216;001d/32,0,1210,11ec,1120,0,0,0,1
pass=A;cert=ec;rtt=50;model=bernoulli;p=0.0;dir=both,96,full,default,15,50.746,51.815,102.561,1488,2,1256,11ec/1216;001d/32,0,1210,11ec,1120,0,0,0,1
pass=A;cert=ec;rtt=50;model=bernoulli;p=0.0;dir=both,97,full,default,15,50.390,51.803,102.193,1488,2,1256,11ec/1216;001d/32,0,1210,11ec,1120,0,0,0,1
pass=A;cert=ec;rtt=50;model=bernoulli;p=0.0;dir=both,98,full,default,15,50.413,51.926,102.339,1488,2,1256,11ec/1216;001d/32,0,1210,11ec,1120,0,0,0,1
pass=A;cert=ec;rtt=50;model=bernoulli;p=0.0;dir=both,99,full,default,15,50.415,51.778,102.193,1488,2,1256,11ec/1216;001d/32,0,1210,11ec,1120,0,0,0,1
pass=A;cert=ec;rtt=50;model=bernoulli;p=0.0;dir=both,100,full,default,15,50.421,51.774,102.194,1488,2,1256,11ec/1216;001d/32,0,1210,11ec,1120,0,0,0,1
pass=A;cert=ec;rtt=50;model=bernoulli;p=0.0;dir=both,101,full,default,15,50.543,51.745,102.288,1488,2,1256,11ec/1216;001d/32,0,1210,11ec,1120,0,0,0,1
pass=A;cert=ec;rtt=50;model=bernoulli;p=0.0;dir=both,102,full,default,15,50.399,51.852,102.251,1488,2,1256,11ec/1216;001d/32,0,1210,11ec,1120,0,0,0,1
pass=A;cert=ec;rtt=50;model=bernoulli;p=0.0;dir=both,103,full,default,15,50.432,51.698,102.130,1488,2,1256,11ec/1216;001d/32,0,1210,11ec,1120,0,0,0,1
pass=A;cert=ec;rtt=50;model=bernoulli;p=0.0;dir=both,104,full,default,15,50.393,51.851,102.243,1488,2,1256,11ec/1216;001d/32,0,1210,11ec,1120,0,0,0,1
pass=A;cert=ec;rtt=50;model=bernoulli;p=0.0;dir=both,105,full,default,15,50.432,51.934,102.366,1488,2,1256,11ec/1216;001d/32,0,1210,11ec,1120,0,0,0,1
pass=A;cert=ec;rtt=50;model=bernoulli;p=0.0;dir=both,106,full,default,15,50.500,51.840,102.340,1488,2,1256,11ec/1216;001d/32,0,1210,11ec,1120,0,0,0,1
pass=A;cert=ec;rtt=50;model=bernoulli;p=0.0;dir=both,107,full,default,15,50.431,51.748,102.179,1488,2,1256,11ec/1216;001d/32,0,1210,11ec,1120,0,0,0,1
pass=A;cert=ec;rtt=50;model=bernoulli;p=0.0;dir=both,108,full,default,15,50.331,51.841,102.172,1488,2,1256,11ec/1216;001d/32,0,1210,11ec,1120,0,0,0,1
pass=A;cert=ec;rtt=50;model=bernoulli;p=0.0;dir=both,109,full,default,15,50.475,52.198,102.673,1488,2,1256,11ec/1216;001d/32,0,1210,11ec,1120,0,0,0,1
pass=A;cert=ec;rtt=50;model=bernoulli;p=0.0;dir=both,110,full,default,15,50.514,52.269,102.784,1488,2,1256,11ec/1216;001d/32,0,1210,11ec,1120,0,0,0,1
pass=A;cert=ec;rtt=50;model=bernoulli;p=0.0;dir=both,111,full,default,15,50.632,51.975,102.606,1488,2,1256,11ec/1216;001d/32,0,1210,11ec,1120,0,0,0,1
pass=A;cert=ec;rtt=50;model=bernoulli;p=0.0;dir=both,112,full,default,15,50.471,51.942,102.414,1488,2,1256,11ec/1216;001d/32,0,1210,11ec,1120,0,0,0,1
pass=A;cert=ec;rtt=50;model=bernoulli;p=0.0;dir=both,113,full,default,15,50.412,51.990,102.402,1488,2,1256,11ec/1216;001d/32,0,1210,11ec,1120,0,0,0,1
pass=A;cert=ec;rtt=50;model=bernoulli;p=0.0;dir=both,114,full,default,15,50.485,52.200,102.684,1488,2,1256,11ec/1216;001d/32,0,1210,11ec,1120,0,0,0,1
pass=A;cert=ec;rtt=50;model=bernoulli;p=0.0;dir=both,115,full,default,15,50.430,51.840,102.269,1488,2,1256,11ec/1216;001d/32,0,1210,11ec,1120,0,0,0,1
pass=A;cert=ec;rtt=50;model=bernoulli;p=0.0;dir=both,116,full,default,15,50.356,52.306,102.663,1488,2,1256,11ec/1216;001d/32,0,1210,11ec,1120,0,0,0,1
pass=A;cert=ec;rtt=50;model=bernoulli;p=0.0;dir=both,117,full,default,15,50.481,52.149,102.630,1488,2,1256,11ec/1216;001d/32,0,1210,11ec,1120,0,0,0,1
pass=A;cert=ec;rtt=50;model=bernoulli;p=0.0;dir=both,118,full,default,15,50.225,52.119,102.344,1488,2,1256,11ec/1216;001d/32,0,1210,11ec,1120,0,0,0,1
pass=A;cert=ec;rtt=50;model=bernoulli;p=0.0;dir=both,119,full,default,15,50.444,52.097,102.541,1488,2,1256,11ec/1216;001d/32,0,1210,11ec,1120,0,0,0,1
pass=A;cert=ec;rtt=50;model=bernoulli;p=0.0;dir=both,120,full,default,15,50.343,51.720,102.063,1488,2,1256,11ec/1216;001d/32,0,1210,11ec,1120,0,0,0,1
pass=A;cert=ec;rtt=50;model=bernoulli;p=0.0;dir=both,121,full,default,15,50.417,52.290,102.707,1488,2,1256,11ec/1216;001d/32,0,1210,11ec,1120,0,0,0,1
pass=A;cert=ec;rtt=50;model=bernoulli;p=0.0;dir=both,122,full,default,15,50.540,52.179,102.720,1488,2,1256,11ec/1216;001d/32,0,1210,11ec,1120,0,0,0,1
pass=A;cert=ec;rtt=50;model=bernoulli;p=0.0;dir=both,123,full,default,15,50.454,51.996,102.451,1488,2,1256,11ec/1216;001d/32,0,1210,11ec,1120,0,0,0,1
pass=A;cert=ec;rtt=50;model=bernoulli;p=0.0;dir=both,124,full,default,15,50.421,51.785,102.206,1488,2,1256,11ec/1216;001d/32,0,1210,11ec,1120,0,0,0,1
pass=A;cert=ec;rtt=50;model=bernoulli;p=0.0;dir=both,125,full,default,15,50.440,52.031,102.470,1488,2,1256,11ec/1216;001d/32,0,1210,11ec,1120,0,0,0,1
pass=A;cert=ec;rtt=50;model=bernoulli;p=0.0;dir=both,126,full,default,15,50.457,52.201,102.658,1488,2,1256,11ec/1216;001d/32,0,1210,11ec,1120,0,0,0,1
pass=A;cert=ec;rtt=50;model=bernoulli;p=0.0;dir=both,127,full,default,15,50.530,58.465,108.995,1488,2,1256,11ec/1216;001d/32,0,1210,11ec,1120,0,0,0,1
pass=A;cert=ec;rtt=50;model=bernoulli;p=0.0;dir=both,128,full,default,15,50.421,51.658,102.079,1488,2,1256,11ec/1216;001d/32,0,1210,11ec,1120,0,0,0,1
pass=A;cert=ec;rtt=50;model=bernoulli;p=0.0;dir=both,129,full,default,15,50.484,51.639,102.123,1488,2,1256,11ec/1216;001d/32,0,1210,11ec,1120,0,0,0,1
pass=A;cert=ec;rtt=50;model=bernoulli;p=0.0;dir=both,130,full,default,15,50.429,52.222,102.652,1488,2,1256,11ec/1216;001d/32,0,1210,11ec,1120,0,0,0,1
pass=A;cert=ec;rtt=50;model=bernoulli;p=0.0;dir=both,131,full,default,15,50.481,52.270,102.751,1488,2,1256,11ec/1216;001d/32,0,1210,11ec,1120,0,0,0,1
pass=A;cert=ec;rtt=50;model=bernoulli;p=0.0;dir=both,132,full,default,15,50.507,52.219,102.726,1488,2,1256,11ec/1216;001d/32,0,1210,11ec,1120,0,0,0,1
pass=A;cert=ec;rtt=50;model=bernoulli;p=0.0;dir=both,133,full,default,15,50.365,51.691,102.056,1488,2,1256,11ec/1216;001d/32,0,1210,11ec,1120,0,0,0,1
pass=A;cert=ec;rtt=50;model=bernoulli;p=0.0;dir=both,134,full,default,15,50.446,51.844,102.290,1488,2,1256,11ec/1216;001d/32,0,1210,11ec,1120,0,0,0,1
pass=A;cert=ec;rtt=50;model=bernoulli;p=0.0;dir=both,135,full,default,15,50.335,52.335,102.670,1488,2,1256,11ec/1216;001d/32,0,1210,11ec,1120,0,0,0,1
pass=A;cert=ec;rtt=50;model=bernoulli;p=0.0;dir=both,136,full,default,15,50.581,52.192,102.774,1488,2,1256,11ec/1216;001d/32,0,1210,11ec,1120,0,0,0,1
pass=A;cert=ec;rtt=50;model=bernoulli;p=0.0;dir=both,137,full,default,15,50.443,51.740,102.183,1488,2,1256,11ec/1216;001d/32,0,1210,11ec,1120,0,0,0,1
pass=A;cert=ec;rtt=50;model=bernoulli;p=0.0;dir=both,138,full,default,15,50.363,51.779,102.142,1488,2,1256,11ec/1216;001d/32,0,1210,11ec,1120,0,0,0,1
pass=A;cert=ec;rtt=50;model=bernoulli;p=0.0;dir=both,139,full,default,15,50.499,52.050,102.549,1488,2,1256,11ec/1216;001d/32,0,1210,11ec,1120,0,0,0,1
pass=A;cert=ec;rtt=50;model=bernoulli;p=0.0;dir=both,140,full,default,15,50.780,51.847,102.628,1488,2,1256,11ec/1216;001d/32,0,1210,11ec,1120,0,0,0,1
pass=A;cert=ec;rtt=50;model=bernoulli;p=0.0;dir=both,141,full,default,15,50.425,51.578,102.004,1488,2,1256,11ec/1216;001d/32,0,1210,11ec,1120,0,0,0,1
pass=A;cert=ec;rtt=50;model=bernoulli;p=0.0;dir=both,142,full,default,15,50.426,51.775,102.201,1488,2,1256,11ec/1216;001d/32,0,1210,11ec,1120,0,0,0,1
pass=A;cert=ec;rtt=50;model=bernoulli;p=0.0;dir=both,143,full,default,15,50.502,52.311,102.813,1488,2,1256,11ec/1216;001d/32,0,1210,11ec,1120,0,0,0,1
pass=A;cert=ec;rtt=50;model=bernoulli;p=0.0;dir=both,144,full,default,15,50.404,52.345,102.748,1488,2,1256,11ec/1216;001d/32,0,1210,11ec,1120,0,0,0,1
pass=A;cert=ec;rtt=50;model=bernoulli;p=0.0;dir=both,145,full,default,15,50.480,51.748,102.228,1488,2,1256,11ec/1216;001d/32,0,1210,11ec,1120,0,0,0,1
pass=A;cert=ec;rtt=50;model=bernoulli;p=0.0;dir=both,146,full,default,15,50.384,51.706,102.090,1488,2,1256,11ec/1216;001d/32,0,1210,11ec,1120,0,0,0,1
pass=A;cert=ec;rtt=50;model=bernoulli;p=0.0;dir=both,147,full,default,15,51.283,52.164,103.446,1488,2,1256,11ec/1216;001d/32,0,1210,11ec,1120,0,0,0,1
pass=A;cert=ec;rtt=50;model=bernoulli;p=0.0;dir=both,148,full,default,15,50.466,52.367,102.833,1488,2,1256,11ec/1216;001d/32,0,1210,11ec,1120,0,0,0,1
pass=A;cert=ec;rtt=50;model=bernoulli;p=0.0;dir=both,149,full,default,15,50.393,52.135,102.528,1488,2,1256,11ec/1216;001d/32,0,1210,11ec,1120,0,0,0,1
pass=A;cert=ec;rtt=50;model=bernoulli;p=0.01;dir=both,0,full,X25519,15,50.640,52.205,102.845,254,1,36,001d/32,0,122,001d,32,0,0,0,1
pass=A;cert=ec;rtt=50;model=bernoulli;p=0.01;dir=both,1,full,X25519,15,50.472,51.544,102.017,254,1,36,001d/32,0,122,001d,32,0,0,0,1
pass=A;cert=ec;rtt=50;model=bernoulli;p=0.01;dir=both,2,full,X25519,15,50.495,51.953,102.448,254,1,36,001d/32,0,122,001d,32,0,0,0,1
pass=A;cert=ec;rtt=50;model=bernoulli;p=0.01;dir=both,3,full,X25519,15,50.394,51.487,101.881,254,1,36,001d/32,0,122,001d,32,0,0,0,1
pass=A;cert=ec;rtt=50;model=bernoulli;p=0.01;dir=both,4,full,X25519,15,50.440,51.551,101.991,254,1,36,001d/32,0,122,001d,32,0,0,0,1
pass=A;cert=ec;rtt=50;model=bernoulli;p=0.01;dir=both,5,full,X25519,15,50.470,51.628,102.097,254,1,36,001d/32,0,122,001d,32,0,0,0,1
pass=A;cert=ec;rtt=50;model=bernoulli;p=0.01;dir=both,6,full,X25519,15,50.338,51.489,101.827,254,1,36,001d/32,0,122,001d,32,0,0,0,1
pass=A;cert=ec;rtt=50;model=bernoulli;p=0.01;dir=both,7,full,X25519,15,1066.443,51.514,1117.957,254,1,36,001d/32,0,122,001d,32,0,0,1,1
pass=A;cert=ec;rtt=50;model=bernoulli;p=0.01;dir=both,8,full,X25519,15,50.419,51.844,102.264,254,1,36,001d/32,0,122,001d,32,0,0,0,1
pass=A;cert=ec;rtt=50;model=bernoulli;p=0.01;dir=both,9,full,X25519,15,50.526,51.487,102.013,254,1,36,001d/32,0,122,001d,32,0,0,0,1
pass=A;cert=ec;rtt=50;model=bernoulli;p=0.01;dir=both,10,full,X25519,15,50.387,51.856,102.243,254,1,36,001d/32,0,122,001d,32,0,0,0,1
pass=A;cert=ec;rtt=50;model=bernoulli;p=0.01;dir=both,11,full,X25519,15,50.463,51.412,101.875,254,1,36,001d/32,0,122,001d,32,0,0,0,1
pass=A;cert=ec;rtt=50;model=bernoulli;p=0.01;dir=both,12,full,X25519,15,50.550,51.842,102.393,254,1,36,001d/32,0,122,001d,32,0,0,0,1
pass=A;cert=ec;rtt=50;model=bernoulli;p=0.01;dir=both,13,full,X25519,15,50.381,51.509,101.891,254,1,36,001d/32,0,122,001d,32,0,0,0,1
pass=A;cert=ec;rtt=50;model=bernoulli;p=0.01;dir=both,14,full,X25519,15,50.423,51.601,102.024,254,1,36,001d/32,0,122,001d,32,0,0,0,1
pass=A;cert=ec;rtt=50;model=bernoulli;p=0.01;dir=both,15,full,X25519,15,50.391,51.475,101.865,254,1,36,001d/32,0,122,001d,32,0,0,0,1
pass=A;cert=ec;rtt=50;model=bernoulli;p=0.01;dir=both,16,full,X25519,15,50.415,51.494,101.909,254,1,36,001d/32,0,122,001d,32,0,0,0,1
pass=A;cert=ec;rtt=50;model=bernoulli;p=0.01;dir=both,17,full,X25519,15,1051.556,51.469,1103.025,254,1,36,001d/32,0,122,001d,32,0,0,1,1
pass=A;cert=ec;rtt=50;model=bernoulli;p=0.01;dir=both,18,full,X25519,15,50.421,51.467,101.887,254,1,36,001d/32,0,122,001d,32,0,0,0,1
pass=A;cert=ec;rtt=50;model=bernoulli;p=0.01;dir=both,19,full,X25519,15,50.406,51.508,101.914,254,1,36,001d/32,0,122,001d,32,0,0,0,1
pass=A;cert=ec;rtt=50;model=bernoulli;p=0.01;dir=both,20,full,X25519,15,50.442,51.812,102.254,254,1,36,001d/32,0,122,001d,32,0,0,0,1
pass=A;cert=ec;rtt=50;model=bernoulli;p=0.01;dir=both,21,full,X25519,15,50.523,51.616,102.139,254,1,36,001d/32,0,122,001d,32,0,0,0,1
pass=A;cert=ec;rtt=50;model=bernoulli;p=0.01;dir=both,22,full,X25519,15,50.512,51.517,102.029,254,1,36,001d/32,0,122,001d,32,0,0,0,1
pass=A;cert=ec;rtt=50;model=bernoulli;p=0.01;dir=both,23,full,X25519,15,50.598,51.815,102.413,254,1,36,001d/32,0,122,001d,32,0,0,0,1
pass=A;cert=ec;rtt=50;model=bernoulli;p=0.01;dir=both,24,full,X25519,15,50.551,51.709,102.261,254,1,36,001d/32,0,122,001d,32,0,0,0,1
pass=A;cert=ec;rtt=50;model=bernoulli;p=0.01;dir=both,25,full,X25519,15,50.459,51.509,101.969,254,1,36,001d/32,0,122,001d,32,0,0,0,1
pass=A;cert=ec;rtt=50;model=bernoulli;p=0.01;dir=both,26,full,X25519,15,50.467,51.404,101.871,254,1,36,001d/32,0,122,001d,32,0,0,0,1
pass=A;cert=ec;rtt=50;model=bernoulli;p=0.01;dir=both,27,full,X25519,15,50.442,322.658,373.100,254,1,36,001d/32,0,122,001d,32,0,0,0,1
pass=A;cert=ec;rtt=50;model=bernoulli;p=0.01;dir=both,28,full,X25519,15,50.549,51.528,102.077,254,1,36,001d/32,0,122,001d,32,0,0,0,1
pass=A;cert=ec;rtt=50;model=bernoulli;p=0.01;dir=both,29,full,X25519,15,50.524,51.642,102.166,254,1,36,001d/32,0,122,001d,32,0,0,0,1
pass=A;cert=ec;rtt=50;model=bernoulli;p=0.01;dir=both,30,full,X25519,15,50.446,51.504,101.950,254,1,36,001d/32,0,122,001d,32,0,0,0,1
pass=A;cert=ec;rtt=50;model=bernoulli;p=0.01;dir=both,31,full,X25519,15,50.362,51.972,102.334,254,1,36,001d/32,0,122,001d,32,0,0,0,1
pass=A;cert=ec;rtt=50;model=bernoulli;p=0.01;dir=both,32,full,X25519,15,50.438,51.612,102.050,254,1,36,001d/32,0,122,001d,32,0,0,0,1
pass=A;cert=ec;rtt=50;model=bernoulli;p=0.01;dir=both,33,full,X25519,15,50.455,51.500,101.955,254,1,36,001d/32,0,122,001d,32,0,0,0,1
pass=A;cert=ec;rtt=50;model=bernoulli;p=0.01;dir=both,34,full,X25519,15,50.522,51.859,102.381,254,1,36,001d/32,0,122,001d,32,0,0,0,1
pass=A;cert=ec;rtt=50;model=bernoulli;p=0.01;dir=both,35,full,X25519,15,50.515,52.074,102.589,254,1,36,001d/32,0,122,001d,32,0,0,0,1
pass=A;cert=ec;rtt=50;model=bernoulli;p=0.01;dir=both,36,full,X25519,15,50.449,51.959,102.407,254,1,36,001d/32,0,122,001d,32,0,0,0,1
pass=A;cert=ec;rtt=50;model=bernoulli;p=0.01;dir=both,37,full,X25519,15,50.498,51.456,101.954,254,1,36,001d/32,0,122,001d,32,0,0,0,1
pass=A;cert=ec;rtt=50;model=bernoulli;p=0.01;dir=both,38,full,X25519,15,50.481,51.487,101.968,254,1,36,001d/32,0,122,001d,32,0,0,0,1
pass=A;cert=ec;rtt=50;model=bernoulli;p=0.01;dir=both,39,full,X25519,15,50.473,51.542,102.015,254,1,36,001d/32,0,122,001d,32,0,0,0,1
pass=A;cert=ec;rtt=50;model=bernoulli;p=0.01;dir=both,40,full,X25519,15,50.501,51.678,102.179,254,1,36,001d/32,0,122,001d,32,0,0,0,1
pass=A;cert=ec;rtt=50;model=bernoulli;p=0.01;dir=both,41,full,X25519,15,50.551,51.824,102.374,254,1,36,001d/32,0,122,001d,32,0,0,0,1
pass=A;cert=ec;rtt=50;model=bernoulli;p=0.01;dir=both,42,full,X25519,15,50.473,52.508,102.981,254,1,36,001d/32,0,122,001d,32,0,0,0,1
pass=A;cert=ec;rtt=50;model=bernoulli;p=0.01;dir=both,43,full,X25519,15,50.501,51.751,102.252,254,1,36,001d/32,0,122,001d,32,0,0,0,1
pass=A;cert=ec;rtt=50;model=bernoulli;p=0.01;dir=both,44,full,X25519,15,50.424,51.481,101.905,254,1,36,001d/32,0,122,001d,32,0,0,0,1
pass=A;cert=ec;rtt=50;model=bernoulli;p=0.01;dir=both,45,full,X25519,15,50.482,51.778,102.260,254,1,36,001d/32,0,122,001d,32,0,0,0,1
pass=A;cert=ec;rtt=50;model=bernoulli;p=0.01;dir=both,46,full,X25519,15,50.459,51.685,102.144,254,1,36,001d/32,0,122,001d,32,0,0,0,1
pass=A;cert=ec;rtt=50;model=bernoulli;p=0.01;dir=both,47,full,X25519,15,50.487,51.687,102.174,254,1,36,001d/32,0,122,001d,32,0,0,0,1
pass=A;cert=ec;rtt=50;model=bernoulli;p=0.01;dir=both,48,full,X25519,15,50.364,51.391,101.755,254,1,36,001d/32,0,122,001d,32,0,0,0,1
pass=A;cert=ec;rtt=50;model=bernoulli;p=0.01;dir=both,49,full,X25519,15,50.436,51.634,102.070,254,1,36,001d/32,0,122,001d,32,0,0,0,1
pass=A;cert=ec;rtt=50;model=bernoulli;p=0.01;dir=both,50,full,X25519,15,50.377,51.670,102.048,254,1,36,001d/32,0,122,001d,32,0,0,0,1
pass=A;cert=ec;rtt=50;model=bernoulli;p=0.01;dir=both,51,full,X25519,15,50.391,52.013,102.404,254,1,36,001d/32,0,122,001d,32,0,0,0,1
pass=A;cert=ec;rtt=50;model=bernoulli;p=0.01;dir=both,52,full,X25519,15,50.460,51.860,102.319,254,1,36,001d/32,0,122,001d,32,0,0,0,1
pass=A;cert=ec;rtt=50;model=bernoulli;p=0.01;dir=both,53,full,X25519,15,50.379,51.458,101.838,254,1,36,001d/32,0,122,001d,32,0,0,0,1
pass=A;cert=ec;rtt=50;model=bernoulli;p=0.01;dir=both,54,full,X25519,15,50.510,59.004,109.514,254,1,36,001d/32,0,122,001d,32,0,0,0,1
pass=A;cert=ec;rtt=50;model=bernoulli;p=0.01;dir=both,55,full,X25519,15,50.462,51.605,102.068,254,1,36,001d/32,0,122,001d,32,0,0,0,1
pass=A;cert=ec;rtt=50;model=bernoulli;p=0.01;dir=both,56,full,X25519,15,50.423,51.432,101.855,254,1,36,001d/32,0,122,001d,32,0,0,0,1
pass=A;cert=ec;rtt=50;model=bernoulli;p=0.01;dir=both,57,full,X25519,15,50.505,51.622,102.127,254,1,36,001d/32,0,122,001d,32,0,0,0,1
pass=A;cert=ec;rtt=50;model=bernoulli;p=0.01;dir=both,58,full,X25519,15,50.502,52.297,102.799,254,1,36,001d/32,0,122,001d,32,0,0,0,1
pass=A;cert=ec;rtt=50;model=bernoulli;p=0.01;dir=both,59,full,X25519,15,50.437,51.594,102.030,254,1,36,001d/32,0,122,001d,32,0,0,0,1
pass=A;cert=ec;rtt=50;model=bernoulli;p=0.01;dir=both,60,full,X25519,15,50.415,51.408,101.823,254,1,36,001d/32,0,122,001d,32,0,0,0,1
pass=A;cert=ec;rtt=50;model=bernoulli;p=0.01;dir=both,61,full,X25519,15,50.618,51.447,102.065,254,1,36,001d/32,0,122,001d,32,0,0,0,1
pass=A;cert=ec;rtt=50;model=bernoulli;p=0.01;dir=both,62,full,X25519,15,50.536,51.527,102.064,254,1,36,001d/32,0,122,001d,32,0,0,0,1
pass=A;cert=ec;rtt=50;model=bernoulli;p=0.01;dir=both,63,full,X25519,15,50.451,51.733,102.184,254,1,36,001d/32,0,122,001d,32,0,0,0,1
pass=A;cert=ec;rtt=50;model=bernoulli;p=0.01;dir=both,64,full,X25519,15,50.452,317.816,368.267,254,1,36,001d/32,0,122,001d,32,0,0,1,1
pass=A;cert=ec;rtt=50;model=bernoulli;p=0.01;dir=both,65,full,X25519,15,50.349,51.764,102.112,254,1,36,001d/32,0,122,001d,32,0,0,0,1
pass=A;cert=ec;rtt=50;model=bernoulli;p=0.01;dir=both,66,full,X25519,15,50.393,51.535,101.929,254,1,36,001d/32,0,122,001d,32,0,0,0,1
pass=A;cert=ec;rtt=50;model=bernoulli;p=0.01;dir=both,67,full,X25519,15,50.486,51.883,102.369,254,1,36,001d/32,0,122,001d,32,0,0,0,1
pass=A;cert=ec;rtt=50;model=bernoulli;p=0.01;dir=both,68,full,X25519,15,50.413,51.492,101.905,254,1,36,001d/32,0,122,001d,32,0,0,0,1
pass=A;cert=ec;rtt=50;model=bernoulli;p=0.01;dir=both,69,full,X25519,15,50.434,51.845,102.279,254,1,36,001d/32,0,122,001d,32,0,0,0,1
pass=A;cert=ec;rtt=50;model=bernoulli;p=0.01;dir=both,70,full,X25519,15,50.465,51.830,102.295,254,1,36,001d/32,0,122,001d,32,0,0,0,1
pass=A;cert=ec;rtt=50;model=bernoulli;p=0.01;dir=both,71,full,X25519,15,50.480,51.783,102.263,254,1,36,001d/32,0,122,001d,32,0,0,0,1
pass=A;cert=ec;rtt=50;model=bernoulli;p=0.01;dir=both,72,full,X25519,15,50.403,51.768,102.171,254,1,36,001d/32,0,122,001d,32,0,0,0,1
pass=A;cert=ec;rtt=50;model=bernoulli;p=0.01;dir=both,73,full,X25519,15,50.439,51.653,102.092,254,1,36,001d/32,0,122,001d,32,0,0,0,1
pass=A;cert=ec;rtt=50;model=bernoulli;p=0.01;dir=both,74,full,X25519,15,50.374,51.568,101.941,254,1,36,001d/32,0,122,001d,32,0,0,0,1
pass=A;cert=ec;rtt=50;model=bernoulli;p=0.01;dir=both,75,full,X25519,15,50.424,51.530,101.953,254,1,36,001d/32,0,122,001d,32,0,0,0,1
pass=A;cert=ec;rtt=50;model=bernoulli;p=0.01;dir=both,76,full,X25519,15,50.429,51.558,101.987,254,1,36,001d/32,0,122,001d,32,0,0,0,1
pass=A;cert=ec;rtt=50;model=bernoulli;p=0.01;dir=both,77,full,X25519,15,50.499,51.556,102.054,254,1,36,001d/32,0,122,001d,32,0,0,0,1
pass=A;cert=ec;rtt=50;model=bernoulli;p=0.01;dir=both,78,full,X25519,15,50.422,51.893,102.315,254,1,36,001d/32,0,122,001d,32,0,0,0,1
pass=A;cert=ec;rtt=50;model=bernoulli;p=0.01;dir=both,79,full,X25519,15,50.416,52.949,103.365,254,1,36,001d/32,0,122,001d,32,0,0,0,1
pass=A;cert=ec;rtt=50;model=bernoulli;p=0.01;dir=both,80,full,X25519,15,50.437,51.558,101.996,254,1,36,001d/32,0,122,001d,32,0,0,0,1
pass=A;cert=ec;rtt=50;model=bernoulli;p=0.01;dir=both,81,full,X25519,15,51.512,51.777,103.290,254,1,36,001d/32,0,122,001d,32,0,0,0,1
pass=A;cert=ec;rtt=50;model=bernoulli;p=0.01;dir=both,82,full,X25519,15,50.397,51.562,101.959,254,1,36,001d/32,0,122,001d,32,0,0,0,1
pass=A;cert=ec;rtt=50;model=bernoulli;p=0.01;dir=both,83,full,X25519,15,50.399,51.502,101.902,254,1,36,001d/32,0,122,001d,32,0,0,0,1
pass=A;cert=ec;rtt=50;model=bernoulli;p=0.01;dir=both,84,full,X25519,15,50.471,51.801,102.273,254,1,36,001d/32,0,122,001d,32,0,0,0,1
pass=A;cert=ec;rtt=50;model=bernoulli;p=0.01;dir=both,85,full,X25519,15,50.375,51.634,102.009,254,1,36,001d/32,0,122,001d,32,0,0,0,1
pass=A;cert=ec;rtt=50;model=bernoulli;p=0.01;dir=both,86,full,X25519,15,50.370,51.647,102.016,254,1,36,001d/32,0,122,001d,32,0,0,0,1
pass=A;cert=ec;rtt=50;model=bernoulli;p=0.01;dir=both,87,full,X25519,15,50.418,51.395,101.814,254,1,36,001d/32,0,122,001d,32,0,0,0,1
pass=A;cert=ec;rtt=50;model=bernoulli;p=0.01;dir=both,88,full,X25519,15,50.442,322.263,372.705,254,1,36,001d/32,0,122,001d,32,0,0,0,1
pass=A;cert=ec;rtt=50;model=bernoulli;p=0.01;dir=both,89,full,X25519,15,50.450,51.472,101.922,254,1,36,001d/32,0,122,001d,32,0,0,0,1
pass=A;cert=ec;rtt=50;model=bernoulli;p=0.01;dir=both,90,full,X25519,15,50.530,51.491,102.021,254,1,36,001d/32,0,122,001d,32,0,0,0,1
pass=A;cert=ec;rtt=50;model=bernoulli;p=0.01;dir=both,91,full,X25519,15,50.464,51.461,101.925,254,1,36,001d/32,0,122,001d,32,0,0,0,1
pass=A;cert=ec;rtt=50;model=bernoulli;p=0.01;dir=both,92,full,X25519,15,50.497,51.592,102.089,254,1,36,001d/32,0,122,001d,32,0,0,0,1
pass=A;cert=ec;rtt=50;model=bernoulli;p=0.01;dir=both,93,full,X25519,15,50.449,51.818,102.267,254,1,36,001d/32,0,122,001d,32,0,0,0,1
pass=A;cert=ec;rtt=50;model=bernoulli;p=0.01;dir=both,94,full,X25519,15,50.354,51.546,101.900,254,1,36,001d/32,0,122,001d,32,0,0,0,1
pass=A;cert=ec;rtt=50;model=bernoulli;p=0.01;dir=both,95,full,X25519,15,50.374,51.460,101.834,254,1,36,001d/32,0,122,001d,32,0,0,0,1
pass=A;cert=ec;rtt=50;model=bernoulli;p=0.01;dir=both,96,full,X25519,15,50.403,51.505,101.908,254,1,36,001d/32,0,122,001d,32,0,0,0,1
pass=A;cert=ec;rtt=50;model=bernoulli;p=0.01;dir=both,97,full,X25519,15,50.477,51.447,101.924,254,1,36,001d/32,0,122,001d,32,0,0,0,1
pass=A;cert=ec;rtt=50;model=bernoulli;p=0.01;dir=both,98,full,X25519,15,50.423,51.603,102.026,254,1,36,001d/32,0,122,001d,32,0,0,0,1
pass=A;cert=ec;rtt=50;model=bernoulli;p=0.01;dir=both,99,full,X25519,15,50.442,51.459,101.901,254,1,36,001d/32,0,122,001d,32,0,0,0,1
pass=A;cert=ec;rtt=50;model=bernoulli;p=0.01;dir=both,100,full,X25519,15,50.310,51.564,101.874,254,1,36,001d/32,0,122,001d,32,0,0,0,1
pass=A;cert=ec;rtt=50;model=bernoulli;p=0.01;dir=both,101,full,X25519,15,50.663,51.486,102.149,254,1,36,001d/32,0,122,001d,32,0,0,0,1
pass=A;cert=ec;rtt=50;model=bernoulli;p=0.01;dir=both,102,full,X25519,15,50.459,51.611,102.069,254,1,36,001d/32,0,122,001d,32,0,0,0,1
pass=A;cert=ec;rtt=50;model=bernoulli;p=0.01;dir=both,103,full,X25519,15,50.480,51.535,102.014,254,1,36,001d/32,0,122,001d,32,0,0,0,1
pass=A;cert=ec;rtt=50;model=bernoulli;p=0.01;dir=both,104,full,X25519,15,50.441,51.572,102.013,254,1,36,001d/32,0,122,001d,32,0,0,0,1
pass=A;cert=ec;rtt=50;model=bernoulli;p=0.01;dir=both,105,full,X25519,15,50.401,51.492,101.893,254,1,36,001d/32,0,122,001d,32,0,0,0,1
pass=A;cert=ec;rtt=50;model=bernoulli;p=0.01;dir=both,106,full,X25519,15,50.383,51.496,101.880,254,1,36,001d/32,0,122,001d,32,0,0,0,1
pass=A;cert=ec;rtt=50;model=bernoulli;p=0.01;dir=both,107,full,X25519,15,50.382,313.176,363.557,254,1,36,001d/32,0,122,001d,32,0,0,1,1
pass=A;cert=ec;rtt=50;model=bernoulli;p=0.01;dir=both,108,full,X25519,15,50.477,51.622,102.099,254,1,36,001d/32,0,122,001d,32,0,0,0,1
pass=A;cert=ec;rtt=50;model=bernoulli;p=0.01;dir=both,109,full,X25519,15,50.500,51.563,102.064,254,1,36,001d/32,0,122,001d,32,0,0,0,1
pass=A;cert=ec;rtt=50;model=bernoulli;p=0.01;dir=both,110,full,X25519,15,50.382,52.620,103.002,254,1,36,001d/32,0,122,001d,32,0,0,0,1
pass=A;cert=ec;rtt=50;model=bernoulli;p=0.01;dir=both,111,full,X25519,15,50.445,52.314,102.759,254,1,36,001d/32,0,122,001d,32,0,0,0,1
pass=A;cert=ec;rtt=50;model=bernoulli;p=0.01;dir=both,112,full,X25519,15,50.338,51.533,101.871,254,1,36,001d/32,0,122,001d,32,0,0,0,1
pass=A;cert=ec;rtt=50;model=bernoulli;p=0.01;dir=both,113,full,X25519,15,53.951,51.668,105.619,254,1,36,001d/32,0,122,001d,32,0,0,0,1
pass=A;cert=ec;rtt=50;model=bernoulli;p=0.01;dir=both,114,full,X25519,15,50.417,51.534,101.952,254,1,36,001d/32,0,122,001d,32,0,0,0,1
pass=A;cert=ec;rtt=50;model=bernoulli;p=0.01;dir=both,115,full,X25519,15,50.349,51.555,101.903,254,1,36,001d/32,0,122,001d,32,0,0,0,1
pass=A;cert=ec;rtt=50;model=bernoulli;p=0.01;dir=both,116,full,X25519,15,50.460,51.521,101.981,254,1,36,001d/32,0,122,001d,32,0,0,0,1
pass=A;cert=ec;rtt=50;model=bernoulli;p=0.01;dir=both,117,full,X25519,15,50.409,51.479,101.888,254,1,36,001d/32,0,122,001d,32,0,0,0,1
pass=A;cert=ec;rtt=50;model=bernoulli;p=0.01;dir=both,118,full,X25519,15,1052.580,51.922,1104.501,254,1,36,001d/32,0,122,001d,32,0,0,1,1
pass=A;cert=ec;rtt=50;model=bernoulli;p=0.01;dir=both,119,full,X25519,15,50.449,314.973,365.422,254,1,36,001d/32,0,122,001d,32,0,0,1,1
pass=A;cert=ec;rtt=50;model=bernoulli;p=0.01;dir=both,120,full,X25519,15,50.528,51.861,102.390,254,1,36,001d/32,0,122,001d,32,0,0,0,1
pass=A;cert=ec;rtt=50;model=bernoulli;p=0.01;dir=both,121,full,X25519,15,50.486,51.825,102.311,254,1,36,001d/32,0,122,001d,32,0,0,0,1
pass=A;cert=ec;rtt=50;model=bernoulli;p=0.01;dir=both,122,full,X25519,15,50.480,51.539,102.018,254,1,36,001d/32,0,122,001d,32,0,0,0,1
pass=A;cert=ec;rtt=50;model=bernoulli;p=0.01;dir=both,123,full,X25519,15,50.794,52.142,102.936,254,1,36,001d/32,0,122,001d,32,0,0,0,1
pass=A;cert=ec;rtt=50;model=bernoulli;p=0.01;dir=both,124,full,X25519,15,50.529,51.992,102.522,254,1,36,001d/32,0,122,001d,32,0,0,0,1
pass=A;cert=ec;rtt=50;model=bernoulli;p=0.01;dir=both,125,full,X25519,15,50.562,51.978,102.540,254,1,36,001d/32,0,122,001d,32,0,0,0,1
pass=A;cert=ec;rtt=50;model=bernoulli;p=0.01;dir=both,126,full,X25519,15,79.571,51.495,131.066,254,1,36,001d/32,0,122,001d,32,0,0,0,1
pass=A;cert=ec;rtt=50;model=bernoulli;p=0.01;dir=both,127,full,X25519,15,50.603,51.494,102.098,254,1,36,001d/32,0,122,001d,32,0,0,0,1
pass=A;cert=ec;rtt=50;model=bernoulli;p=0.01;dir=both,128,full,X25519,15,50.440,52.298,102.738,254,1,36,001d/32,0,122,001d,32,0,0,0,1
pass=A;cert=ec;rtt=50;model=bernoulli;p=0.01;dir=both,129,full,X25519,15,50.439,51.555,101.993,254,1,36,001d/32,0,122,001d,32,0,0,0,1
pass=A;cert=ec;rtt=50;model=bernoulli;p=0.01;dir=both,130,full,X25519,15,50.490,51.595,102.085,254,1,36,001d/32,0,122,001d,32,0,0,0,1
pass=A;cert=ec;rtt=50;model=bernoulli;p=0.01;dir=both,131,full,X25519,15,50.525,51.838,102.363,254,1,36,001d/32,0,122,001d,32,0,0,0,1
pass=A;cert=ec;rtt=50;model=bernoulli;p=0.01;dir=both,132,full,X25519,15,50.375,51.493,101.869,254,1,36,001d/32,0,122,001d,32,0,0,0,1
pass=A;cert=ec;rtt=50;model=bernoulli;p=0.01;dir=both,133,full,X25519,15,51.041,51.988,103.029,254,1,36,001d/32,0,122,001d,32,0,0,0,1
pass=A;cert=ec;rtt=50;model=bernoulli;p=0.01;dir=both,134,full,X25519,15,50.603,51.970,102.573,254,1,36,001d/32,0,122,001d,32,0,0,0,1
pass=A;cert=ec;rtt=50;model=bernoulli;p=0.01;dir=both,135,full,X25519,15,50.441,51.897,102.338,254,1,36,001d/32,0,122,001d,32,0,0,0,1
pass=A;cert=ec;rtt=50;model=bernoulli;p=0.01;dir=both,136,full,X25519,15,50.424,51.956,102.380,254,1,36,001d/32,0,122,001d,32,0,0,0,1
pass=A;cert=ec;rtt=50;model=bernoulli;p=0.01;dir=both,137,full,X25519,15,50.432,51.977,102.410,254,1,36,001d/32,0,122,001d,32,0,0,0,1
pass=A;cert=ec;rtt=50;model=bernoulli;p=0.01;dir=both,138,full,X25519,15,50.431,51.833,102.263,254,1,36,001d/32,0,122,001d,32,0,0,0,1
pass=A;cert=ec;rtt=50;model=bernoulli;p=0.01;dir=both,139,full,X25519,15,50.553,51.987,102.540,254,1,36,001d/32,0,122,001d,32,0,0,0,1
pass=A;cert=ec;rtt=50;model=bernoulli;p=0.01;dir=both,140,full,X25519,15,50.424,51.903,102.327,254,1,36,001d/32,0,122,001d,32,0,0,0,1
pass=A;cert=ec;rtt=50;model=bernoulli;p=0.01;dir=both,141,full,X25519,15,50.511,51.643,102.154,254,1,36,001d/32,0,122,001d,32,0,0,0,1
pass=A;cert=ec;rtt=50;model=bernoulli;p=0.01;dir=both,142,full,X25519,15,50.445,51.514,101.959,254,1,36,001d/32,0,122,001d,32,0,0,0,1
pass=A;cert=ec;rtt=50;model=bernoulli;p=0.01;dir=both,143,full,X25519,15,50.424,51.610,102.035,254,1,36,001d/32,0,122,001d,32,0,0,0,1
pass=A;cert=ec;rtt=50;model=bernoulli;p=0.01;dir=both,144,full,X25519,15,50.442,51.539,101.982,254,1,36,001d/32,0,122,001d,32,0,0,0,1
pass=A;cert=ec;rtt=50;model=bernoulli;p=0.01;dir=both,145,full,X25519,15,50.454,51.498,101.952,254,1,36,001d/32,0,122,001d,32,0,0,0,1
pass=A;cert=ec;rtt=50;model=bernoulli;p=0.01;dir=both,146,full,X25519,15,50.479,51.437,101.917,254,1,36,001d/32,0,122,001d,32,0,0,0,1
pass=A;cert=ec;rtt=50;model=bernoulli;p=0.01;dir=both,147,full,X25519,15,50.432,51.532,101.964,254,1,36,001d/32,0,122,001d,32,0,0,0,1
pass=A;cert=ec;rtt=50;model=bernoulli;p=0.01;dir=both,148,full,X25519,15,50.555,51.884,102.439,254,1,36,001d/32,0,122,001d,32,0,0,0,1
pass=A;cert=ec;rtt=50;model=bernoulli;p=0.01;dir=both,149,full,X25519,15,50.415,51.827,102.242,254,1,36,001d/32,0,122,001d,32,0,0,0,1
pass=A;cert=ec;rtt=50;model=bernoulli;p=0.01;dir=both,0,full,X25519MLKEM768:X25519,15,50.490,52.452,102.942,1440,1,1220,11ec/1216,0,1210,11ec,1120,0,0,0,1
pass=A;cert=ec;rtt=50;model=bernoulli;p=0.01;dir=both,1,full,X25519MLKEM768:X25519,15,50.494,51.987,102.480,1440,1,1220,11ec/1216,0,1210,11ec,1120,0,0,0,1
pass=A;cert=ec;rtt=50;model=bernoulli;p=0.01;dir=both,2,full,X25519MLKEM768:X25519,15,50.443,51.839,102.282,1440,1,1220,11ec/1216,0,1210,11ec,1120,0,0,0,1
pass=A;cert=ec;rtt=50;model=bernoulli;p=0.01;dir=both,3,full,X25519MLKEM768:X25519,15,50.415,52.007,102.422,1440,1,1220,11ec/1216,0,1210,11ec,1120,0,0,0,1
pass=A;cert=ec;rtt=50;model=bernoulli;p=0.01;dir=both,4,full,X25519MLKEM768:X25519,15,50.443,51.817,102.259,1440,1,1220,11ec/1216,0,1210,11ec,1120,0,0,0,1
pass=A;cert=ec;rtt=50;model=bernoulli;p=0.01;dir=both,5,full,X25519MLKEM768:X25519,15,50.432,52.758,103.190,1440,1,1220,11ec/1216,0,1210,11ec,1120,0,0,0,1
pass=A;cert=ec;rtt=50;model=bernoulli;p=0.01;dir=both,6,full,X25519MLKEM768:X25519,15,50.428,51.645,102.073,1440,1,1220,11ec/1216,0,1210,11ec,1120,0,0,0,1
pass=A;cert=ec;rtt=50;model=bernoulli;p=0.01;dir=both,7,full,X25519MLKEM768:X25519,15,50.382,51.795,102.177,1440,1,1220,11ec/1216,0,1210,11ec,1120,0,0,0,1
pass=A;cert=ec;rtt=50;model=bernoulli;p=0.01;dir=both,8,full,X25519MLKEM768:X25519,15,50.457,51.876,102.333,1440,1,1220,11ec/1216,0,1210,11ec,1120,0,0,0,1
pass=A;cert=ec;rtt=50;model=bernoulli;p=0.01;dir=both,9,full,X25519MLKEM768:X25519,15,50.456,52.489,102.946,1440,1,1220,11ec/1216,0,1210,11ec,1120,0,0,0,1
pass=A;cert=ec;rtt=50;model=bernoulli;p=0.01;dir=both,10,full,X25519MLKEM768:X25519,15,50.496,52.228,102.724,1440,1,1220,11ec/1216,0,1210,11ec,1120,0,0,0,1
pass=A;cert=ec;rtt=50;model=bernoulli;p=0.01;dir=both,11,full,X25519MLKEM768:X25519,15,50.440,52.745,103.185,1440,1,1220,11ec/1216,0,1210,11ec,1120,0,0,0,1
pass=A;cert=ec;rtt=50;model=bernoulli;p=0.01;dir=both,12,full,X25519MLKEM768:X25519,15,50.691,53.174,103.866,1440,1,1220,11ec/1216,0,1210,11ec,1120,0,0,0,1
pass=A;cert=ec;rtt=50;model=bernoulli;p=0.01;dir=both,13,full,X25519MLKEM768:X25519,15,50.445,51.752,102.197,1440,1,1220,11ec/1216,0,1210,11ec,1120,0,0,0,1
pass=A;cert=ec;rtt=50;model=bernoulli;p=0.01;dir=both,14,full,X25519MLKEM768:X25519,15,50.414,51.785,102.200,1440,1,1220,11ec/1216,0,1210,11ec,1120,0,0,0,1
pass=A;cert=ec;rtt=50;model=bernoulli;p=0.01;dir=both,15,full,X25519MLKEM768:X25519,15,50.445,51.792,102.237,1440,1,1220,11ec/1216,0,1210,11ec,1120,0,0,0,1
pass=A;cert=ec;rtt=50;model=bernoulli;p=0.01;dir=both,16,full,X25519MLKEM768:X25519,15,50.404,51.638,102.042,1440,1,1220,11ec/1216,0,1210,11ec,1120,0,0,0,1
pass=A;cert=ec;rtt=50;model=bernoulli;p=0.01;dir=both,17,full,X25519MLKEM768:X25519,15,50.379,51.770,102.149,1440,1,1220,11ec/1216,0,1210,11ec,1120,0,0,0,1
pass=A;cert=ec;rtt=50;model=bernoulli;p=0.01;dir=both,18,full,X25519MLKEM768:X25519,15,50.436,51.989,102.425,1440,1,1220,11ec/1216,0,1210,11ec,1120,0,0,0,1
pass=A;cert=ec;rtt=50;model=bernoulli;p=0.01;dir=both,19,full,X25519MLKEM768:X25519,15,50.453,52.508,102.961,1440,1,1220,11ec/1216,0,1210,11ec,1120,0,0,0,1
pass=A;cert=ec;rtt=50;model=bernoulli;p=0.01;dir=both,20,full,X25519MLKEM768:X25519,15,50.256,51.715,101.971,1440,1,1220,11ec/1216,0,1210,11ec,1120,0,0,0,1
pass=A;cert=ec;rtt=50;model=bernoulli;p=0.01;dir=both,21,full,X25519MLKEM768:X25519,15,50.535,51.639,102.174,1440,1,1220,11ec/1216,0,1210,11ec,1120,0,0,0,1
pass=A;cert=ec;rtt=50;model=bernoulli;p=0.01;dir=both,22,full,X25519MLKEM768:X25519,15,50.367,51.590,101.957,1440,1,1220,11ec/1216,0,1210,11ec,1120,0,0,0,1
pass=A;cert=ec;rtt=50;model=bernoulli;p=0.01;dir=both,23,full,X25519MLKEM768:X25519,15,50.438,51.744,102.182,1440,1,1220,11ec/1216,0,1210,11ec,1120,0,0,0,1
pass=A;cert=ec;rtt=50;model=bernoulli;p=0.01;dir=both,24,full,X25519MLKEM768:X25519,15,50.392,51.688,102.080,1440,1,1220,11ec/1216,0,1210,11ec,1120,0,0,0,1
pass=A;cert=ec;rtt=50;model=bernoulli;p=0.01;dir=both,25,full,X25519MLKEM768:X25519,15,50.521,51.756,102.277,1440,1,1220,11ec/1216,0,1210,11ec,1120,0,0,0,1
pass=A;cert=ec;rtt=50;model=bernoulli;p=0.01;dir=both,26,full,X25519MLKEM768:X25519,15,50.263,51.985,102.248,1440,1,1220,11ec/1216,0,1210,11ec,1120,0,0,0,1
pass=A;cert=ec;rtt=50;model=bernoulli;p=0.01;dir=both,27,full,X25519MLKEM768:X25519,15,50.434,51.754,102.188,1440,1,1220,11ec/1216,0,1210,11ec,1120,0,0,0,1
pass=A;cert=ec;rtt=50;model=bernoulli;p=0.01;dir=both,28,full,X25519MLKEM768:X25519,15,50.402,51.832,102.234,1440,1,1220,11ec/1216,0,1210,11ec,1120,0,0,0,1
pass=A;cert=ec;rtt=50;model=bernoulli;p=0.01;dir=both,29,full,X25519MLKEM768:X25519,15,50.462,51.857,102.319,1440,1,1220,11ec/1216,0,1210,11ec,1120,0,0,0,1
pass=A;cert=ec;rtt=50;model=bernoulli;p=0.01;dir=both,30,full,X25519MLKEM768:X25519,15,50.413,51.917,102.330,1440,1,1220,11ec/1216,0,1210,11ec,1120,0,0,0,1
pass=A;cert=ec;rtt=50;model=bernoulli;p=0.01;dir=both,31,full,X25519MLKEM768:X25519,15,50.433,51.656,102.089,1440,1,1220,11ec/1216,0,1210,11ec,1120,0,0,0,1
pass=A;cert=ec;rtt=50;model=bernoulli;p=0.01;dir=both,32,full,X25519MLKEM768:X25519,15,50.465,51.872,102.337,1440,1,1220,11ec/1216,0,1210,11ec,1120,0,0,0,1
pass=A;cert=ec;rtt=50;model=bernoulli;p=0.01;dir=both,33,full,X25519MLKEM768:X25519,15,50.419,51.865,102.284,1440,1,1220,11ec/1216,0,1210,11ec,1120,0,0,0,1
pass=A;cert=ec;rtt=50;model=bernoulli;p=0.01;dir=both,34,full,X25519MLKEM768:X25519,15,50.419,51.704,102.123,1440,1,1220,11ec/1216,0,1210,11ec,1120,0,0,0,1
pass=A;cert=ec;rtt=50;model=bernoulli;p=0.01;dir=both,35,full,X25519MLKEM768:X25519,15,50.432,51.788,102.220,1440,1,1220,11ec/1216,0,1210,11ec,1120,0,0,0,1
pass=A;cert=ec;rtt=50;model=bernoulli;p=0.01;dir=both,36,full,X25519MLKEM768:X25519,15,50.586,51.776,102.362,1440,1,1220,11ec/1216,0,1210,11ec,1120,0,0,0,1
pass=A;cert=ec;rtt=50;model=bernoulli;p=0.01;dir=both,37,full,X25519MLKEM768:X25519,15,50.430,51.884,102.315,1440,1,1220,11ec/1216,0,1210,11ec,1120,0,0,0,1
pass=A;cert=ec;rtt=50;model=bernoulli;p=0.01;dir=both,38,full,X25519MLKEM768:X25519,15,50.390,53.956,104.346,1440,1,1220,11ec/1216,0,1210,11ec,1120,0,0,0,1
pass=A;cert=ec;rtt=50;model=bernoulli;p=0.01;dir=both,39,full,X25519MLKEM768:X25519,15,50.500,51.682,102.182,1440,1,1220,11ec/1216,0,1210,11ec,1120,0,0,0,1
pass=A;cert=ec;rtt=50;model=bernoulli;p=0.01;dir=both,40,full,X25519MLKEM768:X25519,15,50.464,51.670,102.133,1440,1,1220,11ec/1216,0,1210,11ec,1120,0,0,0,1
pass=A;cert=ec;rtt=50;model=bernoulli;p=0.01;dir=both,41,full,X25519MLKEM768:X25519,15,50.427,51.606,102.033,1440,1,1220,11ec/1216,0,1210,11ec,1120,0,0,0,1
pass=A;cert=ec;rtt=50;model=bernoulli;p=0.01;dir=both,42,full,X25519MLKEM768:X25519,15,50.446,51.607,102.053,1440,1,1220,11ec/1216,0,1210,11ec,1120,0,0,0,1
pass=A;cert=ec;rtt=50;model=bernoulli;p=0.01;dir=both,43,full,X25519MLKEM768:X25519,15,50.445,51.731,102.175,1440,1,1220,11ec/1216,0,1210,11ec,1120,0,0,0,1
pass=A;cert=ec;rtt=50;model=bernoulli;p=0.01;dir=both,44,full,X25519MLKEM768:X25519,15,50.396,51.707,102.103,1440,1,1220,11ec/1216,0,1210,11ec,1120,0,0,0,1
pass=A;cert=ec;rtt=50;model=bernoulli;p=0.01;dir=both,45,full,X25519MLKEM768:X25519,15,52.518,51.797,104.315,1440,1,1220,11ec/1216,0,1210,11ec,1120,0,0,0,1
pass=A;cert=ec;rtt=50;model=bernoulli;p=0.01;dir=both,46,full,X25519MLKEM768:X25519,15,50.421,51.650,102.071,1440,1,1220,11ec/1216,0,1210,11ec,1120,0,0,0,1
pass=A;cert=ec;rtt=50;model=bernoulli;p=0.01;dir=both,47,full,X25519MLKEM768:X25519,15,50.393,51.927,102.321,1440,1,1220,11ec/1216,0,1210,11ec,1120,0,0,0,1
pass=A;cert=ec;rtt=50;model=bernoulli;p=0.01;dir=both,48,full,X25519MLKEM768:X25519,15,50.467,51.849,102.316,1440,1,1220,11ec/1216,0,1210,11ec,1120,0,0,0,1
pass=A;cert=ec;rtt=50;model=bernoulli;p=0.01;dir=both,49,full,X25519MLKEM768:X25519,15,50.396,51.725,102.121,1440,1,1220,11ec/1216,0,1210,11ec,1120,0,0,0,1
pass=A;cert=ec;rtt=50;model=bernoulli;p=0.01;dir=both,50,full,X25519MLKEM768:X25519,15,50.473,52.109,102.582,1440,1,1220,11ec/1216,0,1210,11ec,1120,0,0,0,1
pass=A;cert=ec;rtt=50;model=bernoulli;p=0.01;dir=both,51,full,X25519MLKEM768:X25519,15,50.414,51.835,102.248,1440,1,1220,11ec/1216,0,1210,11ec,1120,0,0,0,1
pass=A;cert=ec;rtt=50;model=bernoulli;p=0.01;dir=both,52,full,X25519MLKEM768:X25519,15,50.505,51.909,102.414,1440,1,1220,11ec/1216,0,1210,11ec,1120,0,0,0,1
pass=A;cert=ec;rtt=50;model=bernoulli;p=0.01;dir=both,53,full,X25519MLKEM768:X25519,15,1057.183,384.398,1441.581,1440,1,1220,11ec/1216,0,1210,11ec,1120,0,0,1,1
pass=A;cert=ec;rtt=50;model=bernoulli;p=0.01;dir=both,54,full,X25519MLKEM768:X25519,15,50.443,52.017,102.460,1440,1,1220,11ec/1216,0,1210,11ec,1120,0,0,0,1
pass=A;cert=ec;rtt=50;model=bernoulli;p=0.01;dir=both,55,full,X25519MLKEM768:X25519,15,50.512,51.862,102.374,1440,1,1220,11ec/1216,0,1210,11ec,1120,0,0,0,1
pass=A;cert=ec;rtt=50;model=bernoulli;p=0.01;dir=both,56,full,X25519MLKEM768:X25519,15,50.415,51.597,102.012,1440,1,1220,11ec/1216,0,1210,11ec,1120,0,0,0,1
pass=A;cert=ec;rtt=50;model=bernoulli;p=0.01;dir=both,57,full,X25519MLKEM768:X25519,15,50.431,51.503,101.934,1440,1,1220,11ec/1216,0,1210,11ec,1120,0,0,0,1
pass=A;cert=ec;rtt=50;model=bernoulli;p=0.01;dir=both,58,full,X25519MLKEM768:X25519,15,50.414,51.755,102.168,1440,1,1220,11ec/1216,0,1210,11ec,1120,0,0,0,1
pass=A;cert=ec;rtt=50;model=bernoulli;p=0.01;dir=both,59,full,X25519MLKEM768:X25519,15,50.428,51.884,102.312,1440,1,1220,11ec/1216,0,1210,11ec,1120,0,0,0,1
pass=A;cert=ec;rtt=50;model=bernoulli;p=0.01;dir=both,60,full,X25519MLKEM768:X25519,15,50.436,51.640,102.077,1440,1,1220,11ec/1216,0,1210,11ec,1120,0,0,0,1
pass=A;cert=ec;rtt=50;model=bernoulli;p=0.01;dir=both,61,full,X25519MLKEM768:X25519,15,50.407,51.965,102.372,1440,1,1220,11ec/1216,0,1210,11ec,1120,0,0,0,1
pass=A;cert=ec;rtt=50;model=bernoulli;p=0.01;dir=both,62,full,X25519MLKEM768:X25519,15,50.364,51.661,102.024,1440,1,1220,11ec/1216,0,1210,11ec,1120,0,0,0,1
pass=A;cert=ec;rtt=50;model=bernoulli;p=0.01;dir=both,63,full,X25519MLKEM768:X25519,15,50.430,51.770,102.200,1440,1,1220,11ec/1216,0,1210,11ec,1120,0,0,0,1
pass=A;cert=ec;rtt=50;model=bernoulli;p=0.01;dir=both,64,full,X25519MLKEM768:X25519,15,50.537,52.098,102.635,1440,1,1220,11ec/1216,0,1210,11ec,1120,0,0,0,1
pass=A;cert=ec;rtt=50;model=bernoulli;p=0.01;dir=both,65,full,X25519MLKEM768:X25519,15,50.621,51.791,102.412,1440,1,1220,11ec/1216,0,1210,11ec,1120,0,0,0,1
pass=A;cert=ec;rtt=50;model=bernoulli;p=0.01;dir=both,66,full,X25519MLKEM768:X25519,15,50.405,51.794,102.199,1440,1,1220,11ec/1216,0,1210,11ec,1120,0,0,0,1
pass=A;cert=ec;rtt=50;model=bernoulli;p=0.01;dir=both,67,full,X25519MLKEM768:X25519,15,50.377,51.633,102.010,1440,1,1220,11ec/1216,0,1210,11ec,1120,0,0,0,1
pass=A;cert=ec;rtt=50;model=bernoulli;p=0.01;dir=both,68,full,X25519MLKEM768:X25519,15,50.430,372.071,422.500,1440,1,1220,11ec/1216,0,1210,11ec,1120,0,0,0,1
pass=A;cert=ec;rtt=50;model=bernoulli;p=0.01;dir=both,69,full,X25519MLKEM768:X25519,15,50.388,52.052,102.440,1440,1,1220,11ec/1216,0,1210,11ec,1120,0,0,0,1
pass=A;cert=ec;rtt=50;model=bernoulli;p=0.01;dir=both,70,full,X25519MLKEM768:X25519,15,50.516,51.754,102.269,1440,1,1220,11ec/1216,0,1210,11ec,1120,0,0,0,1
pass=A;cert=ec;rtt=50;model=bernoulli;p=0.01;dir=both,71,full,X25519MLKEM768:X25519,15,50.414,52.188,102.602,1440,1,1220,11ec/1216,0,1210,11ec,1120,0,0,0,1
pass=A;cert=ec;rtt=50;model=bernoulli;p=0.01;dir=both,72,full,X25519MLKEM768:X25519,15,50.293,51.982,102.275,1440,1,1220,11ec/1216,0,1210,11ec,1120,0,0,0,1
pass=A;cert=ec;rtt=50;model=bernoulli;p=0.01;dir=both,73,full,X25519MLKEM768:X25519,15,50.430,333.286,383.716,1440,1,1220,11ec/1216,0,1210,11ec,1120,0,0,1,1
pass=A;cert=ec;rtt=50;model=bernoulli;p=0.01;dir=both,74,full,X25519MLKEM768:X25519,15,50.437,51.763,102.200,1440,1,1220,11ec/1216,0,1210,11ec,1120,0,0,0,1
pass=A;cert=ec;rtt=50;model=bernoulli;p=0.01;dir=both,75,full,X25519MLKEM768:X25519,15,50.463,53.099,103.562,1440,1,1220,11ec/1216,0,1210,11ec,1120,0,0,0,1
pass=A;cert=ec;rtt=50;model=bernoulli;p=0.01;dir=both,76,full,X25519MLKEM768:X25519,15,50.436,52.153,102.589,1440,1,1220,11ec/1216,0,1210,11ec,1120,0,0,0,1
pass=A;cert=ec;rtt=50;model=bernoulli;p=0.01;dir=both,77,full,X25519MLKEM768:X25519,15,50.498,52.245,102.743,1440,1,1220,11ec/1216,0,1210,11ec,1120,0,0,0,1
pass=A;cert=ec;rtt=50;model=bernoulli;p=0.01;dir=both,78,full,X25519MLKEM768:X25519,15,50.529,52.249,102.778,1440,1,1220,11ec/1216,0,1210,11ec,1120,0,0,0,1
pass=A;cert=ec;rtt=50;model=bernoulli;p=0.01;dir=both,79,full,X25519MLKEM768:X25519,15,50.548,51.776,102.324,1440,1,1220,11ec/1216,0,1210,11ec,1120,0,0,0,1
pass=A;cert=ec;rtt=50;model=bernoulli;p=0.01;dir=both,80,full,X25519MLKEM768:X25519,15,50.551,52.063,102.613,1440,1,1220,11ec/1216,0,1210,11ec,1120,0,0,0,1
pass=A;cert=ec;rtt=50;model=bernoulli;p=0.01;dir=both,81,full,X25519MLKEM768:X25519,15,50.423,52.100,102.523,1440,1,1220,11ec/1216,0,1210,11ec,1120,0,0,0,1
pass=A;cert=ec;rtt=50;model=bernoulli;p=0.01;dir=both,82,full,X25519MLKEM768:X25519,15,50.483,52.009,102.493,1440,1,1220,11ec/1216,0,1210,11ec,1120,0,0,0,1
pass=A;cert=ec;rtt=50;model=bernoulli;p=0.01;dir=both,83,full,X25519MLKEM768:X25519,15,50.516,52.182,102.698,1440,1,1220,11ec/1216,0,1210,11ec,1120,0,0,0,1
pass=A;cert=ec;rtt=50;model=bernoulli;p=0.01;dir=both,84,full,X25519MLKEM768:X25519,15,50.508,52.095,102.603,1440,1,1220,11ec/1216,0,1210,11ec,1120,0,0,0,1
pass=A;cert=ec;rtt=50;model=bernoulli;p=0.01;dir=both,85,full,X25519MLKEM768:X25519,15,50.492,51.817,102.308,1440,1,1220,11ec/1216,0,1210,11ec,1120,0,0,0,1
pass=A;cert=ec;rtt=50;model=bernoulli;p=0.01;dir=both,86,full,X25519MLKEM768:X25519,15,50.438,51.637,102.075,1440,1,1220,11ec/1216,0,1210,11ec,1120,0,0,0,1
pass=A;cert=ec;rtt=50;model=bernoulli;p=0.01;dir=both,87,full,X25519MLKEM768:X25519,15,50.482,52.210,102.692,1440,1,1220,11ec/1216,0,1210,11ec,1120,0,0,0,1
pass=A;cert=ec;rtt=50;model=bernoulli;p=0.01;dir=both,88,full,X25519MLKEM768:X25519,15,50.495,54.837,105.332,1440,1,1220,11ec/1216,0,1210,11ec,1120,0,0,0,1
pass=A;cert=ec;rtt=50;model=bernoulli;p=0.01;dir=both,89,full,X25519MLKEM768:X25519,15,50.466,51.806,102.272,1440,1,1220,11ec/1216,0,1210,11ec,1120,0,0,0,1
pass=A;cert=ec;rtt=50;model=bernoulli;p=0.01;dir=both,90,full,X25519MLKEM768:X25519,15,50.478,51.672,102.150,1440,1,1220,11ec/1216,0,1210,11ec,1120,0,0,0,1
pass=A;cert=ec;rtt=50;model=bernoulli;p=0.01;dir=both,91,full,X25519MLKEM768:X25519,15,50.529,52.135,102.664,1440,1,1220,11ec/1216,0,1210,11ec,1120,0,0,0,1
pass=A;cert=ec;rtt=50;model=bernoulli;p=0.01;dir=both,92,full,X25519MLKEM768:X25519,15,50.511,52.236,102.748,1440,1,1220,11ec/1216,0,1210,11ec,1120,0,0,0,1
pass=A;cert=ec;rtt=50;model=bernoulli;p=0.01;dir=both,93,full,X25519MLKEM768:X25519,15,50.612,53.354,103.966,1440,1,1220,11ec/1216,0,1210,11ec,1120,0,0,0,1
pass=A;cert=ec;rtt=50;model=bernoulli;p=0.01;dir=both,94,full,X25519MLKEM768:X25519,15,50.591,52.515,103.106,1440,1,1220,11ec/1216,0,1210,11ec,1120,0,0,0,1
pass=A;cert=ec;rtt=50;model=bernoulli;p=0.01;dir=both,95,full,X25519MLKEM768:X25519,15,50.503,52.106,102.609,1440,1,1220,11ec/1216,0,1210,11ec,1120,0,0,0,1
pass=A;cert=ec;rtt=50;model=bernoulli;p=0.01;dir=both,96,full,X25519MLKEM768:X25519,15,50.442,51.719,102.161,1440,1,1220,11ec/1216,0,1210,11ec,1120,0,0,0,1
pass=A;cert=ec;rtt=50;model=bernoulli;p=0.01;dir=both,97,full,X25519MLKEM768:X25519,15,50.499,51.808,102.307,1440,1,1220,11ec/1216,0,1210,11ec,1120,0,0,0,1
pass=A;cert=ec;rtt=50;model=bernoulli;p=0.01;dir=both,98,full,X25519MLKEM768:X25519,15,50.501,52.062,102.563,1440,1,1220,11ec/1216,0,1210,11ec,1120,0,0,0,1
pass=A;cert=ec;rtt=50;model=bernoulli;p=0.01;dir=both,99,full,X25519MLKEM768:X25519,15,50.436,52.202,102.638,1440,1,1220,11ec/1216,0,1210,11ec,1120,0,0,0,1
pass=A;cert=ec;rtt=50;model=bernoulli;p=0.01;dir=both,100,full,X25519MLKEM768:X25519,15,50.456,51.878,102.335,1440,1,1220,11ec/1216,0,1210,11ec,1120,0,0,0,1
pass=A;cert=ec;rtt=50;model=bernoulli;p=0.01;dir=both,101,full,X25519MLKEM768:X25519,15,50.448,52.067,102.515,1440,1,1220,11ec/1216,0,1210,11ec,1120,0,0,0,1
pass=A;cert=ec;rtt=50;model=bernoulli;p=0.01;dir=both,102,full,X25519MLKEM768:X25519,15,1055.782,52.128,1107.910,1440,1,1220,11ec/1216,0,1210,11ec,1120,0,0,1,1
pass=A;cert=ec;rtt=50;model=bernoulli;p=0.01;dir=both,103,full,X25519MLKEM768:X25519,15,50.449,52.243,102.692,1440,1,1220,11ec/1216,0,1210,11ec,1120,0,0,0,1
pass=A;cert=ec;rtt=50;model=bernoulli;p=0.01;dir=both,104,full,X25519MLKEM768:X25519,15,50.408,52.314,102.722,1440,1,1220,11ec/1216,0,1210,11ec,1120,0,0,0,1
pass=A;cert=ec;rtt=50;model=bernoulli;p=0.01;dir=both,105,full,X25519MLKEM768:X25519,15,50.770,332.341,383.111,1440,1,1220,11ec/1216,0,1210,11ec,1120,0,0,1,1
pass=A;cert=ec;rtt=50;model=bernoulli;p=0.01;dir=both,106,full,X25519MLKEM768:X25519,15,50.537,52.306,102.844,1440,1,1220,11ec/1216,0,1210,11ec,1120,0,0,0,1
pass=A;cert=ec;rtt=50;model=bernoulli;p=0.01;dir=both,107,full,X25519MLKEM768:X25519,15,50.529,52.202,102.731,1440,1,1220,11ec/1216,0,1210,11ec,1120,0,0,0,1
pass=A;cert=ec;rtt=50;model=bernoulli;p=0.01;dir=both,108,full,X25519MLKEM768:X25519,15,50.412,51.895,102.307,1440,1,1220,11ec/1216,0,1210,11ec,1120,0,0,0,1
pass=A;cert=ec;rtt=50;model=bernoulli;p=0.01;dir=both,109,full,X25519MLKEM768:X25519,15,50.588,52.261,102.848,1440,1,1220,11ec/1216,0,1210,11ec,1120,0,0,0,1
pass=A;cert=ec;rtt=50;model=bernoulli;p=0.01;dir=both,110,full,X25519MLKEM768:X25519,15,50.488,52.053,102.541,1440,1,1220,11ec/1216,0,1210,11ec,1120,0,0,0,1
pass=A;cert=ec;rtt=50;model=bernoulli;p=0.01;dir=both,111,full,X25519MLKEM768:X25519,15,50.513,54.467,104.980,1440,1,1220,11ec/1216,0,1210,11ec,1120,0,0,0,1
pass=A;cert=ec;rtt=50;model=bernoulli;p=0.01;dir=both,112,full,X25519MLKEM768:X25519,15,50.461,51.924,102.385,1440,1,1220,11ec/1216,0,1210,11ec,1120,0,0,0,1
pass=A;cert=ec;rtt=50;model=bernoulli;p=0.01;dir=both,113,full,X25519MLKEM768:X25519,15,50.415,51.879,102.294,1440,1,1220,11ec/1216,0,1210,11ec,1120,0,0,0,1
pass=A;cert=ec;rtt=50;model=bernoulli;p=0.01;dir=both,114,full,X25519MLKEM768:X25519,15,50.491,51.894,102.384,1440,1,1220,11ec/1216,0,1210,11ec,1120,0,0,0,1
pass=A;cert=ec;rtt=50;model=bernoulli;p=0.01;dir=both,115,full,X25519MLKEM768:X25519,15,50.469,51.876,102.345,1440,1,1220,11ec/1216,0,1210,11ec,1120,0,0,0,1
pass=A;cert=ec;rtt=50;model=bernoulli;p=0.01;dir=both,116,full,X25519MLKEM768:X25519,15,50.467,51.979,102.446,1440,1,1220,11ec/1216,0,1210,11ec,1120,0,0,0,1
pass=A;cert=ec;rtt=50;model=bernoulli;p=0.01;dir=both,117,full,X25519MLKEM768:X25519,15,50.537,52.233,102.770,1440,1,1220,11ec/1216,0,1210,11ec,1120,0,0,0,1
pass=A;cert=ec;rtt=50;model=bernoulli;p=0.01;dir=both,118,full,X25519MLKEM768:X25519,15,50.367,52.323,102.689,1440,1,1220,11ec/1216,0,1210,11ec,1120,0,0,0,1
pass=A;cert=ec;rtt=50;model=bernoulli;p=0.01;dir=both,119,full,X25519MLKEM768:X25519,15,50.523,52.205,102.728,1440,1,1220,11ec/1216,0,1210,11ec,1120,0,0,0,1
pass=A;cert=ec;rtt=50;model=bernoulli;p=0.01;dir=both,120,full,X25519MLKEM768:X25519,15,50.527,52.168,102.695,1440,1,1220,11ec/1216,0,1210,11ec,1120,0,0,0,1
pass=A;cert=ec;rtt=50;model=bernoulli;p=0.01;dir=both,121,full,X25519MLKEM768:X25519,15,50.403,51.662,102.065,1440,1,1220,11ec/1216,0,1210,11ec,1120,0,0,0,1
pass=A;cert=ec;rtt=50;model=bernoulli;p=0.01;dir=both,122,full,X25519MLKEM768:X25519,15,50.546,51.770,102.317,1440,1,1220,11ec/1216,0,1210,11ec,1120,0,0,0,1
pass=A;cert=ec;rtt=50;model=bernoulli;p=0.01;dir=both,123,full,X25519MLKEM768:X25519,15,50.505,51.713,102.218,1440,1,1220,11ec/1216,0,1210,11ec,1120,0,0,0,1
pass=A;cert=ec;rtt=50;model=bernoulli;p=0.01;dir=both,124,full,X25519MLKEM768:X25519,15,50.428,51.937,102.365,1440,1,1220,11ec/1216,0,1210,11ec,1120,0,0,0,1
pass=A;cert=ec;rtt=50;model=bernoulli;p=0.01;dir=both,125,full,X25519MLKEM768:X25519,15,50.515,52.115,102.630,1440,1,1220,11ec/1216,0,1210,11ec,1120,0,0,0,1
pass=A;cert=ec;rtt=50;model=bernoulli;p=0.01;dir=both,126,full,X25519MLKEM768:X25519,15,1053.816,102.174,1155.990,1440,1,1220,11ec/1216,0,1210,11ec,1120,0,0,1,1
pass=A;cert=ec;rtt=50;model=bernoulli;p=0.01;dir=both,127,full,X25519MLKEM768:X25519,15,50.472,51.987,102.459,1440,1,1220,11ec/1216,0,1210,11ec,1120,0,0,0,1
pass=A;cert=ec;rtt=50;model=bernoulli;p=0.01;dir=both,128,full,X25519MLKEM768:X25519,15,50.442,51.916,102.358,1440,1,1220,11ec/1216,0,1210,11ec,1120,0,0,0,1
pass=A;cert=ec;rtt=50;model=bernoulli;p=0.01;dir=both,129,full,X25519MLKEM768:X25519,15,50.456,51.984,102.440,1440,1,1220,11ec/1216,0,1210,11ec,1120,0,0,0,1
pass=A;cert=ec;rtt=50;model=bernoulli;p=0.01;dir=both,130,full,X25519MLKEM768:X25519,15,50.472,51.895,102.367,1440,1,1220,11ec/1216,0,1210,11ec,1120,0,0,0,1
pass=A;cert=ec;rtt=50;model=bernoulli;p=0.01;dir=both,131,full,X25519MLKEM768:X25519,15,50.454,52.111,102.565,1440,1,1220,11ec/1216,0,1210,11ec,1120,0,0,0,1
pass=A;cert=ec;rtt=50;model=bernoulli;p=0.01;dir=both,132,full,X25519MLKEM768:X25519,15,50.607,52.736,103.344,1440,1,1220,11ec/1216,0,1210,11ec,1120,0,0,0,1
pass=A;cert=ec;rtt=50;model=bernoulli;p=0.01;dir=both,133,full,X25519MLKEM768:X25519,15,52.996,52.063,105.059,1440,1,1220,11ec/1216,0,1210,11ec,1120,0,0,0,1
pass=A;cert=ec;rtt=50;model=bernoulli;p=0.01;dir=both,134,full,X25519MLKEM768:X25519,15,50.450,51.954,102.404,1440,1,1220,11ec/1216,0,1210,11ec,1120,0,0,0,1
pass=A;cert=ec;rtt=50;model=bernoulli;p=0.01;dir=both,135,full,X25519MLKEM768:X25519,15,50.468,123.955,174.423,1440,1,1220,11ec/1216,0,1210,11ec,1120,0,0,0,1
pass=A;cert=ec;rtt=50;model=bernoulli;p=0.01;dir=both,136,full,X25519MLKEM768:X25519,15,50.435,51.805,102.240,1440,1,1220,11ec/1216,0,1210,11ec,1120,0,0,0,1
pass=A;cert=ec;rtt=50;model=bernoulli;p=0.01;dir=both,137,full,X25519MLKEM768:X25519,15,50.440,51.887,102.327,1440,1,1220,11ec/1216,0,1210,11ec,1120,0,0,0,1
pass=A;cert=ec;rtt=50;model=bernoulli;p=0.01;dir=both,138,full,X25519MLKEM768:X25519,15,50.413,52.055,102.468,1440,1,1220,11ec/1216,0,1210,11ec,1120,0,0,0,1
pass=A;cert=ec;rtt=50;model=bernoulli;p=0.01;dir=both,139,full,X25519MLKEM768:X25519,15,50.444,54.419,104.862,1440,1,1220,11ec/1216,0,1210,11ec,1120,0,0,0,1
pass=A;cert=ec;rtt=50;model=bernoulli;p=0.01;dir=both,140,full,X25519MLKEM768:X25519,15,50.436,51.816,102.252,1440,1,1220,11ec/1216,0,1210,11ec,1120,0,0,0,1
pass=A;cert=ec;rtt=50;model=bernoulli;p=0.01;dir=both,141,full,X25519MLKEM768:X25519,15,50.434,51.762,102.196,1440,1,1220,11ec/1216,0,1210,11ec,1120,0,0,0,1
pass=A;cert=ec;rtt=50;model=bernoulli;p=0.01;dir=both,142,full,X25519MLKEM768:X25519,15,50.509,52.673,103.182,1440,1,1220,11ec/1216,0,1210,11ec,1120,0,0,0,1
pass=A;cert=ec;rtt=50;model=bernoulli;p=0.01;dir=both,143,full,X25519MLKEM768:X25519,15,50.550,57.212,107.762,1440,1,1220,11ec/1216,0,1210,11ec,1120,0,0,0,1
pass=A;cert=ec;rtt=50;model=bernoulli;p=0.01;dir=both,144,full,X25519MLKEM768:X25519,15,50.389,51.841,102.230,1440,1,1220,11ec/1216,0,1210,11ec,1120,0,0,0,1
pass=A;cert=ec;rtt=50;model=bernoulli;p=0.01;dir=both,145,full,X25519MLKEM768:X25519,15,50.453,51.728,102.181,1440,1,1220,11ec/1216,0,1210,11ec,1120,0,0,0,1
pass=A;cert=ec;rtt=50;model=bernoulli;p=0.01;dir=both,146,full,X25519MLKEM768:X25519,15,50.382,51.929,102.311,1440,1,1220,11ec/1216,0,1210,11ec,1120,0,0,0,1
pass=A;cert=ec;rtt=50;model=bernoulli;p=0.01;dir=both,147,full,X25519MLKEM768:X25519,15,50.405,52.027,102.432,1440,1,1220,11ec/1216,0,1210,11ec,1120,0,0,0,1
pass=A;cert=ec;rtt=50;model=bernoulli;p=0.01;dir=both,148,full,X25519MLKEM768:X25519,15,50.492,51.807,102.299,1440,1,1220,11ec/1216,0,1210,11ec,1120,0,0,0,1
pass=A;cert=ec;rtt=50;model=bernoulli;p=0.01;dir=both,149,full,X25519MLKEM768:X25519,15,50.361,52.050,102.412,1440,1,1220,11ec/1216,0,1210,11ec,1120,0,0,0,1
pass=A;cert=ec;rtt=50;model=bernoulli;p=0.01;dir=both,0,full,default,15,50.747,56.403,107.149,1488,2,1256,11ec/1216;001d/32,0,1210,11ec,1120,0,0,0,1
pass=A;cert=ec;rtt=50;model=bernoulli;p=0.01;dir=both,1,full,default,15,50.332,52.473,102.805,1488,2,1256,11ec/1216;001d/32,0,1210,11ec,1120,0,0,0,1
pass=A;cert=ec;rtt=50;model=bernoulli;p=0.01;dir=both,2,full,default,15,50.465,52.187,102.653,1488,2,1256,11ec/1216;001d/32,0,1210,11ec,1120,0,0,0,1
pass=A;cert=ec;rtt=50;model=bernoulli;p=0.01;dir=both,3,full,default,15,53.038,52.316,105.354,1488,2,1256,11ec/1216;001d/32,0,1210,11ec,1120,0,0,0,1
pass=A;cert=ec;rtt=50;model=bernoulli;p=0.01;dir=both,4,full,default,15,50.557,52.183,102.741,1488,2,1256,11ec/1216;001d/32,0,1210,11ec,1120,0,0,0,1
pass=A;cert=ec;rtt=50;model=bernoulli;p=0.01;dir=both,5,full,default,15,50.392,52.594,102.987,1488,2,1256,11ec/1216;001d/32,0,1210,11ec,1120,0,0,0,1
pass=A;cert=ec;rtt=50;model=bernoulli;p=0.01;dir=both,6,full,default,15,50.418,51.906,102.324,1488,2,1256,11ec/1216;001d/32,0,1210,11ec,1120,0,0,0,1
pass=A;cert=ec;rtt=50;model=bernoulli;p=0.01;dir=both,7,full,default,15,50.421,51.868,102.289,1488,2,1256,11ec/1216;001d/32,0,1210,11ec,1120,0,0,0,1
pass=A;cert=ec;rtt=50;model=bernoulli;p=0.01;dir=both,8,full,default,15,50.412,52.690,103.102,1488,2,1256,11ec/1216;001d/32,0,1210,11ec,1120,0,0,0,1
pass=A;cert=ec;rtt=50;model=bernoulli;p=0.01;dir=both,9,full,default,15,50.409,52.189,102.598,1488,2,1256,11ec/1216;001d/32,0,1210,11ec,1120,0,0,0,1
pass=A;cert=ec;rtt=50;model=bernoulli;p=0.01;dir=both,10,full,default,15,50.582,52.249,102.831,1488,2,1256,11ec/1216;001d/32,0,1210,11ec,1120,0,0,0,1
pass=A;cert=ec;rtt=50;model=bernoulli;p=0.01;dir=both,11,full,default,15,50.613,52.291,102.904,1488,2,1256,11ec/1216;001d/32,0,1210,11ec,1120,0,0,0,1
pass=A;cert=ec;rtt=50;model=bernoulli;p=0.01;dir=both,12,full,default,15,50.309,52.347,102.656,1488,2,1256,11ec/1216;001d/32,0,1210,11ec,1120,0,0,0,1
pass=A;cert=ec;rtt=50;model=bernoulli;p=0.01;dir=both,13,full,default,15,50.532,52.419,102.951,1488,2,1256,11ec/1216;001d/32,0,1210,11ec,1120,0,0,0,1
pass=A;cert=ec;rtt=50;model=bernoulli;p=0.01;dir=both,14,full,default,15,50.474,53.578,104.052,1488,2,1256,11ec/1216;001d/32,0,1210,11ec,1120,0,0,0,1
pass=A;cert=ec;rtt=50;model=bernoulli;p=0.01;dir=both,15,full,default,15,50.514,52.340,102.854,1488,2,1256,11ec/1216;001d/32,0,1210,11ec,1120,0,0,0,1
pass=A;cert=ec;rtt=50;model=bernoulli;p=0.01;dir=both,16,full,default,15,50.627,51.900,102.527,1488,2,1256,11ec/1216;001d/32,0,1210,11ec,1120,0,0,0,1
pass=A;cert=ec;rtt=50;model=bernoulli;p=0.01;dir=both,17,full,default,15,50.413,51.964,102.377,1488,2,1256,11ec/1216;001d/32,0,1210,11ec,1120,0,0,0,1
pass=A;cert=ec;rtt=50;model=bernoulli;p=0.01;dir=both,18,full,default,15,50.463,51.832,102.295,1488,2,1256,11ec/1216;001d/32,0,1210,11ec,1120,0,0,0,1
pass=A;cert=ec;rtt=50;model=bernoulli;p=0.01;dir=both,19,full,default,15,50.425,51.911,102.337,1488,2,1256,11ec/1216;001d/32,0,1210,11ec,1120,0,0,0,1
pass=A;cert=ec;rtt=50;model=bernoulli;p=0.01;dir=both,20,full,default,15,50.523,52.650,103.173,1488,2,1256,11ec/1216;001d/32,0,1210,11ec,1120,0,0,0,1
pass=A;cert=ec;rtt=50;model=bernoulli;p=0.01;dir=both,21,full,default,15,50.533,51.838,102.371,1488,2,1256,11ec/1216;001d/32,0,1210,11ec,1120,0,0,0,1
pass=A;cert=ec;rtt=50;model=bernoulli;p=0.01;dir=both,22,full,default,15,50.436,51.910,102.346,1488,2,1256,11ec/1216;001d/32,0,1210,11ec,1120,0,0,0,1
pass=A;cert=ec;rtt=50;model=bernoulli;p=0.01;dir=both,23,full,default,15,50.388,52.802,103.190,1488,2,1256,11ec/1216;001d/32,0,1210,11ec,1120,0,0,0,1
pass=A;cert=ec;rtt=50;model=bernoulli;p=0.01;dir=both,24,full,default,15,50.436,52.479,102.915,1488,2,1256,11ec/1216;001d/32,0,1210,11ec,1120,0,0,0,1
pass=A;cert=ec;rtt=50;model=bernoulli;p=0.01;dir=both,25,full,default,15,50.509,52.213,102.722,1488,2,1256,11ec/1216;001d/32,0,1210,11ec,1120,0,0,0,1
pass=A;cert=ec;rtt=50;model=bernoulli;p=0.01;dir=both,26,full,default,15,50.412,51.735,102.147,1488,2,1256,11ec/1216;001d/32,0,1210,11ec,1120,0,0,0,1
pass=A;cert=ec;rtt=50;model=bernoulli;p=0.01;dir=both,27,full,default,15,50.415,52.096,102.511,1488,2,1256,11ec/1216;001d/32,0,1210,11ec,1120,0,0,0,1
pass=A;cert=ec;rtt=50;model=bernoulli;p=0.01;dir=both,28,full,default,15,50.448,52.005,102.453,1488,2,1256,11ec/1216;001d/32,0,1210,11ec,1120,0,0,0,1
pass=A;cert=ec;rtt=50;model=bernoulli;p=0.01;dir=both,29,full,default,15,50.467,52.483,102.950,1488,2,1256,11ec/1216;001d/32,0,1210,11ec,1120,0,0,0,1
pass=A;cert=ec;rtt=50;model=bernoulli;p=0.01;dir=both,30,full,default,15,50.431,51.861,102.293,1488,2,1256,11ec/1216;001d/32,0,1210,11ec,1120,0,0,0,1
pass=A;cert=ec;rtt=50;model=bernoulli;p=0.01;dir=both,31,full,default,15,50.426,52.366,102.792,1488,2,1256,11ec/1216;001d/32,0,1210,11ec,1120,0,0,0,1
pass=A;cert=ec;rtt=50;model=bernoulli;p=0.01;dir=both,32,full,default,15,50.478,51.770,102.248,1488,2,1256,11ec/1216;001d/32,0,1210,11ec,1120,0,0,0,1
pass=A;cert=ec;rtt=50;model=bernoulli;p=0.01;dir=both,33,full,default,15,50.518,51.927,102.445,1488,2,1256,11ec/1216;001d/32,0,1210,11ec,1120,0,0,0,1
pass=A;cert=ec;rtt=50;model=bernoulli;p=0.01;dir=both,34,full,default,15,50.467,52.004,102.470,1488,2,1256,11ec/1216;001d/32,0,1210,11ec,1120,0,0,0,1
pass=A;cert=ec;rtt=50;model=bernoulli;p=0.01;dir=both,35,full,default,15,50.901,51.965,102.866,1488,2,1256,11ec/1216;001d/32,0,1210,11ec,1120,0,0,0,1
pass=A;cert=ec;rtt=50;model=bernoulli;p=0.01;dir=both,36,full,default,15,50.440,51.994,102.433,1488,2,1256,11ec/1216;001d/32,0,1210,11ec,1120,0,0,0,1
pass=A;cert=ec;rtt=50;model=bernoulli;p=0.01;dir=both,37,full,default,15,50.456,52.185,102.641,1488,2,1256,11ec/1216;001d/32,0,1210,11ec,1120,0,0,0,1
pass=A;cert=ec;rtt=50;model=bernoulli;p=0.01;dir=both,38,full,default,15,50.389,51.732,102.121,1488,2,1256,11ec/1216;001d/32,0,1210,11ec,1120,0,0,0,1
pass=A;cert=ec;rtt=50;model=bernoulli;p=0.01;dir=both,39,full,default,15,50.422,51.979,102.401,1488,2,1256,11ec/1216;001d/32,0,1210,11ec,1120,0,0,0,1
pass=A;cert=ec;rtt=50;model=bernoulli;p=0.01;dir=both,40,full,default,15,50.393,51.852,102.244,1488,2,1256,11ec/1216;001d/32,0,1210,11ec,1120,0,0,0,1
pass=A;cert=ec;rtt=50;model=bernoulli;p=0.01;dir=both,41,full,default,15,50.384,51.773,102.156,1488,2,1256,11ec/1216;001d/32,0,1210,11ec,1120,0,0,0,1
pass=A;cert=ec;rtt=50;model=bernoulli;p=0.01;dir=both,42,full,default,15,50.443,51.817,102.260,1488,2,1256,11ec/1216;001d/32,0,1210,11ec,1120,0,0,0,1
pass=A;cert=ec;rtt=50;model=bernoulli;p=0.01;dir=both,43,full,default,15,50.429,52.081,102.510,1488,2,1256,11ec/1216;001d/32,0,1210,11ec,1120,0,0,0,1
pass=A;cert=ec;rtt=50;model=bernoulli;p=0.01;dir=both,44,full,default,15,50.423,52.061,102.485,1488,2,1256,11ec/1216;001d/32,0,1210,11ec,1120,0,0,0,1
pass=A;cert=ec;rtt=50;model=bernoulli;p=0.01;dir=both,45,full,default,15,50.378,51.876,102.254,1488,2,1256,11ec/1216;001d/32,0,1210,11ec,1120,0,0,0,1
pass=A;cert=ec;rtt=50;model=bernoulli;p=0.01;dir=both,46,full,default,15,50.615,52.039,102.654,1488,2,1256,11ec/1216;001d/32,0,1210,11ec,1120,0,0,0,1
pass=A;cert=ec;rtt=50;model=bernoulli;p=0.01;dir=both,47,full,default,15,50.525,52.157,102.682,1488,2,1256,11ec/1216;001d/32,0,1210,11ec,1120,0,0,0,1
pass=A;cert=ec;rtt=50;model=bernoulli;p=0.01;dir=both,48,full,default,15,50.453,51.855,102.307,1488,2,1256,11ec/1216;001d/32,0,1210,11ec,1120,0,0,0,1
pass=A;cert=ec;rtt=50;model=bernoulli;p=0.01;dir=both,49,full,default,15,50.683,52.014,102.696,1488,2,1256,11ec/1216;001d/32,0,1210,11ec,1120,0,0,0,1
pass=A;cert=ec;rtt=50;model=bernoulli;p=0.01;dir=both,50,full,default,15,50.473,51.800,102.273,1488,2,1256,11ec/1216;001d/32,0,1210,11ec,1120,0,0,0,1
pass=A;cert=ec;rtt=50;model=bernoulli;p=0.01;dir=both,51,full,default,15,50.546,52.021,102.567,1488,2,1256,11ec/1216;001d/32,0,1210,11ec,1120,0,0,0,1
pass=A;cert=ec;rtt=50;model=bernoulli;p=0.01;dir=both,52,full,default,15,50.506,52.181,102.687,1488,2,1256,11ec/1216;001d/32,0,1210,11ec,1120,0,0,0,1
pass=A;cert=ec;rtt=50;model=bernoulli;p=0.01;dir=both,53,full,default,15,50.421,52.134,102.555,1488,2,1256,11ec/1216;001d/32,0,1210,11ec,1120,0,0,0,1
pass=A;cert=ec;rtt=50;model=bernoulli;p=0.01;dir=both,54,full,default,15,50.428,53.077,103.505,1488,2,1256,11ec/1216;001d/32,0,1210,11ec,1120,0,0,0,1
pass=A;cert=ec;rtt=50;model=bernoulli;p=0.01;dir=both,55,full,default,15,50.468,51.885,102.353,1488,2,1256,11ec/1216;001d/32,0,1210,11ec,1120,0,0,0,1
pass=A;cert=ec;rtt=50;model=bernoulli;p=0.01;dir=both,56,full,default,15,50.492,52.284,102.776,1488,2,1256,11ec/1216;001d/32,0,1210,11ec,1120,0,0,0,1
pass=A;cert=ec;rtt=50;model=bernoulli;p=0.01;dir=both,57,full,default,15,50.532,52.051,102.583,1488,2,1256,11ec/1216;001d/32,0,1210,11ec,1120,0,0,0,1
pass=A;cert=ec;rtt=50;model=bernoulli;p=0.01;dir=both,58,full,default,15,50.561,51.816,102.377,1488,2,1256,11ec/1216;001d/32,0,1210,11ec,1120,0,0,0,1
pass=A;cert=ec;rtt=50;model=bernoulli;p=0.01;dir=both,59,full,default,15,50.560,51.703,102.263,1488,2,1256,11ec/1216;001d/32,0,1210,11ec,1120,0,0,0,1
pass=A;cert=ec;rtt=50;model=bernoulli;p=0.01;dir=both,60,full,default,15,50.470,52.480,102.950,1488,2,1256,11ec/1216;001d/32,0,1210,11ec,1120,0,0,0,1
pass=A;cert=ec;rtt=50;model=bernoulli;p=0.01;dir=both,61,full,default,15,50.513,51.941,102.454,1488,2,1256,11ec/1216;001d/32,0,1210,11ec,1120,0,0,0,1
pass=A;cert=ec;rtt=50;model=bernoulli;p=0.01;dir=both,62,full,default,15,50.581,52.546,103.127,1488,2,1256,11ec/1216;001d/32,0,1210,11ec,1120,0,0,0,1
pass=A;cert=ec;rtt=50;model=bernoulli;p=0.01;dir=both,63,full,default,15,50.555,52.593,103.148,1488,2,1256,11ec/1216;001d/32,0,1210,11ec,1120,0,0,0,1
pass=A;cert=ec;rtt=50;model=bernoulli;p=0.01;dir=both,64,full,default,15,50.496,52.580,103.076,1488,2,1256,11ec/1216;001d/32,0,1210,11ec,1120,0,0,0,1
pass=A;cert=ec;rtt=50;model=bernoulli;p=0.01;dir=both,65,full,default,15,50.627,52.453,103.080,1488,2,1256,11ec/1216;001d/32,0,1210,11ec,1120,0,0,0,1
pass=A;cert=ec;rtt=50;model=bernoulli;p=0.01;dir=both,66,full,default,15,50.469,51.866,102.335,1488,2,1256,11ec/1216;001d/32,0,1210,11ec,1120,0,0,0,1
pass=A;cert=ec;rtt=50;model=bernoulli;p=0.01;dir=both,67,full,default,15,50.481,355.881,406.362,1488,2,1256,11ec/1216;001d/32,0,1210,11ec,1120,0,0,0,1
pass=A;cert=ec;rtt=50;model=bernoulli;p=0.01;dir=both,68,full,default,15,50.621,52.606,103.228,1488,2,1256,11ec/1216;001d/32,0,1210,11ec,1120,0,0,0,1
pass=A;cert=ec;rtt=50;model=bernoulli;p=0.01;dir=both,69,full,default,15,50.498,52.150,102.648,1488,2,1256,11ec/1216;001d/32,0,1210,11ec,1120,0,0,0,1
pass=A;cert=ec;rtt=50;model=bernoulli;p=0.01;dir=both,70,full,default,15,50.494,377.932,428.426,1488,2,1256,11ec/1216;001d/32,0,1210,11ec,1120,0,0,1,1
pass=A;cert=ec;rtt=50;model=bernoulli;p=0.01;dir=both,71,full,default,15,50.432,51.914,102.346,1488,2,1256,11ec/1216;001d/32,0,1210,11ec,1120,0,0,0,1
pass=A;cert=ec;rtt=50;model=bernoulli;p=0.01;dir=both,72,full,default,15,50.508,52.121,102.629,1488,2,1256,11ec/1216;001d/32,0,1210,11ec,1120,0,0,0,1
pass=A;cert=ec;rtt=50;model=bernoulli;p=0.01;dir=both,73,full,default,15,50.441,52.150,102.591,1488,2,1256,11ec/1216;001d/32,0,1210,11ec,1120,0,0,0,1
pass=A;cert=ec;rtt=50;model=bernoulli;p=0.01;dir=both,74,full,default,15,50.520,52.047,102.567,1488,2,1256,11ec/1216;001d/32,0,1210,11ec,1120,0,0,0,1
pass=A;cert=ec;rtt=50;model=bernoulli;p=0.01;dir=both,75,full,default,15,50.569,52.065,102.634,1488,2,1256,11ec/1216;001d/32,0,1210,11ec,1120,0,0,0,1
pass=A;cert=ec;rtt=50;model=bernoulli;p=0.01;dir=both,76,full,default,15,50.501,51.839,102.340,1488,2,1256,11ec/1216;001d/32,0,1210,11ec,1120,0,0,0,1
pass=A;cert=ec;rtt=50;model=bernoulli;p=0.01;dir=both,77,full,default,15,50.507,52.005,102.511,1488,2,1256,11ec/1216;001d/32,0,1210,11ec,1120,0,0,0,1
pass=A;cert=ec;rtt=50;model=bernoulli;p=0.01;dir=both,78,full,default,15,50.420,52.315,102.735,1488,2,1256,11ec/1216;001d/32,0,1210,11ec,1120,0,0,0,1
pass=A;cert=ec;rtt=50;model=bernoulli;p=0.01;dir=both,79,full,default,15,50.586,51.867,102.453,1488,2,1256,11ec/1216;001d/32,0,1210,11ec,1120,0,0,0,1
pass=A;cert=ec;rtt=50;model=bernoulli;p=0.01;dir=both,80,full,default,15,50.601,51.930,102.531,1488,2,1256,11ec/1216;001d/32,0,1210,11ec,1120,0,0,0,1
pass=A;cert=ec;rtt=50;model=bernoulli;p=0.01;dir=both,81,full,default,15,50.454,52.021,102.474,1488,2,1256,11ec/1216;001d/32,0,1210,11ec,1120,0,0,0,1
pass=A;cert=ec;rtt=50;model=bernoulli;p=0.01;dir=both,82,full,default,15,50.420,52.332,102.753,1488,2,1256,11ec/1216;001d/32,0,1210,11ec,1120,0,0,0,1
pass=A;cert=ec;rtt=50;model=bernoulli;p=0.01;dir=both,83,full,default,15,50.383,51.830,102.213,1488,2,1256,11ec/1216;001d/32,0,1210,11ec,1120,0,0,0,1
pass=A;cert=ec;rtt=50;model=bernoulli;p=0.01;dir=both,84,full,default,15,50.555,52.316,102.871,1488,2,1256,11ec/1216;001d/32,0,1210,11ec,1120,0,0,0,1
pass=A;cert=ec;rtt=50;model=bernoulli;p=0.01;dir=both,85,full,default,15,50.426,51.894,102.320,1488,2,1256,11ec/1216;001d/32,0,1210,11ec,1120,0,0,0,1
pass=A;cert=ec;rtt=50;model=bernoulli;p=0.01;dir=both,86,full,default,15,50.397,51.816,102.213,1488,2,1256,11ec/1216;001d/32,0,1210,11ec,1120,0,0,0,1
pass=A;cert=ec;rtt=50;model=bernoulli;p=0.01;dir=both,87,full,default,15,50.514,51.792,102.305,1488,2,1256,11ec/1216;001d/32,0,1210,11ec,1120,0,0,0,1
pass=A;cert=ec;rtt=50;model=bernoulli;p=0.01;dir=both,88,full,default,15,50.403,53.589,103.992,1488,2,1256,11ec/1216;001d/32,0,1210,11ec,1120,0,0,0,1
pass=A;cert=ec;rtt=50;model=bernoulli;p=0.01;dir=both,89,full,default,15,50.421,51.760,102.182,1488,2,1256,11ec/1216;001d/32,0,1210,11ec,1120,0,0,0,1
pass=A;cert=ec;rtt=50;model=bernoulli;p=0.01;dir=both,90,full,default,15,50.402,52.113,102.515,1488,2,1256,11ec/1216;001d/32,0,1210,11ec,1120,0,0,0,1
pass=A;cert=ec;rtt=50;model=bernoulli;p=0.01;dir=both,91,full,default,15,50.436,53.356,103.792,1488,2,1256,11ec/1216;001d/32,0,1210,11ec,1120,0,0,0,1
pass=A;cert=ec;rtt=50;model=bernoulli;p=0.01;dir=both,92,full,default,15,50.441,52.459,102.899,1488,2,1256,11ec/1216;001d/32,0,1210,11ec,1120,0,0,0,1
pass=A;cert=ec;rtt=50;model=bernoulli;p=0.01;dir=both,93,full,default,15,50.471,51.693,102.165,1488,2,1256,11ec/1216;001d/32,0,1210,11ec,1120,0,0,0,1
pass=A;cert=ec;rtt=50;model=bernoulli;p=0.01;dir=both,94,full,default,15,50.389,51.694,102.082,1488,2,1256,11ec/1216;001d/32,0,1210,11ec,1120,0,0,0,1
pass=A;cert=ec;rtt=50;model=bernoulli;p=0.01;dir=both,95,full,default,15,50.416,51.945,102.362,1488,2,1256,11ec/1216;001d/32,0,1210,11ec,1120,0,0,0,1
pass=A;cert=ec;rtt=50;model=bernoulli;p=0.01;dir=both,96,full,default,15,50.396,52.081,102.477,1488,2,1256,11ec/1216;001d/32,0,1210,11ec,1120,0,0,0,1
pass=A;cert=ec;rtt=50;model=bernoulli;p=0.01;dir=both,97,full,default,15,50.508,381.096,431.604,1488,2,1256,11ec/1216;001d/32,0,1210,11ec,1120,0,0,1,1
pass=A;cert=ec;rtt=50;model=bernoulli;p=0.01;dir=both,98,full,default,15,50.481,52.071,102.552,1488,2,1256,11ec/1216;001d/32,0,1210,11ec,1120,0,0,0,1
pass=A;cert=ec;rtt=50;model=bernoulli;p=0.01;dir=both,99,full,default,15,50.567,52.038,102.605,1488,2,1256,11ec/1216;001d/32,0,1210,11ec,1120,0,0,0,1
pass=A;cert=ec;rtt=50;model=bernoulli;p=0.01;dir=both,100,full,default,15,50.581,52.015,102.596,1488,2,1256,11ec/1216;001d/32,0,1210,11ec,1120,0,0,0,1
pass=A;cert=ec;rtt=50;model=bernoulli;p=0.01;dir=both,101,full,default,15,50.485,52.355,102.840,1488,2,1256,11ec/1216;001d/32,0,1210,11ec,1120,0,0,0,1
pass=A;cert=ec;rtt=50;model=bernoulli;p=0.01;dir=both,102,full,default,15,50.573,51.939,102.513,1488,2,1256,11ec/1216;001d/32,0,1210,11ec,1120,0,0,0,1
pass=A;cert=ec;rtt=50;model=bernoulli;p=0.01;dir=both,103,full,default,15,50.401,51.831,102.232,1488,2,1256,11ec/1216;001d/32,0,1210,11ec,1120,0,0,0,1
pass=A;cert=ec;rtt=50;model=bernoulli;p=0.01;dir=both,104,full,default,15,50.569,51.949,102.519,1488,2,1256,11ec/1216;001d/32,0,1210,11ec,1120,0,0,0,1
pass=A;cert=ec;rtt=50;model=bernoulli;p=0.01;dir=both,105,full,default,15,50.454,52.320,102.774,1488,2,1256,11ec/1216;001d/32,0,1210,11ec,1120,0,0,0,1
pass=A;cert=ec;rtt=50;model=bernoulli;p=0.01;dir=both,106,full,default,15,50.493,52.124,102.617,1488,2,1256,11ec/1216;001d/32,0,1210,11ec,1120,0,0,0,1
pass=A;cert=ec;rtt=50;model=bernoulli;p=0.01;dir=both,107,full,default,15,50.536,51.982,102.517,1488,2,1256,11ec/1216;001d/32,0,1210,11ec,1120,0,0,0,1
pass=A;cert=ec;rtt=50;model=bernoulli;p=0.01;dir=both,108,full,default,15,50.443,52.425,102.868,1488,2,1256,11ec/1216;001d/32,0,1210,11ec,1120,0,0,0,1
pass=A;cert=ec;rtt=50;model=bernoulli;p=0.01;dir=both,109,full,default,15,50.413,51.926,102.339,1488,2,1256,11ec/1216;001d/32,0,1210,11ec,1120,0,0,0,1
pass=A;cert=ec;rtt=50;model=bernoulli;p=0.01;dir=both,110,full,default,15,50.508,51.847,102.355,1488,2,1256,11ec/1216;001d/32,0,1210,11ec,1120,0,0,0,1
pass=A;cert=ec;rtt=50;model=bernoulli;p=0.01;dir=both,111,full,default,15,50.540,52.066,102.605,1488,2,1256,11ec/1216;001d/32,0,1210,11ec,1120,0,0,0,1
pass=A;cert=ec;rtt=50;model=bernoulli;p=0.01;dir=both,112,full,default,15,50.524,52.082,102.606,1488,2,1256,11ec/1216;001d/32,0,1210,11ec,1120,0,0,0,1
pass=A;cert=ec;rtt=50;model=bernoulli;p=0.01;dir=both,113,full,default,15,50.474,53.377,103.850,1488,2,1256,11ec/1216;001d/32,0,1210,11ec,1120,0,0,0,1
pass=A;cert=ec;rtt=50;model=bernoulli;p=0.01;dir=both,114,full,default,15,50.363,51.923,102.286,1488,2,1256,11ec/1216;001d/32,0,1210,11ec,1120,0,0,0,1
pass=A;cert=ec;rtt=50;model=bernoulli;p=0.01;dir=both,115,full,default,15,50.615,51.911,102.526,1488,2,1256,11ec/1216;001d/32,0,1210,11ec,1120,0,0,0,1
pass=A;cert=ec;rtt=50;model=bernoulli;p=0.01;dir=both,116,full,default,15,50.440,51.791,102.231,1488,2,1256,11ec/1216;001d/32,0,1210,11ec,1120,0,0,0,1
pass=A;cert=ec;rtt=50;model=bernoulli;p=0.01;dir=both,117,full,default,15,50.371,52.108,102.479,1488,2,1256,11ec/1216;001d/32,0,1210,11ec,1120,0,0,0,1
pass=A;cert=ec;rtt=50;model=bernoulli;p=0.01;dir=both,118,full,default,15,50.524,52.197,102.721,1488,2,1256,11ec/1216;001d/32,0,1210,11ec,1120,0,0,0,1
pass=A;cert=ec;rtt=50;model=bernoulli;p=0.01;dir=both,119,full,default,15,50.527,52.197,102.725,1488,2,1256,11ec/1216;001d/32,0,1210,11ec,1120,0,0,0,1
pass=A;cert=ec;rtt=50;model=bernoulli;p=0.01;dir=both,120,full,default,15,50.413,51.986,102.399,1488,2,1256,11ec/1216;001d/32,0,1210,11ec,1120,0,0,0,1
pass=A;cert=ec;rtt=50;model=bernoulli;p=0.01;dir=both,121,full,default,15,50.521,52.364,102.886,1488,2,1256,11ec/1216;001d/32,0,1210,11ec,1120,0,0,0,1
pass=A;cert=ec;rtt=50;model=bernoulli;p=0.01;dir=both,122,full,default,15,50.480,51.976,102.456,1488,2,1256,11ec/1216;001d/32,0,1210,11ec,1120,0,0,0,1
pass=A;cert=ec;rtt=50;model=bernoulli;p=0.01;dir=both,123,full,default,15,50.434,52.455,102.889,1488,2,1256,11ec/1216;001d/32,0,1210,11ec,1120,0,0,0,1
pass=A;cert=ec;rtt=50;model=bernoulli;p=0.01;dir=both,124,full,default,15,50.567,52.034,102.601,1488,2,1256,11ec/1216;001d/32,0,1210,11ec,1120,0,0,0,1
pass=A;cert=ec;rtt=50;model=bernoulli;p=0.01;dir=both,125,full,default,15,50.421,52.069,102.490,1488,2,1256,11ec/1216;001d/32,0,1210,11ec,1120,0,0,0,1
pass=A;cert=ec;rtt=50;model=bernoulli;p=0.01;dir=both,126,full,default,15,50.360,51.962,102.322,1488,2,1256,11ec/1216;001d/32,0,1210,11ec,1120,0,0,0,1
pass=A;cert=ec;rtt=50;model=bernoulli;p=0.01;dir=both,127,full,default,15,50.464,51.918,102.381,1488,2,1256,11ec/1216;001d/32,0,1210,11ec,1120,0,0,0,1
pass=A;cert=ec;rtt=50;model=bernoulli;p=0.01;dir=both,128,full,default,15,50.294,51.944,102.238,1488,2,1256,11ec/1216;001d/32,0,1210,11ec,1120,0,0,0,1
pass=A;cert=ec;rtt=50;model=bernoulli;p=0.01;dir=both,129,full,default,15,50.439,51.956,102.395,1488,2,1256,11ec/1216;001d/32,0,1210,11ec,1120,0,0,0,1
pass=A;cert=ec;rtt=50;model=bernoulli;p=0.01;dir=both,130,full,default,15,50.557,52.003,102.559,1488,2,1256,11ec/1216;001d/32,0,1210,11ec,1120,0,0,0,1
pass=A;cert=ec;rtt=50;model=bernoulli;p=0.01;dir=both,131,full,default,15,50.427,52.243,102.670,1488,2,1256,11ec/1216;001d/32,0,1210,11ec,1120,0,0,0,1
pass=A;cert=ec;rtt=50;model=bernoulli;p=0.01;dir=both,132,full,default,15,50.486,52.001,102.486,1488,2,1256,11ec/1216;001d/32,0,1210,11ec,1120,0,0,0,1
pass=A;cert=ec;rtt=50;model=bernoulli;p=0.01;dir=both,133,full,default,15,50.439,52.672,103.111,1488,2,1256,11ec/1216;001d/32,0,1210,11ec,1120,0,0,0,1
pass=A;cert=ec;rtt=50;model=bernoulli;p=0.01;dir=both,134,full,default,15,50.590,52.535,103.125,1488,2,1256,11ec/1216;001d/32,0,1210,11ec,1120,0,0,0,1
pass=A;cert=ec;rtt=50;model=bernoulli;p=0.01;dir=both,135,full,default,15,50.459,53.273,103.731,1488,2,1256,11ec/1216;001d/32,0,1210,11ec,1120,0,0,0,1
pass=A;cert=ec;rtt=50;model=bernoulli;p=0.01;dir=both,136,full,default,15,50.516,51.839,102.355,1488,2,1256,11ec/1216;001d/32,0,1210,11ec,1120,0,0,0,1
pass=A;cert=ec;rtt=50;model=bernoulli;p=0.01;dir=both,137,full,default,15,50.668,52.022,102.690,1488,2,1256,11ec/1216;001d/32,0,1210,11ec,1120,0,0,0,1
pass=A;cert=ec;rtt=50;model=bernoulli;p=0.01;dir=both,138,full,default,15,50.512,52.107,102.619,1488,2,1256,11ec/1216;001d/32,0,1210,11ec,1120,0,0,0,1
pass=A;cert=ec;rtt=50;model=bernoulli;p=0.01;dir=both,139,full,default,15,50.526,119.549,170.075,1488,2,1256,11ec/1216;001d/32,0,1210,11ec,1120,0,0,1,1
pass=A;cert=ec;rtt=50;model=bernoulli;p=0.01;dir=both,140,full,default,15,50.435,51.998,102.434,1488,2,1256,11ec/1216;001d/32,0,1210,11ec,1120,0,0,0,1
pass=A;cert=ec;rtt=50;model=bernoulli;p=0.01;dir=both,141,full,default,15,50.424,51.866,102.291,1488,2,1256,11ec/1216;001d/32,0,1210,11ec,1120,0,0,0,1
pass=A;cert=ec;rtt=50;model=bernoulli;p=0.01;dir=both,142,full,default,15,50.524,52.012,102.536,1488,2,1256,11ec/1216;001d/32,0,1210,11ec,1120,0,0,0,1
pass=A;cert=ec;rtt=50;model=bernoulli;p=0.01;dir=both,143,full,default,15,50.419,51.793,102.212,1488,2,1256,11ec/1216;001d/32,0,1210,11ec,1120,0,0,0,1
pass=A;cert=ec;rtt=50;model=bernoulli;p=0.01;dir=both,144,full,default,15,50.462,52.130,102.592,1488,2,1256,11ec/1216;001d/32,0,1210,11ec,1120,0,0,0,1
pass=A;cert=ec;rtt=50;model=bernoulli;p=0.01;dir=both,145,full,default,15,50.477,51.703,102.180,1488,2,1256,11ec/1216;001d/32,0,1210,11ec,1120,0,0,0,1
pass=A;cert=ec;rtt=50;model=bernoulli;p=0.01;dir=both,146,full,default,15,50.517,51.836,102.353,1488,2,1256,11ec/1216;001d/32,0,1210,11ec,1120,0,0,0,1
pass=A;cert=ec;rtt=50;model=bernoulli;p=0.01;dir=both,147,full,default,15,50.414,51.849,102.262,1488,2,1256,11ec/1216;001d/32,0,1210,11ec,1120,0,0,0,1
pass=A;cert=ec;rtt=50;model=bernoulli;p=0.01;dir=both,148,full,default,15,50.380,52.308,102.688,1488,2,1256,11ec/1216;001d/32,0,1210,11ec,1120,0,0,0,1
pass=A;cert=ec;rtt=50;model=bernoulli;p=0.01;dir=both,149,full,default,15,50.515,371.075,421.590,1488,2,1256,11ec/1216;001d/32,0,1210,11ec,1120,0,0,1,1
pass=A;cert=ec;rtt=50;model=bernoulli;p=0.02;dir=both,0,full,X25519,15,50.553,52.395,102.948,254,1,36,001d/32,0,122,001d,32,0,0,0,1
pass=A;cert=ec;rtt=50;model=bernoulli;p=0.02;dir=both,1,full,X25519,15,50.552,53.857,104.409,254,1,36,001d/32,0,122,001d,32,0,0,0,1
pass=A;cert=ec;rtt=50;model=bernoulli;p=0.02;dir=both,2,full,X25519,15,50.370,51.658,102.028,254,1,36,001d/32,0,122,001d,32,0,0,0,1
pass=A;cert=ec;rtt=50;model=bernoulli;p=0.02;dir=both,3,full,X25519,15,50.478,51.837,102.315,254,1,36,001d/32,0,122,001d,32,0,0,0,1
pass=A;cert=ec;rtt=50;model=bernoulli;p=0.02;dir=both,4,full,X25519,15,50.511,51.419,101.929,254,1,36,001d/32,0,122,001d,32,0,0,0,1
pass=A;cert=ec;rtt=50;model=bernoulli;p=0.02;dir=both,5,full,X25519,15,50.555,51.810,102.365,254,1,36,001d/32,0,122,001d,32,0,0,0,1
pass=A;cert=ec;rtt=50;model=bernoulli;p=0.02;dir=both,6,full,X25519,15,50.403,51.571,101.974,254,1,36,001d/32,0,122,001d,32,0,0,0,1
pass=A;cert=ec;rtt=50;model=bernoulli;p=0.02;dir=both,7,full,X25519,15,1075.097,52.149,1127.247,254,1,36,001d/32,0,122,001d,32,0,0,1,1
pass=A;cert=ec;rtt=50;model=bernoulli;p=0.02;dir=both,8,full,X25519,15,50.476,51.894,102.369,254,1,36,001d/32,0,122,001d,32,0,0,0,1
pass=A;cert=ec;rtt=50;model=bernoulli;p=0.02;dir=both,9,full,X25519,15,50.421,51.823,102.244,254,1,36,001d/32,0,122,001d,32,0,0,0,1
pass=A;cert=ec;rtt=50;model=bernoulli;p=0.02;dir=both,10,full,X25519,15,50.447,51.653,102.100,254,1,36,001d/32,0,122,001d,32,0,0,0,1
pass=A;cert=ec;rtt=50;model=bernoulli;p=0.02;dir=both,11,full,X25519,15,50.487,51.872,102.359,254,1,36,001d/32,0,122,001d,32,0,0,0,1
pass=A;cert=ec;rtt=50;model=bernoulli;p=0.02;dir=both,12,full,X25519,15,50.470,51.875,102.345,254,1,36,001d/32,0,122,001d,32,0,0,0,1
pass=A;cert=ec;rtt=50;model=bernoulli;p=0.02;dir=both,13,full,X25519,15,50.492,314.184,364.676,254,1,36,001d/32,0,122,001d,32,0,0,1,1
pass=A;cert=ec;rtt=50;model=bernoulli;p=0.02;dir=both,14,full,X25519,15,50.395,51.563,101.958,254,1,36,001d/32,0,122,001d,32,0,0,0,1
pass=A;cert=ec;rtt=50;model=bernoulli;p=0.02;dir=both,15,full,X25519,15,50.466,51.659,102.124,254,1,36,001d/32,0,122,001d,32,0,0,0,1
pass=A;cert=ec;rtt=50;model=bernoulli;p=0.02;dir=both,16,full,X25519,15,50.500,51.760,102.260,254,1,36,001d/32,0,122,001d,32,0,0,0,1
pass=A;cert=ec;rtt=50;model=bernoulli;p=0.02;dir=both,17,full,X25519,15,50.384,51.662,102.046,254,1,36,001d/32,0,122,001d,32,0,0,0,1
pass=A;cert=ec;rtt=50;model=bernoulli;p=0.02;dir=both,18,full,X25519,15,50.455,51.728,102.183,254,1,36,001d/32,0,122,001d,32,0,0,0,1
pass=A;cert=ec;rtt=50;model=bernoulli;p=0.02;dir=both,19,full,X25519,15,50.505,51.818,102.323,254,1,36,001d/32,0,122,001d,32,0,0,0,1
pass=A;cert=ec;rtt=50;model=bernoulli;p=0.02;dir=both,20,full,X25519,15,50.314,51.583,101.897,254,1,36,001d/32,0,122,001d,32,0,0,0,1
pass=A;cert=ec;rtt=50;model=bernoulli;p=0.02;dir=both,21,full,X25519,15,50.385,51.696,102.080,254,1,36,001d/32,0,122,001d,32,0,0,0,1
pass=A;cert=ec;rtt=50;model=bernoulli;p=0.02;dir=both,22,full,X25519,15,50.447,51.446,101.893,254,1,36,001d/32,0,122,001d,32,0,0,0,1
pass=A;cert=ec;rtt=50;model=bernoulli;p=0.02;dir=both,23,full,X25519,15,50.459,51.549,102.007,254,1,36,001d/32,0,122,001d,32,0,0,0,1
pass=A;cert=ec;rtt=50;model=bernoulli;p=0.02;dir=both,24,full,X25519,15,50.368,51.702,102.070,254,1,36,001d/32,0,122,001d,32,0,0,0,1
pass=A;cert=ec;rtt=50;model=bernoulli;p=0.02;dir=both,25,full,X25519,15,50.424,51.556,101.980,254,1,36,001d/32,0,122,001d,32,0,0,0,1
pass=A;cert=ec;rtt=50;model=bernoulli;p=0.02;dir=both,26,full,X25519,15,50.414,51.552,101.965,254,1,36,001d/32,0,122,001d,32,0,0,0,1
pass=A;cert=ec;rtt=50;model=bernoulli;p=0.02;dir=both,27,full,X25519,15,50.475,322.963,373.438,254,1,36,001d/32,0,122,001d,32,0,0,0,1
pass=A;cert=ec;rtt=50;model=bernoulli;p=0.02;dir=both,28,full,X25519,15,50.407,51.618,102.026,254,1,36,001d/32,0,122,001d,32,0,0,0,1
pass=A;cert=ec;rtt=50;model=bernoulli;p=0.02;dir=both,29,full,X25519,15,50.319,320.985,371.304,254,1,36,001d/32,0,122,001d,32,0,0,1,1
pass=A;cert=ec;rtt=50;model=bernoulli;p=0.02;dir=both,30,full,X25519,15,50.508,51.561,102.069,254,1,36,001d/32,0,122,001d,32,0,0,0,1
pass=A;cert=ec;rtt=50;model=bernoulli;p=0.02;dir=both,31,full,X25519,15,52.065,325.780,377.845,254,1,36,001d/32,0,122,001d,32,0,0,1,1
pass=A;cert=ec;rtt=50;model=bernoulli;p=0.02;dir=both,32,full,X25519,15,50.350,70.515,120.866,254,1,36,001d/32,0,122,001d,32,0,0,0,1
pass=A;cert=ec;rtt=50;model=bernoulli;p=0.02;dir=both,33,full,X25519,15,50.379,51.858,102.238,254,1,36,001d/32,0,122,001d,32,0,0,0,1
pass=A;cert=ec;rtt=50;model=bernoulli;p=0.02;dir=both,34,full,X25519,15,50.424,51.725,102.149,254,1,36,001d/32,0,122,001d,32,0,0,0,1
pass=A;cert=ec;rtt=50;model=bernoulli;p=0.02;dir=both,35,full,X25519,15,50.519,51.746,102.265,254,1,36,001d/32,0,122,001d,32,0,0,0,1
pass=A;cert=ec;rtt=50;model=bernoulli;p=0.02;dir=both,36,full,X25519,15,50.423,51.529,101.951,254,1,36,001d/32,0,122,001d,32,0,0,0,1
pass=A;cert=ec;rtt=50;model=bernoulli;p=0.02;dir=both,37,full,X25519,15,50.479,51.890,102.369,254,1,36,001d/32,0,122,001d,32,0,0,0,1
pass=A;cert=ec;rtt=50;model=bernoulli;p=0.02;dir=both,38,full,X25519,15,50.510,51.761,102.271,254,1,36,001d/32,0,122,001d,32,0,0,0,1
pass=A;cert=ec;rtt=50;model=bernoulli;p=0.02;dir=both,39,full,X25519,15,50.445,51.490,101.935,254,1,36,001d/32,0,122,001d,32,0,0,0,1
pass=A;cert=ec;rtt=50;model=bernoulli;p=0.02;dir=both,40,full,X25519,15,50.433,51.563,101.996,254,1,36,001d/32,0,122,001d,32,0,0,0,1
pass=A;cert=ec;rtt=50;model=bernoulli;p=0.02;dir=both,41,full,X25519,15,50.502,51.606,102.108,254,1,36,001d/32,0,122,001d,32,0,0,0,1
pass=A;cert=ec;rtt=50;model=bernoulli;p=0.02;dir=both,42,full,X25519,15,50.593,51.479,102.073,254,1,36,001d/32,0,122,001d,32,0,0,0,1
pass=A;cert=ec;rtt=50;model=bernoulli;p=0.02;dir=both,43,full,X25519,15,50.420,51.468,101.889,254,1,36,001d/32,0,122,001d,32,0,0,0,1
pass=A;cert=ec;rtt=50;model=bernoulli;p=0.02;dir=both,44,full,X25519,15,50.507,51.429,101.935,254,1,36,001d/32,0,122,001d,32,0,0,0,1
pass=A;cert=ec;rtt=50;model=bernoulli;p=0.02;dir=both,45,full,X25519,15,50.476,51.759,102.235,254,1,36,001d/32,0,122,001d,32,0,0,0,1
pass=A;cert=ec;rtt=50;model=bernoulli;p=0.02;dir=both,46,full,X25519,15,50.376,51.663,102.039,254,1,36,001d/32,0,122,001d,32,0,0,0,1
pass=A;cert=ec;rtt=50;model=bernoulli;p=0.02;dir=both,47,full,X25519,15,50.435,51.471,101.906,254,1,36,001d/32,0,122,001d,32,0,0,0,1
pass=A;cert=ec;rtt=50;model=bernoulli;p=0.02;dir=both,48,full,X25519,15,50.401,51.503,101.904,254,1,36,001d/32,0,122,001d,32,0,0,0,1
pass=A;cert=ec;rtt=50;model=bernoulli;p=0.02;dir=both,49,full,X25519,15,50.384,51.500,101.883,254,1,36,001d/32,0,122,001d,32,0,0,0,1
pass=A;cert=ec;rtt=50;model=bernoulli;p=0.02;dir=both,50,full,X25519,15,50.517,51.673,102.190,254,1,36,001d/32,0,122,001d,32,0,0,0,1
pass=A;cert=ec;rtt=50;model=bernoulli;p=0.02;dir=both,51,full,X25519,15,50.501,51.893,102.394,254,1,36,001d/32,0,122,001d,32,0,0,0,1
pass=A;cert=ec;rtt=50;model=bernoulli;p=0.02;dir=both,52,full,X25519,15,50.421,51.671,102.092,254,1,36,001d/32,0,122,001d,32,0,0,0,1
pass=A;cert=ec;rtt=50;model=bernoulli;p=0.02;dir=both,53,full,X25519,15,50.512,51.887,102.399,254,1,36,001d/32,0,122,001d,32,0,0,0,1
pass=A;cert=ec;rtt=50;model=bernoulli;p=0.02;dir=both,54,full,X25519,15,50.427,51.543,101.970,254,1,36,001d/32,0,122,001d,32,0,0,0,1
pass=A;cert=ec;rtt=50;model=bernoulli;p=0.02;dir=both,55,full,X25519,15,50.444,51.790,102.233,254,1,36,001d/32,0,122,001d,32,0,0,0,1
pass=A;cert=ec;rtt=50;model=bernoulli;p=0.02;dir=both,56,full,X25519,15,50.497,51.756,102.253,254,1,36,001d/32,0,122,001d,32,0,0,0,1
pass=A;cert=ec;rtt=50;model=bernoulli;p=0.02;dir=both,57,full,X25519,15,50.573,51.605,102.178,254,1,36,001d/32,0,122,001d,32,0,0,0,1
pass=A;cert=ec;rtt=50;model=bernoulli;p=0.02;dir=both,58,full,X25519,15,51.593,51.536,103.129,254,1,36,001d/32,0,122,001d,32,0,0,0,1
pass=A;cert=ec;rtt=50;model=bernoulli;p=0.02;dir=both,59,full,X25519,15,50.400,51.400,101.800,254,1,36,001d/32,0,122,001d,32,0,0,0,1
pass=A;cert=ec;rtt=50;model=bernoulli;p=0.02;dir=both,60,full,X25519,15,50.484,305.365,355.849,254,1,36,001d/32,0,122,001d,32,0,0,0,1
pass=A;cert=ec;rtt=50;model=bernoulli;p=0.02;dir=both,61,full,X25519,15,50.412,51.515,101.928,254,1,36,001d/32,0,122,001d,32,0,0,0,1
pass=A;cert=ec;rtt=50;model=bernoulli;p=0.02;dir=both,62,full,X25519,15,50.512,51.762,102.274,254,1,36,001d/32,0,122,001d,32,0,0,0,1
pass=A;cert=ec;rtt=50;model=bernoulli;p=0.02;dir=both,63,full,X25519,15,50.435,51.499,101.933,254,1,36,001d/32,0,122,001d,32,0,0,0,1
pass=A;cert=ec;rtt=50;model=bernoulli;p=0.02;dir=both,64,full,X25519,15,50.470,51.453,101.923,254,1,36,001d/32,0,122,001d,32,0,0,0,1
pass=A;cert=ec;rtt=50;model=bernoulli;p=0.02;dir=both,65,full,X25519,15,50.418,51.393,101.811,254,1,36,001d/32,0,122,001d,32,0,0,0,1
pass=A;cert=ec;rtt=50;model=bernoulli;p=0.02;dir=both,66,full,X25519,15,50.380,51.372,101.752,254,1,36,001d/32,0,122,001d,32,0,0,0,1
pass=A;cert=ec;rtt=50;model=bernoulli;p=0.02;dir=both,67,full,X25519,15,50.434,51.490,101.925,254,1,36,001d/32,0,122,001d,32,0,0,0,1
pass=A;cert=ec;rtt=50;model=bernoulli;p=0.02;dir=both,68,full,X25519,15,50.452,51.351,101.803,254,1,36,001d/32,0,122,001d,32,0,0,0,1
pass=A;cert=ec;rtt=50;model=bernoulli;p=0.02;dir=both,69,full,X25519,15,50.497,51.515,102.012,254,1,36,001d/32,0,122,001d,32,0,0,0,1
pass=A;cert=ec;rtt=50;model=bernoulli;p=0.02;dir=both,70,full,X25519,15,50.410,51.473,101.883,254,1,36,001d/32,0,122,001d,32,0,0,0,1
pass=A;cert=ec;rtt=50;model=bernoulli;p=0.02;dir=both,71,full,X25519,15,50.423,51.463,101.886,254,1,36,001d/32,0,122,001d,32,0,0,0,1
pass=A;cert=ec;rtt=50;model=bernoulli;p=0.02;dir=both,72,full,X25519,15,50.477,51.672,102.149,254,1,36,001d/32,0,122,001d,32,0,0,0,1
pass=A;cert=ec;rtt=50;model=bernoulli;p=0.02;dir=both,73,full,X25519,15,50.521,51.647,102.168,254,1,36,001d/32,0,122,001d,32,0,0,0,1
pass=A;cert=ec;rtt=50;model=bernoulli;p=0.02;dir=both,74,full,X25519,15,50.481,51.595,102.076,254,1,36,001d/32,0,122,001d,32,0,0,0,1
pass=A;cert=ec;rtt=50;model=bernoulli;p=0.02;dir=both,75,full,X25519,15,1059.303,52.358,1111.661,254,1,36,001d/32,0,122,001d,32,0,0,1,1
pass=A;cert=ec;rtt=50;model=bernoulli;p=0.02;dir=both,76,full,X25519,15,50.524,52.354,102.878,254,1,36,001d/32,0,122,001d,32,0,0,0,1
pass=A;cert=ec;rtt=50;model=bernoulli;p=0.02;dir=both,77,full,X25519,15,50.485,52.233,102.718,254,1,36,001d/32,0,122,001d,32,0,0,0,1
pass=A;cert=ec;rtt=50;model=bernoulli;p=0.02;dir=both,78,full,X25519,15,50.609,52.316,102.925,254,1,36,001d/32,0,122,001d,32,0,0,0,1
pass=A;cert=ec;rtt=50;model=bernoulli;p=0.02;dir=both,79,full,X25519,15,50.593,52.234,102.827,254,1,36,001d/32,0,122,001d,32,0,0,0,1
pass=A;cert=ec;rtt=50;model=bernoulli;p=0.02;dir=both,80,full,X25519,15,50.492,52.127,102.619,254,1,36,001d/32,0,122,001d,32,0,0,0,1
pass=A;cert=ec;rtt=50;model=bernoulli;p=0.02;dir=both,81,full,X25519,15,50.527,52.388,102.915,254,1,36,001d/32,0,122,001d,32,0,0,0,1
pass=A;cert=ec;rtt=50;model=bernoulli;p=0.02;dir=both,82,full,X25519,15,50.501,52.297,102.798,254,1,36,001d/32,0,122,001d,32,0,0,0,1
pass=A;cert=ec;rtt=50;model=bernoulli;p=0.02;dir=both,83,full,X25519,15,50.358,69.768,120.126,254,1,36,001d/32,0,122,001d,32,0,0,0,1
pass=A;cert=ec;rtt=50;model=bernoulli;p=0.02;dir=both,84,full,X25519,15,50.453,51.859,102.312,254,1,36,001d/32,0,122,001d,32,0,0,0,1
pass=A;cert=ec;rtt=50;model=bernoulli;p=0.02;dir=both,85,full,X25519,15,50.372,51.689,102.061,254,1,36,001d/32,0,122,001d,32,0,0,0,1
pass=A;cert=ec;rtt=50;model=bernoulli;p=0.02;dir=both,86,full,X25519,15,50.421,51.399,101.820,254,1,36,001d/32,0,122,001d,32,0,0,0,1
pass=A;cert=ec;rtt=50;model=bernoulli;p=0.02;dir=both,87,full,X25519,15,1071.607,51.495,1123.102,254,1,36,001d/32,0,122,001d,32,0,0,1,1
pass=A;cert=ec;rtt=50;model=bernoulli;p=0.02;dir=both,88,full,X25519,15,50.442,52.217,102.659,254,1,36,001d/32,0,122,001d,32,0,0,0,1
pass=A;cert=ec;rtt=50;model=bernoulli;p=0.02;dir=both,89,full,X25519,15,50.429,51.589,102.018,254,1,36,001d/32,0,122,001d,32,0,0,0,1
pass=A;cert=ec;rtt=50;model=bernoulli;p=0.02;dir=both,90,full,X25519,15,52.049,51.465,103.514,254,1,36,001d/32,0,122,001d,32,0,0,0,1
pass=A;cert=ec;rtt=50;model=bernoulli;p=0.02;dir=both,91,full,X25519,15,50.456,51.710,102.166,254,1,36,001d/32,0,122,001d,32,0,0,0,1
pass=A;cert=ec;rtt=50;model=bernoulli;p=0.02;dir=both,92,full,X25519,15,50.429,51.577,102.006,254,1,36,001d/32,0,122,001d,32,0,0,0,1
pass=A;cert=ec;rtt=50;model=bernoulli;p=0.02;dir=both,93,full,X25519,15,50.660,51.612,102.271,254,1,36,001d/32,0,122,001d,32,0,0,0,1
pass=A;cert=ec;rtt=50;model=bernoulli;p=0.02;dir=both,94,full,X25519,15,50.385,313.859,364.245,254,1,36,001d/32,0,122,001d,32,0,0,0,1
pass=A;cert=ec;rtt=50;model=bernoulli;p=0.02;dir=both,95,full,X25519,15,50.489,51.540,102.029,254,1,36,001d/32,0,122,001d,32,0,0,0,1
pass=A;cert=ec;rtt=50;model=bernoulli;p=0.02;dir=both,96,full,X25519,15,50.492,321.514,372.007,254,1,36,001d/32,0,122,001d,32,0,0,1,1
pass=A;cert=ec;rtt=50;model=bernoulli;p=0.02;dir=both,97,full,X25519,15,50.439,51.538,101.977,254,1,36,001d/32,0,122,001d,32,0,0,0,1
pass=A;cert=ec;rtt=50;model=bernoulli;p=0.02;dir=both,98,full,X25519,15,50.370,51.958,102.328,254,1,36,001d/32,0,122,001d,32,0,0,0,1
pass=A;cert=ec;rtt=50;model=bernoulli;p=0.02;dir=both,99,full,X25519,15,50.467,51.443,101.910,254,1,36,001d/32,0,122,001d,32,0,0,0,1
pass=A;cert=ec;rtt=50;model=bernoulli;p=0.02;dir=both,100,full,X25519,15,50.539,51.927,102.466,254,1,36,001d/32,0,122,001d,32,0,0,0,1
pass=A;cert=ec;rtt=50;model=bernoulli;p=0.02;dir=both,101,full,X25519,15,50.415,52.115,102.530,254,1,36,001d/32,0,122,001d,32,0,0,0,1
pass=A;cert=ec;rtt=50;model=bernoulli;p=0.02;dir=both,102,full,X25519,15,50.473,51.996,102.469,254,1,36,001d/32,0,122,001d,32,0,0,0,1
pass=A;cert=ec;rtt=50;model=bernoulli;p=0.02;dir=both,103,full,X25519,15,50.626,51.811,102.437,254,1,36,001d/32,0,122,001d,32,0,0,0,1
pass=A;cert=ec;rtt=50;model=bernoulli;p=0.02;dir=both,104,full,X25519,15,51.022,51.485,102.508,254,1,36,001d/32,0,122,001d,32,0,0,0,1
pass=A;cert=ec;rtt=50;model=bernoulli;p=0.02;dir=both,105,full,X25519,15,50.583,319.164,369.747,254,1,36,001d/32,0,122,001d,32,0,0,0,1
pass=A;cert=ec;rtt=50;model=bernoulli;p=0.02;dir=both,106,full,X25519,15,50.582,51.629,102.211,254,1,36,001d/32,0,122,001d,32,0,0,0,1
pass=A;cert=ec;rtt=50;model=bernoulli;p=0.02;dir=both,107,full,X25519,15,50.614,51.810,102.423,254,1,36,001d/32,0,122,001d,32,0,0,0,1
pass=A;cert=ec;rtt=50;model=bernoulli;p=0.02;dir=both,108,full,X25519,15,50.410,52.003,102.414,254,1,36,001d/32,0,122,001d,32,0,0,0,1
pass=A;cert=ec;rtt=50;model=bernoulli;p=0.02;dir=both,109,full,X25519,15,50.469,52.251,102.720,254,1,36,001d/32,0,122,001d,32,0,0,0,1
pass=A;cert=ec;rtt=50;model=bernoulli;p=0.02;dir=both,110,full,X25519,15,50.451,51.781,102.233,254,1,36,001d/32,0,122,001d,32,0,0,0,1
pass=A;cert=ec;rtt=50;model=bernoulli;p=0.02;dir=both,111,full,X25519,15,50.416,51.464,101.880,254,1,36,001d/32,0,122,001d,32,0,0,0,1
pass=A;cert=ec;rtt=50;model=bernoulli;p=0.02;dir=both,112,full,X25519,15,50.448,51.917,102.364,254,1,36,001d/32,0,122,001d,32,0,0,0,1
pass=A;cert=ec;rtt=50;model=bernoulli;p=0.02;dir=both,113,full,X25519,15,50.470,51.862,102.332,254,1,36,001d/32,0,122,001d,32,0,0,0,1
pass=A;cert=ec;rtt=50;model=bernoulli;p=0.02;dir=both,114,full,X25519,15,1062.699,51.655,1114.354,254,1,36,001d/32,0,122,001d,32,0,0,1,1
pass=A;cert=ec;rtt=50;model=bernoulli;p=0.02;dir=both,115,full,X25519,15,50.473,52.176,102.650,254,1,36,001d/32,0,122,001d,32,0,0,0,1
pass=A;cert=ec;rtt=50;model=bernoulli;p=0.02;dir=both,116,full,X25519,15,50.511,51.760,102.271,254,1,36,001d/32,0,122,001d,32,0,0,0,1
pass=A;cert=ec;rtt=50;model=bernoulli;p=0.02;dir=both,117,full,X25519,15,50.506,51.388,101.895,254,1,36,001d/32,0,122,001d,32,0,0,0,1
pass=A;cert=ec;rtt=50;model=bernoulli;p=0.02;dir=both,118,full,X25519,15,50.628,51.747,102.374,254,1,36,001d/32,0,122,001d,32,0,0,0,1
pass=A;cert=ec;rtt=50;model=bernoulli;p=0.02;dir=both,119,full,X25519,15,50.529,325.675,376.204,254,1,36,001d/32,0,122,001d,32,0,0,0,1
pass=A;cert=ec;rtt=50;model=bernoulli;p=0.02;dir=both,120,full,X25519,15,50.567,52.039,102.605,254,1,36,001d/32,0,122,001d,32,0,0,0,1
pass=A;cert=ec;rtt=50;model=bernoulli;p=0.02;dir=both,121,full,X25519,15,51.194,52.014,103.208,254,1,36,001d/32,0,122,001d,32,0,0,0,1
pass=A;cert=ec;rtt=50;model=bernoulli;p=0.02;dir=both,122,full,X25519,15,50.672,51.853,102.525,254,1,36,001d/32,0,122,001d,32,0,0,0,1
pass=A;cert=ec;rtt=50;model=bernoulli;p=0.02;dir=both,123,full,X25519,15,50.508,51.633,102.141,254,1,36,001d/32,0,122,001d,32,0,0,0,1
pass=A;cert=ec;rtt=50;model=bernoulli;p=0.02;dir=both,124,full,X25519,15,1054.293,51.657,1105.950,254,1,36,001d/32,0,122,001d,32,0,0,1,1
pass=A;cert=ec;rtt=50;model=bernoulli;p=0.02;dir=both,125,full,X25519,15,50.362,51.624,101.986,254,1,36,001d/32,0,122,001d,32,0,0,0,1
pass=A;cert=ec;rtt=50;model=bernoulli;p=0.02;dir=both,126,full,X25519,15,50.528,51.513,102.041,254,1,36,001d/32,0,122,001d,32,0,0,0,1
pass=A;cert=ec;rtt=50;model=bernoulli;p=0.02;dir=both,127,full,X25519,15,50.447,51.433,101.880,254,1,36,001d/32,0,122,001d,32,0,0,0,1
pass=A;cert=ec;rtt=50;model=bernoulli;p=0.02;dir=both,128,full,X25519,15,50.511,51.687,102.198,254,1,36,001d/32,0,122,001d,32,0,0,0,1
pass=A;cert=ec;rtt=50;model=bernoulli;p=0.02;dir=both,129,full,X25519,15,1074.162,52.029,1126.191,254,1,36,001d/32,0,122,001d,32,0,0,1,1
pass=A;cert=ec;rtt=50;model=bernoulli;p=0.02;dir=both,130,full,X25519,15,50.406,51.467,101.873,254,1,36,001d/32,0,122,001d,32,0,0,0,1
pass=A;cert=ec;rtt=50;model=bernoulli;p=0.02;dir=both,131,full,X25519,15,1061.681,51.486,1113.166,254,1,36,001d/32,0,122,001d,32,0,0,1,1
pass=A;cert=ec;rtt=50;model=bernoulli;p=0.02;dir=both,132,full,X25519,15,50.454,51.725,102.179,254,1,36,001d/32,0,122,001d,32,0,0,0,1
pass=A;cert=ec;rtt=50;model=bernoulli;p=0.02;dir=both,133,full,X25519,15,50.388,51.393,101.781,254,1,36,001d/32,0,122,001d,32,0,0,0,1
pass=A;cert=ec;rtt=50;model=bernoulli;p=0.02;dir=both,134,full,X25519,15,50.417,51.595,102.012,254,1,36,001d/32,0,122,001d,32,0,0,0,1
pass=A;cert=ec;rtt=50;model=bernoulli;p=0.02;dir=both,135,full,X25519,15,50.432,51.391,101.823,254,1,36,001d/32,0,122,001d,32,0,0,0,1
pass=A;cert=ec;rtt=50;model=bernoulli;p=0.02;dir=both,136,full,X25519,15,51.475,51.509,102.984,254,1,36,001d/32,0,122,001d,32,0,0,0,1
pass=A;cert=ec;rtt=50;model=bernoulli;p=0.02;dir=both,137,full,X25519,15,50.447,51.746,102.193,254,1,36,001d/32,0,122,001d,32,0,0,0,1
pass=A;cert=ec;rtt=50;model=bernoulli;p=0.02;dir=both,138,full,X25519,15,50.471,51.647,102.118,254,1,36,001d/32,0,122,001d,32,0,0,0,1
pass=A;cert=ec;rtt=50;model=bernoulli;p=0.02;dir=both,139,full,X25519,15,50.429,51.361,101.790,254,1,36,001d/32,0,122,001d,32,0,0,0,1
pass=A;cert=ec;rtt=50;model=bernoulli;p=0.02;dir=both,140,full,X25519,15,50.389,51.468,101.858,254,1,36,001d/32,0,122,001d,32,0,0,0,1
pass=A;cert=ec;rtt=50;model=bernoulli;p=0.02;dir=both,141,full,X25519,15,50.332,51.732,102.064,254,1,36,001d/32,0,122,001d,32,0,0,0,1
pass=A;cert=ec;rtt=50;model=bernoulli;p=0.02;dir=both,142,full,X25519,15,50.457,51.758,102.216,254,1,36,001d/32,0,122,001d,32,0,0,0,1
pass=A;cert=ec;rtt=50;model=bernoulli;p=0.02;dir=both,143,full,X25519,15,50.480,52.781,103.261,254,1,36,001d/32,0,122,001d,32,0,0,0,1
pass=A;cert=ec;rtt=50;model=bernoulli;p=0.02;dir=both,144,full,X25519,15,50.568,309.096,359.664,254,1,36,001d/32,0,122,001d,32,0,0,0,1
pass=A;cert=ec;rtt=50;model=bernoulli;p=0.02;dir=both,145,full,X25519,15,50.426,51.410,101.835,254,1,36,001d/32,0,122,001d,32,0,0,0,1
pass=A;cert=ec;rtt=50;model=bernoulli;p=0.02;dir=both,146,full,X25519,15,50.421,51.515,101.935,254,1,36,001d/32,0,122,001d,32,0,0,0,1
pass=A;cert=ec;rtt=50;model=bernoulli;p=0.02;dir=both,147,full,X25519,15,50.430,51.485,101.915,254,1,36,001d/32,0,122,001d,32,0,0,0,1
pass=A;cert=ec;rtt=50;model=bernoulli;p=0.02;dir=both,148,full,X25519,15,50.479,51.474,101.953,254,1,36,001d/32,0,122,001d,32,0,0,0,1
pass=A;cert=ec;rtt=50;model=bernoulli;p=0.02;dir=both,149,full,X25519,15,50.497,51.676,102.173,254,1,36,001d/32,0,122,001d,32,0,0,0,1
pass=A;cert=ec;rtt=50;model=bernoulli;p=0.02;dir=both,0,full,X25519MLKEM768:X25519,15,50.439,52.398,102.837,1440,1,1220,11ec/1216,0,1210,11ec,1120,0,0,0,1
pass=A;cert=ec;rtt=50;model=bernoulli;p=0.02;dir=both,1,full,X25519MLKEM768:X25519,15,50.420,51.742,102.161,1440,1,1220,11ec/1216,0,1210,11ec,1120,0,0,0,1
pass=A;cert=ec;rtt=50;model=bernoulli;p=0.02;dir=both,2,full,X25519MLKEM768:X25519,15,1058.091,51.739,1109.831,1440,1,1220,11ec/1216,0,1210,11ec,1120,0,0,1,1
pass=A;cert=ec;rtt=50;model=bernoulli;p=0.02;dir=both,3,full,X25519MLKEM768:X25519,15,50.492,51.984,102.477,1440,1,1220,11ec/1216,0,1210,11ec,1120,0,0,0,1
pass=A;cert=ec;rtt=50;model=bernoulli;p=0.02;dir=both,4,full,X25519MLKEM768:X25519,15,50.468,51.765,102.233,1440,1,1220,11ec/1216,0,1210,11ec,1120,0,0,0,1
pass=A;cert=ec;rtt=50;model=bernoulli;p=0.02;dir=both,5,full,X25519MLKEM768:X25519,15,50.544,52.113,102.657,1440,1,1220,11ec/1216,0,1210,11ec,1120,0,0,0,1
pass=A;cert=ec;rtt=50;model=bernoulli;p=0.02;dir=both,6,full,X25519MLKEM768:X25519,15,50.433,51.877,102.310,1440,1,1220,11ec/1216,0,1210,11ec,1120,0,0,0,1
pass=A;cert=ec;rtt=50;model=bernoulli;p=0.02;dir=both,7,full,X25519MLKEM768:X25519,15,50.507,51.726,102.234,1440,1,1220,11ec/1216,0,1210,11ec,1120,0,0,0,1
pass=A;cert=ec;rtt=50;model=bernoulli;p=0.02;dir=both,8,full,X25519MLKEM768:X25519,15,50.423,51.703,102.126,1440,1,1220,11ec/1216,0,1210,11ec,1120,0,0,0,1
pass=A;cert=ec;rtt=50;model=bernoulli;p=0.02;dir=both,9,full,X25519MLKEM768:X25519,15,50.538,51.761,102.299,1440,1,1220,11ec/1216,0,1210,11ec,1120,0,0,0,1
pass=A;cert=ec;rtt=50;model=bernoulli;p=0.02;dir=both,10,full,X25519MLKEM768:X25519,15,50.344,51.784,102.128,1440,1,1220,11ec/1216,0,1210,11ec,1120,0,0,0,1
pass=A;cert=ec;rtt=50;model=bernoulli;p=0.02;dir=both,11,full,X25519MLKEM768:X25519,15,50.444,52.849,103.293,1440,1,1220,11ec/1216,0,1210,11ec,1120,0,0,0,1
pass=A;cert=ec;rtt=50;model=bernoulli;p=0.02;dir=both,12,full,X25519MLKEM768:X25519,15,50.367,58.994,109.362,1440,1,1220,11ec/1216,0,1210,11ec,1120,0,0,0,1
pass=A;cert=ec;rtt=50;model=bernoulli;p=0.02;dir=both,13,full,X25519MLKEM768:X25519,15,50.408,51.689,102.097,1440,1,1220,11ec/1216,0,1210,11ec,1120,0,0,0,1
pass=A;cert=ec;rtt=50;model=bernoulli;p=0.02;dir=both,14,full,X25519MLKEM768:X25519,15,50.411,51.703,102.114,1440,1,1220,11ec/1216,0,1210,11ec,1120,0,0,0,1
pass=A;cert=ec;rtt=50;model=bernoulli;p=0.02;dir=both,15,full,X25519MLKEM768:X25519,15,50.382,51.762,102.144,1440,1,1220,11ec/1216,0,1210,11ec,1120,0,0,0,1
pass=A;cert=ec;rtt=50;model=bernoulli;p=0.02;dir=both,16,full,X25519MLKEM768:X25519,15,50.461,51.859,102.320,1440,1,1220,11ec/1216,0,1210,11ec,1120,0,0,0,1
pass=A;cert=ec;rtt=50;model=bernoulli;p=0.02;dir=both,17,full,X25519MLKEM768:X25519,15,50.513,51.859,102.373,1440,1,1220,11ec/1216,0,1210,11ec,1120,0,0,0,1
pass=A;cert=ec;rtt=50;model=bernoulli;p=0.02;dir=both,18,full,X25519MLKEM768:X25519,15,50.413,51.850,102.263,1440,1,1220,11ec/1216,0,1210,11ec,1120,0,0,0,1
pass=A;cert=ec;rtt=50;model=bernoulli;p=0.02;dir=both,19,full,X25519MLKEM768:X25519,15,50.362,51.962,102.324,1440,1,1220,11ec/1216,0,1210,11ec,1120,0,0,0,1
pass=A;cert=ec;rtt=50;model=bernoulli;p=0.02;dir=both,20,full,X25519MLKEM768:X25519,15,50.343,70.134,120.477,1440,1,1220,11ec/1216,0,1210,11ec,1120,0,0,0,1
pass=A;cert=ec;rtt=50;model=bernoulli;p=0.02;dir=both,21,full,X25519MLKEM768:X25519,15,50.412,659.360,709.772,1440,1,1220,11ec/1216,0,1210,11ec,1120,0,0,1,1
pass=A;cert=ec;rtt=50;model=bernoulli;p=0.02;dir=both,22,full,X25519MLKEM768:X25519,15,50.439,365.626,416.066,1440,1,1220,11ec/1216,0,1210,11ec,1120,0,0,0,1
pass=A;cert=ec;rtt=50;model=bernoulli;p=0.02;dir=both,23,full,X25519MLKEM768:X25519,15,50.375,51.713,102.088,1440,1,1220,11ec/1216,0,1210,11ec,1120,0,0,0,1
pass=A;cert=ec;rtt=50;model=bernoulli;p=0.02;dir=both,24,full,X25519MLKEM768:X25519,15,50.416,51.981,102.397,1440,1,1220,11ec/1216,0,1210,11ec,1120,0,0,0,1
pass=A;cert=ec;rtt=50;model=bernoulli;p=0.02;dir=both,25,full,X25519MLKEM768:X25519,15,50.393,51.763,102.156,1440,1,1220,11ec/1216,0,1210,11ec,1120,0,0,0,1
pass=A;cert=ec;rtt=50;model=bernoulli;p=0.02;dir=both,26,full,X25519MLKEM768:X25519,15,50.437,51.721,102.158,1440,1,1220,11ec/1216,0,1210,11ec,1120,0,0,0,1
pass=A;cert=ec;rtt=50;model=bernoulli;p=0.02;dir=both,27,full,X25519MLKEM768:X25519,15,50.402,51.580,101.982,1440,1,1220,11ec/1216,0,1210,11ec,1120,0,0,0,1
pass=A;cert=ec;rtt=50;model=bernoulli;p=0.02;dir=both,28,full,X25519MLKEM768:X25519,15,50.368,51.734,102.102,1440,1,1220,11ec/1216,0,1210,11ec,1120,0,0,0,1
pass=A;cert=ec;rtt=50;model=bernoulli;p=0.02;dir=both,29,full,X25519MLKEM768:X25519,15,50.427,51.695,102.122,1440,1,1220,11ec/1216,0,1210,11ec,1120,0,0,0,1
pass=A;cert=ec;rtt=50;model=bernoulli;p=0.02;dir=both,30,full,X25519MLKEM768:X25519,15,50.400,51.680,102.080,1440,1,1220,11ec/1216,0,1210,11ec,1120,0,0,0,1
pass=A;cert=ec;rtt=50;model=bernoulli;p=0.02;dir=both,31,full,X25519MLKEM768:X25519,15,50.595,51.615,102.209,1440,1,1220,11ec/1216,0,1210,11ec,1120,0,0,0,1
pass=A;cert=ec;rtt=50;model=bernoulli;p=0.02;dir=both,32,full,X25519MLKEM768:X25519,15,50.473,51.583,102.056,1440,1,1220,11ec/1216,0,1210,11ec,1120,0,0,0,1
pass=A;cert=ec;rtt=50;model=bernoulli;p=0.02;dir=both,33,full,X25519MLKEM768:X25519,15,50.429,51.680,102.109,1440,1,1220,11ec/1216,0,1210,11ec,1120,0,0,0,1
pass=A;cert=ec;rtt=50;model=bernoulli;p=0.02;dir=both,34,full,X25519MLKEM768:X25519,15,50.422,51.759,102.182,1440,1,1220,11ec/1216,0,1210,11ec,1120,0,0,0,1
pass=A;cert=ec;rtt=50;model=bernoulli;p=0.02;dir=both,35,full,X25519MLKEM768:X25519,15,50.448,51.649,102.096,1440,1,1220,11ec/1216,0,1210,11ec,1120,0,0,0,1
pass=A;cert=ec;rtt=50;model=bernoulli;p=0.02;dir=both,36,full,X25519MLKEM768:X25519,15,50.379,52.191,102.570,1440,1,1220,11ec/1216,0,1210,11ec,1120,0,0,0,1
pass=A;cert=ec;rtt=50;model=bernoulli;p=0.02;dir=both,37,full,X25519MLKEM768:X25519,15,50.645,53.284,103.928,1440,1,1220,11ec/1216,0,1210,11ec,1120,0,0,0,1
pass=A;cert=ec;rtt=50;model=bernoulli;p=0.02;dir=both,38,full,X25519MLKEM768:X25519,15,50.394,51.943,102.337,1440,1,1220,11ec/1216,0,1210,11ec,1120,0,0,0,1
pass=A;cert=ec;rtt=50;model=bernoulli;p=0.02;dir=both,39,full,X25519MLKEM768:X25519,15,50.476,51.860,102.336,1440,1,1220,11ec/1216,0,1210,11ec,1120,0,0,0,1
pass=A;cert=ec;rtt=50;model=bernoulli;p=0.02;dir=both,40,full,X25519MLKEM768:X25519,15,50.406,51.761,102.168,1440,1,1220,11ec/1216,0,1210,11ec,1120,0,0,0,1
pass=A;cert=ec;rtt=50;model=bernoulli;p=0.02;dir=both,41,full,X25519MLKEM768:X25519,15,50.421,52.249,102.669,1440,1,1220,11ec/1216,0,1210,11ec,1120,0,0,0,1
pass=A;cert=ec;rtt=50;model=bernoulli;p=0.02;dir=both,42,full,X25519MLKEM768:X25519,15,50.404,51.650,102.054,1440,1,1220,11ec/1216,0,1210,11ec,1120,0,0,0,1
pass=A;cert=ec;rtt=50;model=bernoulli;p=0.02;dir=both,43,full,X25519MLKEM768:X25519,15,50.408,51.703,102.112,1440,1,1220,11ec/1216,0,1210,11ec,1120,0,0,0,1
pass=A;cert=ec;rtt=50;model=bernoulli;p=0.02;dir=both,44,full,X25519MLKEM768:X25519,15,50.307,51.850,102.157,1440,1,1220,11ec/1216,0,1210,11ec,1120,0,0,0,1
pass=A;cert=ec;rtt=50;model=bernoulli;p=0.02;dir=both,45,full,X25519MLKEM768:X25519,15,50.365,51.916,102.281,1440,1,1220,11ec/1216,0,1210,11ec,1120,0,0,0,1
pass=A;cert=ec;rtt=50;model=bernoulli;p=0.02;dir=both,46,full,X25519MLKEM768:X25519,15,50.548,52.435,102.983,1440,1,1220,11ec/1216,0,1210,11ec,1120,0,0,0,1
pass=A;cert=ec;rtt=50;model=bernoulli;p=0.02;dir=both,47,full,X25519MLKEM768:X25519,15,50.521,51.752,102.274,1440,1,1220,11ec/1216,0,1210,11ec,1120,0,0,0,1
pass=A;cert=ec;rtt=50;model=bernoulli;p=0.02;dir=both,48,full,X25519MLKEM768:X25519,15,50.399,364.864,415.263,1440,1,1220,11ec/1216,0,1210,11ec,1120,0,0,0,1
pass=A;cert=ec;rtt=50;model=bernoulli;p=0.02;dir=both,49,full,X25519MLKEM768:X25519,15,50.450,51.739,102.189,1440,1,1220,11ec/1216,0,1210,11ec,1120,0,0,0,1
pass=A;cert=ec;rtt=50;model=bernoulli;p=0.02;dir=both,50,full,X25519MLKEM768:X25519,15,50.515,51.658,102.173,1440,1,1220,11ec/1216,0,1210,11ec,1120,0,0,0,1
pass=A;cert=ec;rtt=50;model=bernoulli;p=0.02;dir=both,51,full,X25519MLKEM768:X25519,15,50.429,52.127,102.556,1440,1,1220,11ec/1216,0,1210,11ec,1120,0,0,0,1
pass=A;cert=ec;rtt=50;model=bernoulli;p=0.02;dir=both,52,full,X25519MLKEM768:X25519,15,50.490,51.800,102.290,1440,1,1220,11ec/1216,0,1210,11ec,1120,0,0,0,1
pass=A;cert=ec;rtt=50;model=bernoulli;p=0.02;dir=both,53,full,X25519MLKEM768:X25519,15,50.415,51.964,102.379,1440,1,1220,11ec/1216,0,1210,11ec,1120,0,0,0,1
pass=A;cert=ec;rtt=50;model=bernoulli;p=0.02;dir=both,54,full,X25519MLKEM768:X25519,15,50.538,51.892,102.430,1440,1,1220,11ec/1216,0,1210,11ec,1120,0,0,0,1
pass=A;cert=ec;rtt=50;model=bernoulli;p=0.02;dir=both,55,full,X25519MLKEM768:X25519,15,50.417,51.857,102.274,1440,1,1220,11ec/1216,0,1210,11ec,1120,0,0,0,1
pass=A;cert=ec;rtt=50;model=bernoulli;p=0.02;dir=both,56,full,X25519MLKEM768:X25519,15,50.390,51.826,102.216,1440,1,1220,11ec/1216,0,1210,11ec,1120,0,0,0,1
pass=A;cert=ec;rtt=50;model=bernoulli;p=0.02;dir=both,57,full,X25519MLKEM768:X25519,15,50.500,51.774,102.274,1440,1,1220,11ec/1216,0,1210,11ec,1120,0,0,0,1
pass=A;cert=ec;rtt=50;model=bernoulli;p=0.02;dir=both,58,full,X25519MLKEM768:X25519,15,50.447,52.289,102.736,1440,1,1220,11ec/1216,0,1210,11ec,1120,0,0,0,1
pass=A;cert=ec;rtt=50;model=bernoulli;p=0.02;dir=both,59,full,X25519MLKEM768:X25519,15,50.423,52.162,102.586,1440,1,1220,11ec/1216,0,1210,11ec,1120,0,0,0,1
pass=A;cert=ec;rtt=50;model=bernoulli;p=0.02;dir=both,60,full,X25519MLKEM768:X25519,15,50.472,51.700,102.171,1440,1,1220,11ec/1216,0,1210,11ec,1120,0,0,0,1
pass=A;cert=ec;rtt=50;model=bernoulli;p=0.02;dir=both,61,full,X25519MLKEM768:X25519,15,50.414,52.225,102.639,1440,1,1220,11ec/1216,0,1210,11ec,1120,0,0,0,1
pass=A;cert=ec;rtt=50;model=bernoulli;p=0.02;dir=both,62,full,X25519MLKEM768:X25519,15,50.526,52.092,102.618,1440,1,1220,11ec/1216,0,1210,11ec,1120,0,0,0,1
pass=A;cert=ec;rtt=50;model=bernoulli;p=0.02;dir=both,63,full,X25519MLKEM768:X25519,15,50.464,51.611,102.075,1440,1,1220,11ec/1216,0,1210,11ec,1120,0,0,0,1
pass=A;cert=ec;rtt=50;model=bernoulli;p=0.02;dir=both,64,full,X25519MLKEM768:X25519,15,50.394,51.849,102.243,1440,1,1220,11ec/1216,0,1210,11ec,1120,0,0,0,1
pass=A;cert=ec;rtt=50;model=bernoulli;p=0.02;dir=both,65,full,X25519MLKEM768:X25519,15,50.412,121.553,171.965,1440,1,1220,11ec/1216,0,1210,11ec,1120,0,0,0,1
pass=A;cert=ec;rtt=50;model=bernoulli;p=0.02;dir=both,66,full,X25519MLKEM768:X25519,15,50.550,51.768,102.318,1440,1,1220,11ec/1216,0,1210,11ec,1120,0,0,0,1
pass=A;cert=ec;rtt=50;model=bernoulli;p=0.02;dir=both,67,full,X25519MLKEM768:X25519,15,1054.166,51.687,1105.853,1440,1,1220,11ec/1216,0,1210,11ec,1120,0,0,1,1
pass=A;cert=ec;rtt=50;model=bernoulli;p=0.02;dir=both,68,full,X25519MLKEM768:X25519,15,50.466,51.673,102.139,1440,1,1220,11ec/1216,0,1210,11ec,1120,0,0,0,1
pass=A;cert=ec;rtt=50;model=bernoulli;p=0.02;dir=both,69,full,X25519MLKEM768:X25519,15,50.497,51.718,102.215,1440,1,1220,11ec/1216,0,1210,11ec,1120,0,0,0,1
pass=A;cert=ec;rtt=50;model=bernoulli;p=0.02;dir=both,70,full,X25519MLKEM768:X25519,15,50.587,52.197,102.784,1440,1,1220,11ec/1216,0,1210,11ec,1120,0,0,0,1
pass=A;cert=ec;rtt=50;model=bernoulli;p=0.02;dir=both,71,full,X25519MLKEM768:X25519,15,1055.557,104.257,1159.814,1440,1,1220,11ec/1216,0,1210,11ec,1120,0,0,1,1
pass=A;cert=ec;rtt=50;model=bernoulli;p=0.02;dir=both,72,full,X25519MLKEM768:X25519,15,50.575,51.894,102.469,1440,1,1220,11ec/1216,0,1210,11ec,1120,0,0,0,1
pass=A;cert=ec;rtt=50;model=bernoulli;p=0.02;dir=both,73,full,X25519MLKEM768:X25519,15,50.482,118.861,169.344,1440,1,1220,11ec/1216,0,1210,11ec,1120,0,0,0,1
pass=A;cert=ec;rtt=50;model=bernoulli;p=0.02;dir=both,74,full,X25519MLKEM768:X25519,15,50.416,121.558,171.974,1440,1,1220,11ec/1216,0,1210,11ec,1120,0,0,0,1
pass=A;cert=ec;rtt=50;model=bernoulli;p=0.02;dir=both,75,full,X25519MLKEM768:X25519,15,50.507,53.529,104.036,1440,1,1220,11ec/1216,0,1210,11ec,1120,0,0,0,1
pass=A;cert=ec;rtt=50;model=bernoulli;p=0.02;dir=both,76,full,X25519MLKEM768:X25519,15,50.446,51.915,102.361,1440,1,1220,11ec/1216,0,1210,11ec,1120,0,0,0,1
pass=A;cert=ec;rtt=50;model=bernoulli;p=0.02;dir=both,77,full,X25519MLKEM768:X25519,15,50.669,51.705,102.374,1440,1,1220,11ec/1216,0,1210,11ec,1120,0,0,0,1
pass=A;cert=ec;rtt=50;model=bernoulli;p=0.02;dir=both,78,full,X25519MLKEM768:X25519,15,50.463,51.739,102.202,1440,1,1220,11ec/1216,0,1210,11ec,1120,0,0,0,1
pass=A;cert=ec;rtt=50;model=bernoulli;p=0.02;dir=both,79,full,X25519MLKEM768:X25519,15,50.486,51.908,102.394,1440,1,1220,11ec/1216,0,1210,11ec,1120,0,0,0,1
pass=A;cert=ec;rtt=50;model=bernoulli;p=0.02;dir=both,80,full,X25519MLKEM768:X25519,15,50.363,54.270,104.633,1440,1,1220,11ec/1216,0,1210,11ec,1120,0,0,0,1
pass=A;cert=ec;rtt=50;model=bernoulli;p=0.02;dir=both,81,full,X25519MLKEM768:X25519,15,50.462,53.698,104.160,1440,1,1220,11ec/1216,0,1210,11ec,1120,0,0,0,1
pass=A;cert=ec;rtt=50;model=bernoulli;p=0.02;dir=both,82,full,X25519MLKEM768:X25519,15,50.416,51.823,102.240,1440,1,1220,11ec/1216,0,1210,11ec,1120,0,0,0,1
pass=A;cert=ec;rtt=50;model=bernoulli;p=0.02;dir=both,83,full,X25519MLKEM768:X25519,15,50.516,52.275,102.791,1440,1,1220,11ec/1216,0,1210,11ec,1120,0,0,0,1
pass=A;cert=ec;rtt=50;model=bernoulli;p=0.02;dir=both,84,full,X25519MLKEM768:X25519,15,50.506,52.435,102.941,1440,1,1220,11ec/1216,0,1210,11ec,1120,0,0,0,1
pass=A;cert=ec;rtt=50;model=bernoulli;p=0.02;dir=both,85,full,X25519MLKEM768:X25519,15,50.415,52.237,102.653,1440,1,1220,11ec/1216,0,1210,11ec,1120,0,0,0,1
pass=A;cert=ec;rtt=50;model=bernoulli;p=0.02;dir=both,86,full,X25519MLKEM768:X25519,15,50.535,52.411,102.946,1440,1,1220,11ec/1216,0,1210,11ec,1120,0,0,0,1
pass=A;cert=ec;rtt=50;model=bernoulli;p=0.02;dir=both,87,full,X25519MLKEM768:X25519,15,50.494,51.908,102.402,1440,1,1220,11ec/1216,0,1210,11ec,1120,0,0,0,1
pass=A;cert=ec;rtt=50;model=bernoulli;p=0.02;dir=both,88,full,X25519MLKEM768:X25519,15,50.463,51.848,102.311,1440,1,1220,11ec/1216,0,1210,11ec,1120,0,0,0,1
pass=A;cert=ec;rtt=50;model=bernoulli;p=0.02;dir=both,89,full,X25519MLKEM768:X25519,15,50.481,51.832,102.312,1440,1,1220,11ec/1216,0,1210,11ec,1120,0,0,0,1
pass=A;cert=ec;rtt=50;model=bernoulli;p=0.02;dir=both,90,full,X25519MLKEM768:X25519,15,50.454,51.855,102.309,1440,1,1220,11ec/1216,0,1210,11ec,1120,0,0,0,1
pass=A;cert=ec;rtt=50;model=bernoulli;p=0.02;dir=both,91,full,X25519MLKEM768:X25519,15,50.437,51.638,102.075,1440,1,1220,11ec/1216,0,1210,11ec,1120,0,0,0,1
pass=A;cert=ec;rtt=50;model=bernoulli;p=0.02;dir=both,92,full,X25519MLKEM768:X25519,15,50.425,51.796,102.222,1440,1,1220,11ec/1216,0,1210,11ec,1120,0,0,0,1
pass=A;cert=ec;rtt=50;model=bernoulli;p=0.02;dir=both,93,full,X25519MLKEM768:X25519,15,50.428,51.886,102.315,1440,1,1220,11ec/1216,0,1210,11ec,1120,0,0,0,1
pass=A;cert=ec;rtt=50;model=bernoulli;p=0.02;dir=both,94,full,X25519MLKEM768:X25519,15,50.425,51.923,102.348,1440,1,1220,11ec/1216,0,1210,11ec,1120,0,0,0,1
pass=A;cert=ec;rtt=50;model=bernoulli;p=0.02;dir=both,95,full,X25519MLKEM768:X25519,15,50.405,51.826,102.231,1440,1,1220,11ec/1216,0,1210,11ec,1120,0,0,0,1
pass=A;cert=ec;rtt=50;model=bernoulli;p=0.02;dir=both,96,full,X25519MLKEM768:X25519,15,50.425,51.821,102.247,1440,1,1220,11ec/1216,0,1210,11ec,1120,0,0,0,1
pass=A;cert=ec;rtt=50;model=bernoulli;p=0.02;dir=both,97,full,X25519MLKEM768:X25519,15,1055.282,52.008,1107.290,1440,1,1220,11ec/1216,0,1210,11ec,1120,0,0,1,1
pass=A;cert=ec;rtt=50;model=bernoulli;p=0.02;dir=both,98,full,X25519MLKEM768:X25519,15,50.503,53.048,103.551,1440,1,1220,11ec/1216,0,1210,11ec,1120,0,0,0,1
pass=A;cert=ec;rtt=50;model=bernoulli;p=0.02;dir=both,99,full,X25519MLKEM768:X25519,15,50.356,51.711,102.067,1440,1,1220,11ec/1216,0,1210,11ec,1120,0,0,0,1
pass=A;cert=ec;rtt=50;model=bernoulli;p=0.02;dir=both,100,full,X25519MLKEM768:X25519,15,50.381,118.579,168.960,1440,1,1220,11ec/1216,0,1210,11ec,1120,0,0,0,1
pass=A;cert=ec;rtt=50;model=bernoulli;p=0.02;dir=both,101,full,X25519MLKEM768:X25519,15,50.435,51.692,102.127,1440,1,1220,11ec/1216,0,1210,11ec,1120,0,0,0,1
pass=A;cert=ec;rtt=50;model=bernoulli;p=0.02;dir=both,102,full,X25519MLKEM768:X25519,15,53.143,51.881,105.024,1440,1,1220,11ec/1216,0,1210,11ec,1120,0,0,0,1
pass=A;cert=ec;rtt=50;model=bernoulli;p=0.02;dir=both,103,full,X25519MLKEM768:X25519,15,50.495,52.008,102.503,1440,1,1220,11ec/1216,0,1210,11ec,1120,0,0,0,1
pass=A;cert=ec;rtt=50;model=bernoulli;p=0.02;dir=both,104,full,X25519MLKEM768:X25519,15,50.476,52.195,102.670,1440,1,1220,11ec/1216,0,1210,11ec,1120,0,0,0,1
pass=A;cert=ec;rtt=50;model=bernoulli;p=0.02;dir=both,105,full,X25519MLKEM768:X25519,15,50.500,51.725,102.226,1440,1,1220,11ec/1216,0,1210,11ec,1120,0,0,0,1
pass=A;cert=ec;rtt=50;model=bernoulli;p=0.02;dir=both,106,full,X25519MLKEM768:X25519,15,50.459,51.956,102.415,1440,1,1220,11ec/1216,0,1210,11ec,1120,0,0,0,1
pass=A;cert=ec;rtt=50;model=bernoulli;p=0.02;dir=both,107,full,X25519MLKEM768:X25519,15,50.537,52.254,102.792,1440,1,1220,11ec/1216,0,1210,11ec,1120,0,0,0,1
pass=A;cert=ec;rtt=50;model=bernoulli;p=0.02;dir=both,108,full,X25519MLKEM768:X25519,15,50.446,51.902,102.348,1440,1,1220,11ec/1216,0,1210,11ec,1120,0,0,0,1
pass=A;cert=ec;rtt=50;model=bernoulli;p=0.02;dir=both,109,full,X25519MLKEM768:X25519,15,50.419,52.520,102.939,1440,1,1220,11ec/1216,0,1210,11ec,1120,0,0,0,1
pass=A;cert=ec;rtt=50;model=bernoulli;p=0.02;dir=both,110,full,X25519MLKEM768:X25519,15,51.250,51.741,102.991,1440,1,1220,11ec/1216,0,1210,11ec,1120,0,0,0,1
pass=A;cert=ec;rtt=50;model=bernoulli;p=0.02;dir=both,111,full,X25519MLKEM768:X25519,15,50.390,51.911,102.302,1440,1,1220,11ec/1216,0,1210,11ec,1120,0,0,0,1
pass=A;cert=ec;rtt=50;model=bernoulli;p=0.02;dir=both,112,full,X25519MLKEM768:X25519,15,50.411,52.273,102.684,1440,1,1220,11ec/1216,0,1210,11ec,1120,0,0,0,1
pass=A;cert=ec;rtt=50;model=bernoulli;p=0.02;dir=both,113,full,X25519MLKEM768:X25519,15,50.496,51.910,102.406,1440,1,1220,11ec/1216,0,1210,11ec,1120,0,0,0,1
pass=A;cert=ec;rtt=50;model=bernoulli;p=0.02;dir=both,114,full,X25519MLKEM768:X25519,15,50.431,51.823,102.255,1440,1,1220,11ec/1216,0,1210,11ec,1120,0,0,0,1
pass=A;cert=ec;rtt=50;model=bernoulli;p=0.02;dir=both,115,full,X25519MLKEM768:X25519,15,50.529,51.902,102.431,1440,1,1220,11ec/1216,0,1210,11ec,1120,0,0,0,1
pass=A;cert=ec;rtt=50;model=bernoulli;p=0.02;dir=both,116,full,X25519MLKEM768:X25519,15,50.414,52.577,102.990,1440,1,1220,11ec/1216,0,1210,11ec,1120,0,0,0,1
pass=A;cert=ec;rtt=50;model=bernoulli;p=0.02;dir=both,117,full,X25519MLKEM768:X25519,15,50.528,53.866,104.393,1440,1,1220,11ec/1216,0,1210,11ec,1120,0,0,0,1
pass=A;cert=ec;rtt=50;model=bernoulli;p=0.02;dir=both,118,full,X25519MLKEM768:X25519,15,50.357,51.920,102.277,1440,1,1220,11ec/1216,0,1210,11ec,1120,0,0,0,1
pass=A;cert=ec;rtt=50;model=bernoulli;p=0.02;dir=both,119,full,X25519MLKEM768:X25519,15,53.108,324.810,377.918,1440,1,1220,11ec/1216,0,1210,11ec,1120,0,0,1,1
pass=A;cert=ec;rtt=50;model=bernoulli;p=0.02;dir=both,120,full,X25519MLKEM768:X25519,15,50.445,333.265,383.710,1440,1,1220,11ec/1216,0,1210,11ec,1120,0,0,1,1
pass=A;cert=ec;rtt=50;model=bernoulli;p=0.02;dir=both,121,full,X25519MLKEM768:X25519,15,50.451,159.459,209.910,1440,1,1220,11ec/1216,0,1210,11ec,1120,0,0,0,1
pass=A;cert=ec;rtt=50;model=bernoulli;p=0.02;dir=both,122,full,X25519MLKEM768:X25519,15,50.539,385.361,435.901,1440,1,1220,11ec/1216,0,1210,11ec,1120,0,0,0,1
pass=A;cert=ec;rtt=50;model=bernoulli;p=0.02;dir=both,123,full,X25519MLKEM768:X25519,15,50.690,51.956,102.646,1440,1,1220,11ec/1216,0,1210,11ec,1120,0,0,0,1
pass=A;cert=ec;rtt=50;model=bernoulli;p=0.02;dir=both,124,full,X25519MLKEM768:X25519,15,50.433,51.785,102.218,1440,1,1220,11ec/1216,0,1210,11ec,1120,0,0,0,1
pass=A;cert=ec;rtt=50;model=bernoulli;p=0.02;dir=both,125,full,X25519MLKEM768:X25519,15,50.435,51.713,102.148,1440,1,1220,11ec/1216,0,1210,11ec,1120,0,0,0,1
pass=A;cert=ec;rtt=50;model=bernoulli;p=0.02;dir=both,126,full,X25519MLKEM768:X25519,15,50.578,52.116,102.694,1440,1,1220,11ec/1216,0,1210,11ec,1120,0,0,0,1
pass=A;cert=ec;rtt=50;model=bernoulli;p=0.02;dir=both,127,full,X25519MLKEM768:X25519,15,50.567,51.795,102.361,1440,1,1220,11ec/1216,0,1210,11ec,1120,0,0,0,1
pass=A;cert=ec;rtt=50;model=bernoulli;p=0.02;dir=both,128,full,X25519MLKEM768:X25519,15,50.525,51.933,102.459,1440,1,1220,11ec/1216,0,1210,11ec,1120,0,0,0,1
pass=A;cert=ec;rtt=50;model=bernoulli;p=0.02;dir=both,129,full,X25519MLKEM768:X25519,15,1073.334,51.765,1125.099,1440,1,1220,11ec/1216,0,1210,11ec,1120,0,0,1,1
pass=A;cert=ec;rtt=50;model=bernoulli;p=0.02;dir=both,130,full,X25519MLKEM768:X25519,15,50.527,52.200,102.727,1440,1,1220,11ec/1216,0,1210,11ec,1120,0,0,0,1
pass=A;cert=ec;rtt=50;model=bernoulli;p=0.02;dir=both,131,full,X25519MLKEM768:X25519,15,50.466,51.885,102.351,1440,1,1220,11ec/1216,0,1210,11ec,1120,0,0,0,1
pass=A;cert=ec;rtt=50;model=bernoulli;p=0.02;dir=both,132,full,X25519MLKEM768:X25519,15,50.540,52.291,102.831,1440,1,1220,11ec/1216,0,1210,11ec,1120,0,0,0,1
pass=A;cert=ec;rtt=50;model=bernoulli;p=0.02;dir=both,133,full,X25519MLKEM768:X25519,15,50.394,53.616,104.010,1440,1,1220,11ec/1216,0,1210,11ec,1120,0,0,0,1
pass=A;cert=ec;rtt=50;model=bernoulli;p=0.02;dir=both,134,full,X25519MLKEM768:X25519,15,1072.026,358.947,1430.973,1440,1,1220,11ec/1216,0,1210,11ec,1120,0,0,1,1
pass=A;cert=ec;rtt=50;model=bernoulli;p=0.02;dir=both,135,full,X25519MLKEM768:X25519,15,50.442,52.221,102.663,1440,1,1220,11ec/1216,0,1210,11ec,1120,0,0,0,1
pass=A;cert=ec;rtt=50;model=bernoulli;p=0.02;dir=both,136,full,X25519MLKEM768:X25519,15,50.537,51.826,102.364,1440,1,1220,11ec/1216,0,1210,11ec,1120,0,0,0,1
pass=A;cert=ec;rtt=50;model=bernoulli;p=0.02;dir=both,137,full,X25519MLKEM768:X25519,15,50.407,52.603,103.009,1440,1,1220,11ec/1216,0,1210,11ec,1120,0,0,0,1
pass=A;cert=ec;rtt=50;model=bernoulli;p=0.02;dir=both,138,full,X25519MLKEM768:X25519,15,50.537,52.342,102.878,1440,1,1220,11ec/1216,0,1210,11ec,1120,0,0,0,1
pass=A;cert=ec;rtt=50;model=bernoulli;p=0.02;dir=both,139,full,X25519MLKEM768:X25519,15,50.474,52.463,102.937,1440,1,1220,11ec/1216,0,1210,11ec,1120,0,0,0,1
pass=A;cert=ec;rtt=50;model=bernoulli;p=0.02;dir=both,140,full,X25519MLKEM768:X25519,15,50.478,52.390,102.868,1440,1,1220,11ec/1216,0,1210,11ec,1120,0,0,0,1
pass=A;cert=ec;rtt=50;model=bernoulli;p=0.02;dir=both,141,full,X25519MLKEM768:X25519,15,50.353,52.217,102.569,1440,1,1220,11ec/1216,0,1210,11ec,1120,0,0,0,1
pass=A;cert=ec;rtt=50;model=bernoulli;p=0.02;dir=both,142,full,X25519MLKEM768:X25519,15,50.847,52.862,103.709,1440,1,1220,11ec/1216,0,1210,11ec,1120,0,0,0,1
pass=A;cert=ec;rtt=50;model=bernoulli;p=0.02;dir=both,143,full,X25519MLKEM768:X25519,15,50.468,52.079,102.547,1440,1,1220,11ec/1216,0,1210,11ec,1120,0,0,0,1
pass=A;cert=ec;rtt=50;model=bernoulli;p=0.02;dir=both,144,full,X25519MLKEM768:X25519,15,50.500,52.010,102.510,1440,1,1220,11ec/1216,0,1210,11ec,1120,0,0,0,1
pass=A;cert=ec;rtt=50;model=bernoulli;p=0.02;dir=both,145,full,X25519MLKEM768:X25519,15,51.034,51.933,102.967,1440,1,1220,11ec/1216,0,1210,11ec,1120,0,0,0,1
pass=A;cert=ec;rtt=50;model=bernoulli;p=0.02;dir=both,146,full,X25519MLKEM768:X25519,15,50.472,51.934,102.406,1440,1,1220,11ec/1216,0,1210,11ec,1120,0,0,0,1
pass=A;cert=ec;rtt=50;model=bernoulli;p=0.02;dir=both,147,full,X25519MLKEM768:X25519,15,50.484,52.201,102.685,1440,1,1220,11ec/1216,0,1210,11ec,1120,0,0,0,1
pass=A;cert=ec;rtt=50;model=bernoulli;p=0.02;dir=both,148,full,X25519MLKEM768:X25519,15,51.659,51.735,103.394,1440,1,1220,11ec/1216,0,1210,11ec,1120,0,0,0,1
pass=A;cert=ec;rtt=50;model=bernoulli;p=0.02;dir=both,149,full,X25519MLKEM768:X25519,15,50.485,325.897,376.382,1440,1,1220,11ec/1216,0,1210,11ec,1120,0,0,1,1
pass=A;cert=ec;rtt=50;model=bernoulli;p=0.02;dir=both,0,full,default,15,50.558,52.409,102.967,1488,2,1256,11ec/1216;001d/32,0,1210,11ec,1120,0,0,0,1
pass=A;cert=ec;rtt=50;model=bernoulli;p=0.02;dir=both,1,full,default,15,57.071,52.423,109.494,1488,2,1256,11ec/1216;001d/32,0,1210,11ec,1120,0,0,0,1
pass=A;cert=ec;rtt=50;model=bernoulli;p=0.02;dir=both,2,full,default,15,50.497,52.348,102.845,1488,2,1256,11ec/1216;001d/32,0,1210,11ec,1120,0,0,0,1
pass=A;cert=ec;rtt=50;model=bernoulli;p=0.02;dir=both,3,full,default,15,50.633,119.416,170.049,1488,2,1256,11ec/1216;001d/32,0,1210,11ec,1120,0,0,1,1
pass=A;cert=ec;rtt=50;model=bernoulli;p=0.02;dir=both,4,full,default,15,50.469,52.503,102.972,1488,2,1256,11ec/1216;001d/32,0,1210,11ec,1120,0,0,0,1
pass=A;cert=ec;rtt=50;model=bernoulli;p=0.02;dir=both,5,full,default,15,50.576,52.230,102.806,1488,2,1256,11ec/1216;001d/32,0,1210,11ec,1120,0,0,0,1
pass=A;cert=ec;rtt=50;model=bernoulli;p=0.02;dir=both,6,full,default,15,50.539,52.380,102.919,1488,2,1256,11ec/1216;001d/32,0,1210,11ec,1120,0,0,0,1
pass=A;cert=ec;rtt=50;model=bernoulli;p=0.02;dir=both,7,full,default,15,50.449,51.886,102.335,1488,2,1256,11ec/1216;001d/32,0,1210,11ec,1120,0,0,0,1
pass=A;cert=ec;rtt=50;model=bernoulli;p=0.02;dir=both,8,full,default,15,50.350,51.719,102.070,1488,2,1256,11ec/1216;001d/32,0,1210,11ec,1120,0,0,0,1
pass=A;cert=ec;rtt=50;model=bernoulli;p=0.02;dir=both,9,full,default,15,50.444,51.883,102.328,1488,2,1256,11ec/1216;001d/32,0,1210,11ec,1120,0,0,0,1
pass=A;cert=ec;rtt=50;model=bernoulli;p=0.02;dir=both,10,full,default,15,50.439,51.810,102.249,1488,2,1256,11ec/1216;001d/32,0,1210,11ec,1120,0,0,0,1
pass=A;cert=ec;rtt=50;model=bernoulli;p=0.02;dir=both,11,full,default,15,50.893,51.757,102.650,1488,2,1256,11ec/1216;001d/32,0,1210,11ec,1120,0,0,0,1
pass=A;cert=ec;rtt=50;model=bernoulli;p=0.02;dir=both,12,full,default,15,50.695,52.300,102.996,1488,2,1256,11ec/1216;001d/32,0,1210,11ec,1120,0,0,0,1
pass=A;cert=ec;rtt=50;model=bernoulli;p=0.02;dir=both,13,full,default,15,50.414,52.332,102.745,1488,2,1256,11ec/1216;001d/32,0,1210,11ec,1120,0,0,0,1
pass=A;cert=ec;rtt=50;model=bernoulli;p=0.02;dir=both,14,full,default,15,50.626,51.782,102.409,1488,2,1256,11ec/1216;001d/32,0,1210,11ec,1120,0,0,0,1
pass=A;cert=ec;rtt=50;model=bernoulli;p=0.02;dir=both,15,full,default,15,1063.066,51.954,1115.020,1488,2,1256,11ec/1216;001d/32,0,1210,11ec,1120,0,0,1,1
pass=A;cert=ec;rtt=50;model=bernoulli;p=0.02;dir=both,16,full,default,15,50.550,52.589,103.139,1488,2,1256,11ec/1216;001d/32,0,1210,11ec,1120,0,0,0,1
pass=A;cert=ec;rtt=50;model=bernoulli;p=0.02;dir=both,17,full,default,15,50.412,51.924,102.335,1488,2,1256,11ec/1216;001d/32,0,1210,11ec,1120,0,0,0,1
pass=A;cert=ec;rtt=50;model=bernoulli;p=0.02;dir=both,18,full,default,15,50.488,51.924,102.413,1488,2,1256,11ec/1216;001d/32,0,1210,11ec,1120,0,0,0,1
pass=A;cert=ec;rtt=50;model=bernoulli;p=0.02;dir=both,19,full,default,15,50.406,51.850,102.256,1488,2,1256,11ec/1216;001d/32,0,1210,11ec,1120,0,0,0,1
pass=A;cert=ec;rtt=50;model=bernoulli;p=0.02;dir=both,20,full,default,15,1066.573,52.307,1118.880,1488,2,1256,11ec/1216;001d/32,0,1210,11ec,1120,0,0,1,1
pass=A;cert=ec;rtt=50;model=bernoulli;p=0.02;dir=both,21,full,default,15,50.437,52.183,102.620,1488,2,1256,11ec/1216;001d/32,0,1210,11ec,1120,0,0,0,1
pass=A;cert=ec;rtt=50;model=bernoulli;p=0.02;dir=both,22,full,default,15,50.410,51.684,102.095,1488,2,1256,11ec/1216;001d/32,0,1210,11ec,1120,0,0,0,1
pass=A;cert=ec;rtt=50;model=bernoulli;p=0.02;dir=both,23,full,default,15,50.542,371.228,421.770,1488,2,1256,11ec/1216;001d/32,0,1210,11ec,1120,0,0,0,1
pass=A;cert=ec;rtt=50;model=bernoulli;p=0.02;dir=both,24,full,default,15,50.407,53.852,104.259,1488,2,1256,11ec/1216;001d/32,0,1210,11ec,1120,0,0,0,1
pass=A;cert=ec;rtt=50;model=bernoulli;p=0.02;dir=both,25,full,default,15,50.420,51.881,102.301,1488,2,1256,11ec/1216;001d/32,0,1210,11ec,1120,0,0,0,1
pass=A;cert=ec;rtt=50;model=bernoulli;p=0.02;dir=both,26,full,default,15,50.412,51.695,102.107,1488,2,1256,11ec/1216;001d/32,0,1210,11ec,1120,0,0,0,1
pass=A;cert=ec;rtt=50;model=bernoulli;p=0.02;dir=both,27,full,default,15,50.395,51.952,102.347,1488,2,1256,11ec/1216;001d/32,0,1210,11ec,1120,0,0,0,1
pass=A;cert=ec;rtt=50;model=bernoulli;p=0.02;dir=both,28,full,default,15,50.442,51.762,102.204,1488,2,1256,11ec/1216;001d/32,0,1210,11ec,1120,0,0,0,1
pass=A;cert=ec;rtt=50;model=bernoulli;p=0.02;dir=both,29,full,default,15,50.402,51.965,102.367,1488,2,1256,11ec/1216;001d/32,0,1210,11ec,1120,0,0,0,1
pass=A;cert=ec;rtt=50;model=bernoulli;p=0.02;dir=both,30,full,default,15,50.505,52.331,102.836,1488,2,1256,11ec/1216;001d/32,0,1210,11ec,1120,0,0,0,1
pass=A;cert=ec;rtt=50;model=bernoulli;p=0.02;dir=both,31,full,default,15,50.306,68.487,118.793,1488,2,1256,11ec/1216;001d/32,0,1210,11ec,1120,0,0,0,1
pass=A;cert=ec;rtt=50;model=bernoulli;p=0.02;dir=both,32,full,default,15,50.475,52.571,103.046,1488,2,1256,11ec/1216;001d/32,0,1210,11ec,1120,0,0,0,1
pass=A;cert=ec;rtt=50;model=bernoulli;p=0.02;dir=both,33,full,default,15,50.379,51.879,102.258,1488,2,1256,11ec/1216;001d/32,0,1210,11ec,1120,0,0,0,1
pass=A;cert=ec;rtt=50;model=bernoulli;p=0.02;dir=both,34,full,default,15,50.432,52.177,102.609,1488,2,1256,11ec/1216;001d/32,0,1210,11ec,1120,0,0,0,1
pass=A;cert=ec;rtt=50;model=bernoulli;p=0.02;dir=both,35,full,default,15,50.409,51.688,102.097,1488,2,1256,11ec/1216;001d/32,0,1210,11ec,1120,0,0,0,1
pass=A;cert=ec;rtt=50;model=bernoulli;p=0.02;dir=both,36,full,default,15,50.379,51.682,102.061,1488,2,1256,11ec/1216;001d/32,0,1210,11ec,1120,0,0,0,1
pass=A;cert=ec;rtt=50;model=bernoulli;p=0.02;dir=both,37,full,default,15,50.411,51.989,102.400,1488,2,1256,11ec/1216;001d/32,0,1210,11ec,1120,0,0,0,1
pass=A;cert=ec;rtt=50;model=bernoulli;p=0.02;dir=both,38,full,default,15,50.382,51.806,102.188,1488,2,1256,11ec/1216;001d/32,0,1210,11ec,1120,0,0,0,1
pass=A;cert=ec;rtt=50;model=bernoulli;p=0.02;dir=both,39,full,default,15,50.436,51.750,102.186,1488,2,1256,11ec/1216;001d/32,0,1210,11ec,1120,0,0,0,1
pass=A;cert=ec;rtt=50;model=bernoulli;p=0.02;dir=both,40,full,default,15,50.482,51.931,102.413,1488,2,1256,11ec/1216;001d/32,0,1210,11ec,1120,0,0,0,1
pass=A;cert=ec;rtt=50;model=bernoulli;p=0.02;dir=both,41,full,default,15,50.651,52.296,102.947,1488,2,1256,11ec/1216;001d/32,0,1210,11ec,1120,0,0,0,1
pass=A;cert=ec;rtt=50;model=bernoulli;p=0.02;dir=both,42,full,default,15,50.496,52.135,102.631,1488,2,1256,11ec/1216;001d/32,0,1210,11ec,1120,0,0,0,1
pass=A;cert=ec;rtt=50;model=bernoulli;p=0.02;dir=both,43,full,default,15,50.450,51.951,102.402,1488,2,1256,11ec/1216;001d/32,0,1210,11ec,1120,0,0,0,1
pass=A;cert=ec;rtt=50;model=bernoulli;p=0.02;dir=both,44,full,default,15,50.452,51.815,102.266,1488,2,1256,11ec/1216;001d/32,0,1210,11ec,1120,0,0,0,1
pass=A;cert=ec;rtt=50;model=bernoulli;p=0.02;dir=both,45,full,default,15,50.414,52.298,102.711,1488,2,1256,11ec/1216;001d/32,0,1210,11ec,1120,0,0,0,1
pass=A;cert=ec;rtt=50;model=bernoulli;p=0.02;dir=both,46,full,default,15,50.432,51.814,102.246,1488,2,1256,11ec/1216;001d/32,0,1210,11ec,1120,0,0,0,1
pass=A;cert=ec;rtt=50;model=bernoulli;p=0.02;dir=both,47,full,default,15,50.426,51.857,102.283,1488,2,1256,11ec/1216;001d/32,0,1210,11ec,1120,0,0,0,1
pass=A;cert=ec;rtt=50;model=bernoulli;p=0.02;dir=both,48,full,default,15,50.433,52.076,102.509,1488,2,1256,11ec/1216;001d/32,0,1210,11ec,1120,0,0,0,1
pass=A;cert=ec;rtt=50;model=bernoulli;p=0.02;dir=both,49,full,default,15,50.523,51.899,102.422,1488,2,1256,11ec/1216;001d/32,0,1210,11ec,1120,0,0,0,1
pass=A;cert=ec;rtt=50;model=bernoulli;p=0.02;dir=both,50,full,default,15,50.459,51.696,102.154,1488,2,1256,11ec/1216;001d/32,0,1210,11ec,1120,0,0,0,1
pass=A;cert=ec;rtt=50;model=bernoulli;p=0.02;dir=both,51,full,default,15,52.648,52.517,105.165,1488,2,1256,11ec/1216;001d/32,0,1210,11ec,1120,0,0,0,1
pass=A;cert=ec;rtt=50;model=bernoulli;p=0.02;dir=both,52,full,default,15,50.368,52.203,102.572,1488,2,1256,11ec/1216;001d/32,0,1210,11ec,1120,0,0,0,1
pass=A;cert=ec;rtt=50;model=bernoulli;p=0.02;dir=both,53,full,default,15,50.403,372.871,423.275,1488,2,1256,11ec/1216;001d/32,0,1210,11ec,1120,0,0,1,1
pass=A;cert=ec;rtt=50;model=bernoulli;p=0.02;dir=both,54,full,default,15,50.580,52.287,102.867,1488,2,1256,11ec/1216;001d/32,0,1210,11ec,1120,0,0,0,1
pass=A;cert=ec;rtt=50;model=bernoulli;p=0.02;dir=both,55,full,default,15,1054.093,102.614,1156.706,1488,2,1256,11ec/1216;001d/32,0,1210,11ec,1120,0,0,1,1
pass=A;cert=ec;rtt=50;model=bernoulli;p=0.02;dir=both,56,full,default,15,50.412,52.519,102.930,1488,2,1256,11ec/1216;001d/32,0,1210,11ec,1120,0,0,0,1
pass=A;cert=ec;rtt=50;model=bernoulli;p=0.02;dir=both,57,full,default,15,50.477,51.878,102.356,1488,2,1256,11ec/1216;001d/32,0,1210,11ec,1120,0,0,0,1
pass=A;cert=ec;rtt=50;model=bernoulli;p=0.02;dir=both,58,full,default,15,50.428,52.252,102.680,1488,2,1256,11ec/1216;001d/32,0,1210,11ec,1120,0,0,0,1
pass=A;cert=ec;rtt=50;model=bernoulli;p=0.02;dir=both,59,full,default,15,50.326,69.327,119.653,1488,2,1256,11ec/1216;001d/32,0,1210,11ec,1120,0,0,0,1
pass=A;cert=ec;rtt=50;model=bernoulli;p=0.02;dir=both,60,full,default,15,50.506,378.961,429.467,1488,2,1256,11ec/1216;001d/32,0,1210,11ec,1120,0,0,0,1
pass=A;cert=ec;rtt=50;model=bernoulli;p=0.02;dir=both,61,full,default,15,50.476,52.118,102.594,1488,2,1256,11ec/1216;001d/32,0,1210,11ec,1120,0,0,0,1
pass=A;cert=ec;rtt=50;model=bernoulli;p=0.02;dir=both,62,full,default,15,50.419,52.192,102.611,1488,2,1256,11ec/1216;001d/32,0,1210,11ec,1120,0,0,0,1
pass=A;cert=ec;rtt=50;model=bernoulli;p=0.02;dir=both,63,full,default,15,50.428,52.314,102.743,1488,2,1256,11ec/1216;001d/32,0,1210,11ec,1120,0,0,0,1
pass=A;cert=ec;rtt=50;model=bernoulli;p=0.02;dir=both,64,full,default,15,50.439,51.788,102.227,1488,2,1256,11ec/1216;001d/32,0,1210,11ec,1120,0,0,0,1
pass=A;cert=ec;rtt=50;model=bernoulli;p=0.02;dir=both,65,full,default,15,50.468,51.670,102.138,1488,2,1256,11ec/1216;001d/32,0,1210,11ec,1120,0,0,0,1
pass=A;cert=ec;rtt=50;model=bernoulli;p=0.02;dir=both,66,full,default,15,50.384,51.826,102.210,1488,2,1256,11ec/1216;001d/32,0,1210,11ec,1120,0,0,0,1
pass=A;cert=ec;rtt=50;model=bernoulli;p=0.02;dir=both,67,full,default,15,50.448,52.166,102.614,1488,2,1256,11ec/1216;001d/32,0,1210,11ec,1120,0,0,0,1
pass=A;cert=ec;rtt=50;model=bernoulli;p=0.02;dir=both,68,full,default,15,50.379,51.723,102.103,1488,2,1256,11ec/1216;001d/32,0,1210,11ec,1120,0,0,0,1
pass=A;cert=ec;rtt=50;model=bernoulli;p=0.02;dir=both,69,full,default,15,50.515,51.687,102.202,1488,2,1256,11ec/1216;001d/32,0,1210,11ec,1120,0,0,0,1
pass=A;cert=ec;rtt=50;model=bernoulli;p=0.02;dir=both,70,full,default,15,50.431,51.842,102.273,1488,2,1256,11ec/1216;001d/32,0,1210,11ec,1120,0,0,0,1
pass=A;cert=ec;rtt=50;model=bernoulli;p=0.02;dir=both,71,full,default,15,50.404,51.909,102.313,1488,2,1256,11ec/1216;001d/32,0,1210,11ec,1120,0,0,0,1
pass=A;cert=ec;rtt=50;model=bernoulli;p=0.02;dir=both,72,full,default,15,50.565,51.909,102.474,1488,2,1256,11ec/1216;001d/32,0,1210,11ec,1120,0,0,0,1
pass=A;cert=ec;rtt=50;model=bernoulli;p=0.02;dir=both,73,full,default,15,1066.952,52.151,1119.103,1488,2,1256,11ec/1216;001d/32,0,1210,11ec,1120,0,0,1,1
pass=A;cert=ec;rtt=50;model=bernoulli;p=0.02;dir=both,74,full,default,15,50.538,52.403,102.940,1488,2,1256,11ec/1216;001d/32,0,1210,11ec,1120,0,0,0,1
pass=A;cert=ec;rtt=50;model=bernoulli;p=0.02;dir=both,75,full,default,15,50.470,51.724,102.194,1488,2,1256,11ec/1216;001d/32,0,1210,11ec,1120,0,0,0,1
pass=A;cert=ec;rtt=50;model=bernoulli;p=0.02;dir=both,76,full,default,15,50.442,51.792,102.234,1488,2,1256,11ec/1216;001d/32,0,1210,11ec,1120,0,0,0,1
pass=A;cert=ec;rtt=50;model=bernoulli;p=0.02;dir=both,77,full,default,15,50.398,51.771,102.169,1488,2,1256,11ec/1216;001d/32,0,1210,11ec,1120,0,0,0,1
pass=A;cert=ec;rtt=50;model=bernoulli;p=0.02;dir=both,78,full,default,15,50.504,52.302,102.806,1488,2,1256,11ec/1216;001d/32,0,1210,11ec,1120,0,0,0,1
pass=A;cert=ec;rtt=50;model=bernoulli;p=0.02;dir=both,79,full,default,15,50.569,51.851,102.420,1488,2,1256,11ec/1216;001d/32,0,1210,11ec,1120,0,0,0,1
pass=A;cert=ec;rtt=50;model=bernoulli;p=0.02;dir=both,80,full,default,15,50.349,51.818,102.167,1488,2,1256,11ec/1216;001d/32,0,1210,11ec,1120,0,0,0,1
pass=A;cert=ec;rtt=50;model=bernoulli;p=0.02;dir=both,81,full,default,15,50.431,51.861,102.293,1488,2,1256,11ec/1216;001d/32,0,1210,11ec,1120,0,0,0,1
pass=A;cert=ec;rtt=50;model=bernoulli;p=0.02;dir=both,82,full,default,15,50.444,120.030,170.474,1488,2,1256,11ec/1216;001d/32,0,1210,11ec,1120,0,0,0,1
pass=A;cert=ec;rtt=50;model=bernoulli;p=0.02;dir=both,83,full,default,15,50.419,51.748,102.167,1488,2,1256,11ec/1216;001d/32,0,1210,11ec,1120,0,0,0,1
pass=A;cert=ec;rtt=50;model=bernoulli;p=0.02;dir=both,84,full,default,15,50.423,52.020,102.443,1488,2,1256,11ec/1216;001d/32,0,1210,11ec,1120,0,0,0,1
pass=A;cert=ec;rtt=50;model=bernoulli;p=0.02;dir=both,85,full,default,15,50.445,51.929,102.373,1488,2,1256,11ec/1216;001d/32,0,1210,11ec,1120,0,0,0,1
pass=A;cert=ec;rtt=50;model=bernoulli;p=0.02;dir=both,86,full,default,15,50.461,51.947,102.408,1488,2,1256,11ec/1216;001d/32,0,1210,11ec,1120,0,0,0,1
pass=A;cert=ec;rtt=50;model=bernoulli;p=0.02;dir=both,87,full,default,15,50.467,52.017,102.484,1488,2,1256,11ec/1216;001d/32,0,1210,11ec,1120,0,0,0,1
pass=A;cert=ec;rtt=50;model=bernoulli;p=0.02;dir=both,88,full,default,15,50.474,52.062,102.536,1488,2,1256,11ec/1216;001d/32,0,1210,11ec,1120,0,0,0,1
pass=A;cert=ec;rtt=50;model=bernoulli;p=0.02;dir=both,89,full,default,15,50.407,52.140,102.547,1488,2,1256,11ec/1216;001d/32,0,1210,11ec,1120,0,0,0,1
pass=A;cert=ec;rtt=50;model=bernoulli;p=0.02;dir=both,90,full,default,15,50.380,51.781,102.161,1488,2,1256,11ec/1216;001d/32,0,1210,11ec,1120,0,0,0,1
pass=A;cert=ec;rtt=50;model=bernoulli;p=0.02;dir=both,91,full,default,15,50.414,51.987,102.401,1488,2,1256,11ec/1216;001d/32,0,1210,11ec,1120,0,0,0,1
pass=A;cert=ec;rtt=50;model=bernoulli;p=0.02;dir=both,92,full,default,15,50.468,51.707,102.176,1488,2,1256,11ec/1216;001d/32,0,1210,11ec,1120,0,0,0,1
pass=A;cert=ec;rtt=50;model=bernoulli;p=0.02;dir=both,93,full,default,15,50.406,51.912,102.318,1488,2,1256,11ec/1216;001d/32,0,1210,11ec,1120,0,0,0,1
pass=A;cert=ec;rtt=50;model=bernoulli;p=0.02;dir=both,94,full,default,15,50.417,51.987,102.403,1488,2,1256,11ec/1216;001d/32,0,1210,11ec,1120,0,0,0,1
pass=A;cert=ec;rtt=50;model=bernoulli;p=0.02;dir=both,95,full,default,15,50.461,51.889,102.350,1488,2,1256,11ec/1216;001d/32,0,1210,11ec,1120,0,0,0,1
pass=A;cert=ec;rtt=50;model=bernoulli;p=0.02;dir=both,96,full,default,15,50.409,51.956,102.365,1488,2,1256,11ec/1216;001d/32,0,1210,11ec,1120,0,0,0,1
pass=A;cert=ec;rtt=50;model=bernoulli;p=0.02;dir=both,97,full,default,15,50.483,51.798,102.280,1488,2,1256,11ec/1216;001d/32,0,1210,11ec,1120,0,0,0,1
pass=A;cert=ec;rtt=50;model=bernoulli;p=0.02;dir=both,98,full,default,15,50.393,51.898,102.291,1488,2,1256,11ec/1216;001d/32,0,1210,11ec,1120,0,0,0,1
pass=A;cert=ec;rtt=50;model=bernoulli;p=0.02;dir=both,99,full,default,15,50.492,52.436,102.927,1488,2,1256,11ec/1216;001d/32,0,1210,11ec,1120,0,0,0,1
pass=A;cert=ec;rtt=50;model=bernoulli;p=0.02;dir=both,100,full,default,15,50.351,52.042,102.393,1488,2,1256,11ec/1216;001d/32,0,1210,11ec,1120,0,0,0,1
pass=A;cert=ec;rtt=50;model=bernoulli;p=0.02;dir=both,101,full,default,15,1079.100,51.998,1131.098,1488,2,1256,11ec/1216;001d/32,0,1210,11ec,1120,0,0,1,1
pass=A;cert=ec;rtt=50;model=bernoulli;p=0.02;dir=both,102,full,default,15,1067.882,52.005,1119.886,1488,2,1256,11ec/1216;001d/32,0,1210,11ec,1120,0,0,1,1
pass=A;cert=ec;rtt=50;model=bernoulli;p=0.02;dir=both,103,full,default,15,50.460,51.785,102.245,1488,2,1256,11ec/1216;001d/32,0,1210,11ec,1120,0,0,0,1
pass=A;cert=ec;rtt=50;model=bernoulli;p=0.02;dir=both,104,full,default,15,50.512,52.658,103.170,1488,2,1256,11ec/1216;001d/32,0,1210,11ec,1120,0,0,0,1
pass=A;cert=ec;rtt=50;model=bernoulli;p=0.02;dir=both,105,full,default,15,1054.124,51.919,1106.043,1488,2,1256,11ec/1216;001d/32,0,1210,11ec,1120,0,0,1,1
pass=A;cert=ec;rtt=50;model=bernoulli;p=0.02;dir=both,106,full,default,15,50.442,52.260,102.702,1488,2,1256,11ec/1216;001d/32,0,1210,11ec,1120,0,0,0,1
pass=A;cert=ec;rtt=50;model=bernoulli;p=0.02;dir=both,107,full,default,15,50.431,51.821,102.252,1488,2,1256,11ec/1216;001d/32,0,1210,11ec,1120,0,0,0,1
pass=A;cert=ec;rtt=50;model=bernoulli;p=0.02;dir=both,108,full,default,15,50.459,52.136,102.595,1488,2,1256,11ec/1216;001d/32,0,1210,11ec,1120,0,0,0,1
pass=A;cert=ec;rtt=50;model=bernoulli;p=0.02;dir=both,109,full,default,15,50.501,51.777,102.277,1488,2,1256,11ec/1216;001d/32,0,1210,11ec,1120,0,0,0,1
pass=A;cert=ec;rtt=50;model=bernoulli;p=0.02;dir=both,110,full,default,15,50.434,51.691,102.126,1488,2,1256,11ec/1216;001d/32,0,1210,11ec,1120,0,0,0,1
pass=A;cert=ec;rtt=50;model=bernoulli;p=0.02;dir=both,111,full,default,15,50.470,51.864,102.335,1488,2,1256,11ec/1216;001d/32,0,1210,11ec,1120,0,0,0,1
pass=A;cert=ec;rtt=50;model=bernoulli;p=0.02;dir=both,112,full,default,15,1060.921,51.963,1112.884,1488,2,1256,11ec/1216;001d/32,0,1210,11ec,1120,0,0,1,1
pass=A;cert=ec;rtt=50;model=bernoulli;p=0.02;dir=both,113,full,default,15,50.484,52.138,102.622,1488,2,1256,11ec/1216;001d/32,0,1210,11ec,1120,0,0,0,1
pass=A;cert=ec;rtt=50;model=bernoulli;p=0.02;dir=both,114,full,default,15,1061.038,52.241,1113.279,1488,2,1256,11ec/1216;001d/32,0,1210,11ec,1120,0,0,1,1
pass=A;cert=ec;rtt=50;model=bernoulli;p=0.02;dir=both,115,full,default,15,50.611,384.267,434.878,1488,2,1256,11ec/1216;001d/32,0,1210,11ec,1120,0,0,0,1
pass=A;cert=ec;rtt=50;model=bernoulli;p=0.02;dir=both,116,full,default,15,50.528,159.360,209.888,1488,2,1256,11ec/1216;001d/32,0,1210,11ec,1120,0,0,1,1
pass=A;cert=ec;rtt=50;model=bernoulli;p=0.02;dir=both,117,full,default,15,50.506,51.904,102.411,1488,2,1256,11ec/1216;001d/32,0,1210,11ec,1120,0,0,0,1
pass=A;cert=ec;rtt=50;model=bernoulli;p=0.02;dir=both,118,full,default,15,50.414,51.789,102.203,1488,2,1256,11ec/1216;001d/32,0,1210,11ec,1120,0,0,0,1
pass=A;cert=ec;rtt=50;model=bernoulli;p=0.02;dir=both,119,full,default,15,50.443,122.540,172.983,1488,2,1256,11ec/1216;001d/32,0,1210,11ec,1120,0,0,0,1
pass=A;cert=ec;rtt=50;model=bernoulli;p=0.02;dir=both,120,full,default,15,1068.556,51.899,1120.456,1488,2,1256,11ec/1216;001d/32,0,1210,11ec,1120,0,0,1,1
pass=A;cert=ec;rtt=50;model=bernoulli;p=0.02;dir=both,121,full,default,15,50.376,51.915,102.291,1488,2,1256,11ec/1216;001d/32,0,1210,11ec,1120,0,0,0,1
pass=A;cert=ec;rtt=50;model=bernoulli;p=0.02;dir=both,122,full,default,15,1061.781,51.989,1113.770,1488,2,1256,11ec/1216;001d/32,0,1210,11ec,1120,0,0,1,1
pass=A;cert=ec;rtt=50;model=bernoulli;p=0.02;dir=both,123,full,default,15,50.430,54.276,104.706,1488,2,1256,11ec/1216;001d/32,0,1210,11ec,1120,0,0,0,1
pass=A;cert=ec;rtt=50;model=bernoulli;p=0.02;dir=both,124,full,default,15,50.403,377.790,428.193,1488,2,1256,11ec/1216;001d/32,0,1210,11ec,1120,0,0,2,1
pass=A;cert=ec;rtt=50;model=bernoulli;p=0.02;dir=both,125,full,default,15,50.481,119.494,169.974,1488,2,1256,11ec/1216;001d/32,0,1210,11ec,1120,0,0,0,1
pass=A;cert=ec;rtt=50;model=bernoulli;p=0.02;dir=both,126,full,default,15,50.387,52.327,102.714,1488,2,1256,11ec/1216;001d/32,0,1210,11ec,1120,0,0,0,1
pass=A;cert=ec;rtt=50;model=bernoulli;p=0.02;dir=both,127,full,default,15,50.460,51.844,102.304,1488,2,1256,11ec/1216;001d/32,0,1210,11ec,1120,0,0,0,1
pass=A;cert=ec;rtt=50;model=bernoulli;p=0.02;dir=both,128,full,default,15,50.501,52.272,102.772,1488,2,1256,11ec/1216;001d/32,0,1210,11ec,1120,0,0,0,1
pass=A;cert=ec;rtt=50;model=bernoulli;p=0.02;dir=both,129,full,default,15,50.456,51.832,102.288,1488,2,1256,11ec/1216;001d/32,0,1210,11ec,1120,0,0,0,1
pass=A;cert=ec;rtt=50;model=bernoulli;p=0.02;dir=both,130,full,default,15,52.071,51.849,103.920,1488,2,1256,11ec/1216;001d/32,0,1210,11ec,1120,0,0,0,1
pass=A;cert=ec;rtt=50;model=bernoulli;p=0.02;dir=both,131,full,default,15,50.374,51.872,102.246,1488,2,1256,11ec/1216;001d/32,0,1210,11ec,1120,0,0,0,1
pass=A;cert=ec;rtt=50;model=bernoulli;p=0.02;dir=both,132,full,default,15,50.672,51.942,102.614,1488,2,1256,11ec/1216;001d/32,0,1210,11ec,1120,0,0,0,1
pass=A;cert=ec;rtt=50;model=bernoulli;p=0.02;dir=both,133,full,default,15,50.476,51.887,102.363,1488,2,1256,11ec/1216;001d/32,0,1210,11ec,1120,0,0,0,1
pass=A;cert=ec;rtt=50;model=bernoulli;p=0.02;dir=both,134,full,default,15,50.450,52.607,103.057,1488,2,1256,11ec/1216;001d/32,0,1210,11ec,1120,0,0,0,1
pass=A;cert=ec;rtt=50;model=bernoulli;p=0.02;dir=both,135,full,default,15,50.384,52.055,102.439,1488,2,1256,11ec/1216;001d/32,0,1210,11ec,1120,0,0,0,1
pass=A;cert=ec;rtt=50;model=bernoulli;p=0.02;dir=both,136,full,default,15,50.471,51.931,102.402,1488,2,1256,11ec/1216;001d/32,0,1210,11ec,1120,0,0,0,1
pass=A;cert=ec;rtt=50;model=bernoulli;p=0.02;dir=both,137,full,default,15,50.460,51.958,102.418,1488,2,1256,11ec/1216;001d/32,0,1210,11ec,1120,0,0,0,1
pass=A;cert=ec;rtt=50;model=bernoulli;p=0.02;dir=both,138,full,default,15,50.430,53.663,104.094,1488,2,1256,11ec/1216;001d/32,0,1210,11ec,1120,0,0,0,1
pass=A;cert=ec;rtt=50;model=bernoulli;p=0.02;dir=both,139,full,default,15,50.378,52.024,102.402,1488,2,1256,11ec/1216;001d/32,0,1210,11ec,1120,0,0,0,1
pass=A;cert=ec;rtt=50;model=bernoulli;p=0.02;dir=both,140,full,default,15,50.387,51.957,102.344,1488,2,1256,11ec/1216;001d/32,0,1210,11ec,1120,0,0,0,1
pass=A;cert=ec;rtt=50;model=bernoulli;p=0.02;dir=both,141,full,default,15,50.442,52.198,102.640,1488,2,1256,11ec/1216;001d/32,0,1210,11ec,1120,0,0,0,1
pass=A;cert=ec;rtt=50;model=bernoulli;p=0.02;dir=both,142,full,default,15,50.550,51.884,102.434,1488,2,1256,11ec/1216;001d/32,0,1210,11ec,1120,0,0,0,1
pass=A;cert=ec;rtt=50;model=bernoulli;p=0.02;dir=both,143,full,default,15,50.400,359.452,409.852,1488,2,1256,11ec/1216;001d/32,0,1210,11ec,1120,0,0,1,1
pass=A;cert=ec;rtt=50;model=bernoulli;p=0.02;dir=both,144,full,default,15,50.431,54.274,104.705,1488,2,1256,11ec/1216;001d/32,0,1210,11ec,1120,0,0,0,1
pass=A;cert=ec;rtt=50;model=bernoulli;p=0.02;dir=both,145,full,default,15,50.395,362.604,412.999,1488,2,1256,11ec/1216;001d/32,0,1210,11ec,1120,0,0,0,1
pass=A;cert=ec;rtt=50;model=bernoulli;p=0.02;dir=both,146,full,default,15,50.392,52.405,102.797,1488,2,1256,11ec/1216;001d/32,0,1210,11ec,1120,0,0,0,1
pass=A;cert=ec;rtt=50;model=bernoulli;p=0.02;dir=both,147,full,default,15,52.978,52.330,105.308,1488,2,1256,11ec/1216;001d/32,0,1210,11ec,1120,0,0,0,1
pass=A;cert=ec;rtt=50;model=bernoulli;p=0.02;dir=both,148,full,default,15,50.443,52.452,102.895,1488,2,1256,11ec/1216;001d/32,0,1210,11ec,1120,0,0,0,1
pass=A;cert=ec;rtt=50;model=bernoulli;p=0.02;dir=both,149,full,default,15,50.614,51.805,102.419,1488,2,1256,11ec/1216;001d/32,0,1210,11ec,1120,0,0,0,1
pass=A;cert=ec;rtt=50;model=bernoulli;p=0.05;dir=both,0,full,X25519,15,51.995,330.132,382.127,254,1,36,001d/32,0,122,001d,32,0,0,1,1
pass=A;cert=ec;rtt=50;model=bernoulli;p=0.05;dir=both,1,full,X25519,15,50.517,51.453,101.970,254,1,36,001d/32,0,122,001d,32,0,0,0,1
pass=A;cert=ec;rtt=50;model=bernoulli;p=0.05;dir=both,2,full,X25519,15,50.456,51.523,101.979,254,1,36,001d/32,0,122,001d,32,0,0,0,1
pass=A;cert=ec;rtt=50;model=bernoulli;p=0.05;dir=both,3,full,X25519,15,50.444,321.044,371.488,254,1,36,001d/32,0,122,001d,32,0,0,1,1
pass=A;cert=ec;rtt=50;model=bernoulli;p=0.05;dir=both,4,full,X25519,15,1054.811,51.529,1106.340,254,1,36,001d/32,0,122,001d,32,0,0,1,1
pass=A;cert=ec;rtt=50;model=bernoulli;p=0.05;dir=both,5,full,X25519,15,50.426,51.437,101.862,254,1,36,001d/32,0,122,001d,32,0,0,0,1
pass=A;cert=ec;rtt=50;model=bernoulli;p=0.05;dir=both,6,full,X25519,15,50.438,51.266,101.704,254,1,36,001d/32,0,122,001d,32,0,0,0,1
pass=A;cert=ec;rtt=50;model=bernoulli;p=0.05;dir=both,7,full,X25519,15,50.386,51.457,101.843,254,1,36,001d/32,0,122,001d,32,0,0,0,1
pass=A;cert=ec;rtt=50;model=bernoulli;p=0.05;dir=both,8,full,X25519,15,50.418,51.596,102.014,254,1,36,001d/32,0,122,001d,32,0,0,0,1
pass=A;cert=ec;rtt=50;model=bernoulli;p=0.05;dir=both,9,full,X25519,15,50.399,329.577,379.976,254,1,36,001d/32,0,122,001d,32,0,0,0,1
pass=A;cert=ec;rtt=50;model=bernoulli;p=0.05;dir=both,10,full,X25519,15,50.516,51.466,101.982,254,1,36,001d/32,0,122,001d,32,0,0,0,1
pass=A;cert=ec;rtt=50;model=bernoulli;p=0.05;dir=both,11,full,X25519,15,50.605,51.627,102.231,254,1,36,001d/32,0,122,001d,32,0,0,0,1
pass=A;cert=ec;rtt=50;model=bernoulli;p=0.05;dir=both,12,full,X25519,15,50.365,51.711,102.076,254,1,36,001d/32,0,122,001d,32,0,0,0,1
pass=A;cert=ec;rtt=50;model=bernoulli;p=0.05;dir=both,13,full,X25519,15,50.374,51.516,101.890,254,1,36,001d/32,0,122,001d,32,0,0,0,1
pass=A;cert=ec;rtt=50;model=bernoulli;p=0.05;dir=both,14,full,X25519,15,50.522,51.597,102.118,254,1,36,001d/32,0,122,001d,32,0,0,0,1
pass=A;cert=ec;rtt=50;model=bernoulli;p=0.05;dir=both,15,full,X25519,15,50.430,51.533,101.963,254,1,36,001d/32,0,122,001d,32,0,0,0,1
pass=A;cert=ec;rtt=50;model=bernoulli;p=0.05;dir=both,16,full,X25519,15,50.443,51.663,102.106,254,1,36,001d/32,0,122,001d,32,0,0,0,1
pass=A;cert=ec;rtt=50;model=bernoulli;p=0.05;dir=both,17,full,X25519,15,50.357,51.642,101.998,254,1,36,001d/32,0,122,001d,32,0,0,0,1
pass=A;cert=ec;rtt=50;model=bernoulli;p=0.05;dir=both,18,full,X25519,15,50.301,51.639,101.939,254,1,36,001d/32,0,122,001d,32,0,0,0,1
pass=A;cert=ec;rtt=50;model=bernoulli;p=0.05;dir=both,19,full,X25519,15,50.387,51.553,101.940,254,1,36,001d/32,0,122,001d,32,0,0,0,1
pass=A;cert=ec;rtt=50;model=bernoulli;p=0.05;dir=both,20,full,X25519,15,50.540,51.705,102.245,254,1,36,001d/32,0,122,001d,32,0,0,0,1
pass=A;cert=ec;rtt=50;model=bernoulli;p=0.05;dir=both,21,full,X25519,15,50.379,329.472,379.851,254,1,36,001d/32,0,122,001d,32,0,0,0,1
pass=A;cert=ec;rtt=50;model=bernoulli;p=0.05;dir=both,22,full,X25519,15,50.568,51.633,102.202,254,1,36,001d/32,0,122,001d,32,0,0,0,1
pass=A;cert=ec;rtt=50;model=bernoulli;p=0.05;dir=both,23,full,X25519,15,50.410,52.205,102.615,254,1,36,001d/32,0,122,001d,32,0,0,0,1
pass=A;cert=ec;rtt=50;model=bernoulli;p=0.05;dir=both,24,full,X25519,15,50.598,51.492,102.090,254,1,36,001d/32,0,122,001d,32,0,0,0,1
pass=A;cert=ec;rtt=50;model=bernoulli;p=0.05;dir=both,25,full,X25519,15,1061.210,51.512,1112.722,254,1,36,001d/32,0,122,001d,32,0,0,1,1
pass=A;cert=ec;rtt=50;model=bernoulli;p=0.05;dir=both,26,full,X25519,15,50.502,52.184,102.687,254,1,36,001d/32,0,122,001d,32,0,0,0,1
pass=A;cert=ec;rtt=50;model=bernoulli;p=0.05;dir=both,27,full,X25519,15,50.488,51.594,102.082,254,1,36,001d/32,0,122,001d,32,0,0,0,1
pass=A;cert=ec;rtt=50;model=bernoulli;p=0.05;dir=both,28,full,X25519,15,50.473,308.463,358.936,254,1,36,001d/32,0,122,001d,32,0,0,0,1
pass=A;cert=ec;rtt=50;model=bernoulli;p=0.05;dir=both,29,full,X25519,15,50.508,52.074,102.582,254,1,36,001d/32,0,122,001d,32,0,0,0,1
pass=A;cert=ec;rtt=50;model=bernoulli;p=0.05;dir=both,30,full,X25519,15,50.477,51.639,102.116,254,1,36,001d/32,0,122,001d,32,0,0,0,1
pass=A;cert=ec;rtt=50;model=bernoulli;p=0.05;dir=both,31,full,X25519,15,50.423,51.570,101.993,254,1,36,001d/32,0,122,001d,32,0,0,0,1
pass=A;cert=ec;rtt=50;model=bernoulli;p=0.05;dir=both,32,full,X25519,15,50.400,51.527,101.927,254,1,36,001d/32,0,122,001d,32,0,0,0,1
pass=A;cert=ec;rtt=50;model=bernoulli;p=0.05;dir=both,33,full,X25519,15,50.447,51.464,101.911,254,1,36,001d/32,0,122,001d,32,0,0,0,1
pass=A;cert=ec;rtt=50;model=bernoulli;p=0.05;dir=both,34,full,X25519,15,50.444,51.527,101.971,254,1,36,001d/32,0,122,001d,32,0,0,0,1
pass=A;cert=ec;rtt=50;model=bernoulli;p=0.05;dir=both,35,full,X25519,15,50.416,51.444,101.860,254,1,36,001d/32,0,122,001d,32,0,0,0,1
pass=A;cert=ec;rtt=50;model=bernoulli;p=0.05;dir=both,36,full,X25519,15,50.468,51.662,102.130,254,1,36,001d/32,0,122,001d,32,0,0,0,1
pass=A;cert=ec;rtt=50;model=bernoulli;p=0.05;dir=both,37,full,X25519,15,50.432,52.104,102.536,254,1,36,001d/32,0,122,001d,32,0,0,0,1
pass=A;cert=ec;rtt=50;model=bernoulli;p=0.05;dir=both,38,full,X25519,15,50.455,309.048,359.503,254,1,36,001d/32,0,122,001d,32,0,0,0,1
pass=A;cert=ec;rtt=50;model=bernoulli;p=0.05;dir=both,39,full,X25519,15,50.448,51.594,102.041,254,1,36,001d/32,0,122,001d,32,0,0,0,1
pass=A;cert=ec;rtt=50;model=bernoulli;p=0.05;dir=both,40,full,X25519,15,50.341,51.381,101.722,254,1,36,001d/32,0,122,001d,32,0,0,0,1
pass=A;cert=ec;rtt=50;model=bernoulli;p=0.05;dir=both,41,full,X25519,15,50.381,51.926,102.306,254,1,36,001d/32,0,122,001d,32,0,0,0,1
pass=A;cert=ec;rtt=50;model=bernoulli;p=0.05;dir=both,42,full,X25519,15,50.463,52.401,102.864,254,1,36,001d/32,0,122,001d,32,0,0,0,1
pass=A;cert=ec;rtt=50;model=bernoulli;p=0.05;dir=both,43,full,X25519,15,50.523,307.813,358.336,254,1,36,001d/32,0,122,001d,32,0,0,0,1
pass=A;cert=ec;rtt=50;model=bernoulli;p=0.05;dir=both,44,full,X25519,15,50.739,51.777,102.516,254,1,36,001d/32,0,122,001d,32,0,0,0,1
pass=A;cert=ec;rtt=50;model=bernoulli;p=0.05;dir=both,45,full,X25519,15,50.619,159.105,209.723,254,1,36,001d/32,0,122,001d,32,0,0,0,1
pass=A;cert=ec;rtt=50;model=bernoulli;p=0.05;dir=both,46,full,X25519,15,50.376,51.815,102.191,254,1,36,001d/32,0,122,001d,32,0,0,0,1
pass=A;cert=ec;rtt=50;model=bernoulli;p=0.05;dir=both,47,full,X25519,15,50.524,68.927,119.451,254,1,36,001d/32,0,122,001d,32,0,0,0,1
pass=A;cert=ec;rtt=50;model=bernoulli;p=0.05;dir=both,48,full,X25519,15,50.500,51.451,101.951,254,1,36,001d/32,0,122,001d,32,0,0,0,1
pass=A;cert=ec;rtt=50;model=bernoulli;p=0.05;dir=both,49,full,X25519,15,50.453,51.459,101.912,254,1,36,001d/32,0,122,001d,32,0,0,0,1
pass=A;cert=ec;rtt=50;model=bernoulli;p=0.05;dir=both,50,full,X25519,15,50.453,51.451,101.903,254,1,36,001d/32,0,122,001d,32,0,0,0,1
pass=A;cert=ec;rtt=50;model=bernoulli;p=0.05;dir=both,51,full,X25519,15,50.447,51.426,101.873,254,1,36,001d/32,0,122,001d,32,0,0,0,1
pass=A;cert=ec;rtt=50;model=bernoulli;p=0.05;dir=both,52,full,X25519,15,50.382,319.058,369.440,254,1,36,001d/32,0,122,001d,32,0,0,0,1
pass=A;cert=ec;rtt=50;model=bernoulli;p=0.05;dir=both,53,full,X25519,15,50.330,52.179,102.509,254,1,36,001d/32,0,122,001d,32,0,0,0,1
pass=A;cert=ec;rtt=50;model=bernoulli;p=0.05;dir=both,54,full,X25519,15,50.513,51.895,102.407,254,1,36,001d/32,0,122,001d,32,0,0,0,1
pass=A;cert=ec;rtt=50;model=bernoulli;p=0.05;dir=both,55,full,X25519,15,50.458,313.788,364.247,254,1,36,001d/32,0,122,001d,32,0,0,1,1
pass=A;cert=ec;rtt=50;model=bernoulli;p=0.05;dir=both,56,full,X25519,15,50.538,51.677,102.215,254,1,36,001d/32,0,122,001d,32,0,0,0,1
pass=A;cert=ec;rtt=50;model=bernoulli;p=0.05;dir=both,57,full,X25519,15,50.473,51.603,102.075,254,1,36,001d/32,0,122,001d,32,0,0,0,1
pass=A;cert=ec;rtt=50;model=bernoulli;p=0.05;dir=both,58,full,X25519,15,50.361,68.950,119.311,254,1,36,001d/32,0,122,001d,32,0,0,0,1
pass=A;cert=ec;rtt=50;model=bernoulli;p=0.05;dir=both,59,full,X25519,15,1051.055,51.795,1102.850,254,1,36,001d/32,0,122,001d,32,0,0,1,1
pass=A;cert=ec;rtt=50;model=bernoulli;p=0.05;dir=both,60,full,X25519,15,50.629,320.702,371.331,254,1,36,001d/32,0,122,001d,32,0,0,0,1
pass=A;cert=ec;rtt=50;model=bernoulli;p=0.05;dir=both,61,full,X25519,15,50.470,51.584,102.054,254,1,36,001d/32,0,122,001d,32,0,0,0,1
pass=A;cert=ec;rtt=50;model=bernoulli;p=0.05;dir=both,62,full,X25519,15,1074.343,51.481,1125.824,254,1,36,001d/32,0,122,001d,32,0,0,1,1
pass=A;cert=ec;rtt=50;model=bernoulli;p=0.05;dir=both,63,full,X25519,15,50.454,321.420,371.874,254,1,36,001d/32,0,122,001d,32,0,0,0,1
pass=A;cert=ec;rtt=50;model=bernoulli;p=0.05;dir=both,64,full,X25519,15,50.443,51.707,102.150,254,1,36,001d/32,0,122,001d,32,0,0,0,1
pass=A;cert=ec;rtt=50;model=bernoulli;p=0.05;dir=both,65,full,X25519,15,50.587,51.643,102.229,254,1,36,001d/32,0,122,001d,32,0,0,0,1
pass=A;cert=ec;rtt=50;model=bernoulli;p=0.05;dir=both,66,full,X25519,15,50.459,51.564,102.022,254,1,36,001d/32,0,122,001d,32,0,0,0,1
pass=A;cert=ec;rtt=50;model=bernoulli;p=0.05;dir=both,67,full,X25519,15,1061.635,51.778,1113.412,254,1,36,001d/32,0,122,001d,32,0,0,1,1
pass=A;cert=ec;rtt=50;model=bernoulli;p=0.05;dir=both,68,full,X25519,15,50.431,51.427,101.858,254,1,36,001d/32,0,122,001d,32,0,0,0,1
pass=A;cert=ec;rtt=50;model=bernoulli;p=0.05;dir=both,69,full,X25519,15,50.431,53.184,103.615,254,1,36,001d/32,0,122,001d,32,0,0,0,1
pass=A;cert=ec;rtt=50;model=bernoulli;p=0.05;dir=both,70,full,X25519,15,50.499,51.548,102.047,254,1,36,001d/32,0,122,001d,32,0,0,0,1
pass=A;cert=ec;rtt=50;model=bernoulli;p=0.05;dir=both,71,full,X25519,15,50.336,51.729,102.065,254,1,36,001d/32,0,122,001d,32,0,0,0,1
pass=A;cert=ec;rtt=50;model=bernoulli;p=0.05;dir=both,72,full,X25519,15,50.517,51.553,102.070,254,1,36,001d/32,0,122,001d,32,0,0,0,1
pass=A;cert=ec;rtt=50;model=bernoulli;p=0.05;dir=both,73,full,X25519,15,52.891,51.491,104.383,254,1,36,001d/32,0,122,001d,32,0,0,0,1
pass=A;cert=ec;rtt=50;model=bernoulli;p=0.05;dir=both,74,full,X25519,15,50.377,51.500,101.877,254,1,36,001d/32,0,122,001d,32,0,0,0,1
pass=A;cert=ec;rtt=50;model=bernoulli;p=0.05;dir=both,75,full,X25519,15,50.492,51.852,102.344,254,1,36,001d/32,0,122,001d,32,0,0,0,1
pass=A;cert=ec;rtt=50;model=bernoulli;p=0.05;dir=both,76,full,X25519,15,50.346,51.567,101.913,254,1,36,001d/32,0,122,001d,32,0,0,0,1
pass=A;cert=ec;rtt=50;model=bernoulli;p=0.05;dir=both,77,full,X25519,15,50.575,52.000,102.575,254,1,36,001d/32,0,122,001d,32,0,0,0,1
pass=A;cert=ec;rtt=50;model=bernoulli;p=0.05;dir=both,78,full,X25519,15,50.427,51.895,102.321,254,1,36,001d/32,0,122,001d,32,0,0,0,1
pass=A;cert=ec;rtt=50;model=bernoulli;p=0.05;dir=both,79,full,X25519,15,50.456,51.761,102.217,254,1,36,001d/32,0,122,001d,32,0,0,0,1
pass=A;cert=ec;rtt=50;model=bernoulli;p=0.05;dir=both,80,full,X25519,15,50.505,51.608,102.112,254,1,36,001d/32,0,122,001d,32,0,0,0,1
pass=A;cert=ec;rtt=50;model=bernoulli;p=0.05;dir=both,81,full,X25519,15,50.424,52.028,102.453,254,1,36,001d/32,0,122,001d,32,0,0,0,1
pass=A;cert=ec;rtt=50;model=bernoulli;p=0.05;dir=both,82,full,X25519,15,50.472,51.460,101.932,254,1,36,001d/32,0,122,001d,32,0,0,0,1
pass=A;cert=ec;rtt=50;model=bernoulli;p=0.05;dir=both,83,full,X25519,15,50.495,51.345,101.840,254,1,36,001d/32,0,122,001d,32,0,0,0,1
pass=A;cert=ec;rtt=50;model=bernoulli;p=0.05;dir=both,84,full,X25519,15,50.380,51.454,101.834,254,1,36,001d/32,0,122,001d,32,0,0,0,1
pass=A;cert=ec;rtt=50;model=bernoulli;p=0.05;dir=both,85,full,X25519,15,50.398,53.313,103.711,254,1,36,001d/32,0,122,001d,32,0,0,0,1
pass=A;cert=ec;rtt=50;model=bernoulli;p=0.05;dir=both,86,full,X25519,15,50.496,324.680,375.176,254,1,36,001d/32,0,122,001d,32,0,0,1,1
pass=A;cert=ec;rtt=50;model=bernoulli;p=0.05;dir=both,87,full,X25519,15,50.429,51.637,102.066,254,1,36,001d/32,0,122,001d,32,0,0,0,1
pass=A;cert=ec;rtt=50;model=bernoulli;p=0.05;dir=both,88,full,X25519,15,50.404,51.580,101.984,254,1,36,001d/32,0,122,001d,32,0,0,0,1
pass=A;cert=ec;rtt=50;model=bernoulli;p=0.05;dir=both,89,full,X25519,15,1074.750,327.323,1402.073,254,1,36,001d/32,0,122,001d,32,0,0,1,1
pass=A;cert=ec;rtt=50;model=bernoulli;p=0.05;dir=both,90,full,X25519,15,50.510,51.674,102.185,254,1,36,001d/32,0,122,001d,32,0,0,0,1
pass=A;cert=ec;rtt=50;model=bernoulli;p=0.05;dir=both,91,full,X25519,15,56.884,52.204,109.088,254,1,36,001d/32,0,122,001d,32,0,0,0,1
pass=A;cert=ec;rtt=50;model=bernoulli;p=0.05;dir=both,92,full,X25519,15,50.621,52.108,102.729,254,1,36,001d/32,0,122,001d,32,0,0,0,1
pass=A;cert=ec;rtt=50;model=bernoulli;p=0.05;dir=both,93,full,X25519,15,1054.118,51.714,1105.832,254,1,36,001d/32,0,122,001d,32,0,0,1,1
pass=A;cert=ec;rtt=50;model=bernoulli;p=0.05;dir=both,94,full,X25519,15,50.488,51.516,102.004,254,1,36,001d/32,0,122,001d,32,0,0,0,1
pass=A;cert=ec;rtt=50;model=bernoulli;p=0.05;dir=both,95,full,X25519,15,50.469,51.762,102.231,254,1,36,001d/32,0,122,001d,32,0,0,0,1
pass=A;cert=ec;rtt=50;model=bernoulli;p=0.05;dir=both,96,full,X25519,15,50.400,51.457,101.856,254,1,36,001d/32,0,122,001d,32,0,0,0,1
pass=A;cert=ec;rtt=50;model=bernoulli;p=0.05;dir=both,97,full,X25519,15,50.361,51.457,101.818,254,1,36,001d/32,0,122,001d,32,0,0,0,1
pass=A;cert=ec;rtt=50;model=bernoulli;p=0.05;dir=both,98,full,X25519,15,50.464,322.265,372.729,254,1,36,001d/32,0,122,001d,32,0,0,1,1
pass=A;cert=ec;rtt=50;model=bernoulli;p=0.05;dir=both,99,full,X25519,15,50.400,51.576,101.976,254,1,36,001d/32,0,122,001d,32,0,0,0,1
pass=A;cert=ec;rtt=50;model=bernoulli;p=0.05;dir=both,100,full,X25519,15,50.383,330.471,380.854,254,1,36,001d/32,0,122,001d,32,0,0,1,1
pass=A;cert=ec;rtt=50;model=bernoulli;p=0.05;dir=both,101,full,X25519,15,50.459,51.853,102.312,254,1,36,001d/32,0,122,001d,32,0,0,0,1
pass=A;cert=ec;rtt=50;model=bernoulli;p=0.05;dir=both,102,full,X25519,15,50.609,51.997,102.606,254,1,36,001d/32,0,122,001d,32,0,0,0,1
pass=A;cert=ec;rtt=50;model=bernoulli;p=0.05;dir=both,103,full,X25519,15,50.530,573.018,623.548,254,1,36,001d/32,0,122,001d,32,0,0,2,1
pass=A;cert=ec;rtt=50;model=bernoulli;p=0.05;dir=both,104,full,X25519,15,50.449,51.891,102.340,254,1,36,001d/32,0,122,001d,32,0,0,0,1
pass=A;cert=ec;rtt=50;model=bernoulli;p=0.05;dir=both,105,full,X25519,15,50.477,51.670,102.148,254,1,36,001d/32,0,122,001d,32,0,0,0,1
pass=A;cert=ec;rtt=50;model=bernoulli;p=0.05;dir=both,106,full,X25519,15,50.554,51.652,102.206,254,1,36,001d/32,0,122,001d,32,0,0,0,1
pass=A;cert=ec;rtt=50;model=bernoulli;p=0.05;dir=both,107,full,X25519,15,50.562,51.607,102.169,254,1,36,001d/32,0,122,001d,32,0,0,0,1
pass=A;cert=ec;rtt=50;model=bernoulli;p=0.05;dir=both,108,full,X25519,15,1061.576,51.521,1113.097,254,1,36,001d/32,0,122,001d,32,0,0,1,1
pass=A;cert=ec;rtt=50;model=bernoulli;p=0.05;dir=both,109,full,X25519,15,50.429,51.826,102.255,254,1,36,001d/32,0,122,001d,32,0,0,0,1
pass=A;cert=ec;rtt=50;model=bernoulli;p=0.05;dir=both,110,full,X25519,15,50.515,314.869,365.384,254,1,36,001d/32,0,122,001d,32,0,0,0,1
pass=A;cert=ec;rtt=50;model=bernoulli;p=0.05;dir=both,111,full,X25519,15,50.538,326.851,377.389,254,1,36,001d/32,0,122,001d,32,0,0,1,1
pass=A;cert=ec;rtt=50;model=bernoulli;p=0.05;dir=both,112,full,X25519,15,1055.139,51.662,1106.801,254,1,36,001d/32,0,122,001d,32,0,0,1,1
pass=A;cert=ec;rtt=50;model=bernoulli;p=0.05;dir=both,113,full,X25519,15,50.917,52.401,103.319,254,1,36,001d/32,0,122,001d,32,0,0,0,1
pass=A;cert=ec;rtt=50;model=bernoulli;p=0.05;dir=both,114,full,X25519,15,50.478,52.260,102.738,254,1,36,001d/32,0,122,001d,32,0,0,0,1
pass=A;cert=ec;rtt=50;model=bernoulli;p=0.05;dir=both,115,full,X25519,15,50.589,52.349,102.937,254,1,36,001d/32,0,122,001d,32,0,0,0,1
pass=A;cert=ec;rtt=50;model=bernoulli;p=0.05;dir=both,116,full,X25519,15,50.476,52.507,102.983,254,1,36,001d/32,0,122,001d,32,0,0,0,1
pass=A;cert=ec;rtt=50;model=bernoulli;p=0.05;dir=both,117,full,X25519,15,50.595,70.181,120.776,254,1,36,001d/32,0,122,001d,32,0,0,0,1
pass=A;cert=ec;rtt=50;model=bernoulli;p=0.05;dir=both,118,full,X25519,15,50.514,51.757,102.271,254,1,36,001d/32,0,122,001d,32,0,0,0,1
pass=A;cert=ec;rtt=50;model=bernoulli;p=0.05;dir=both,119,full,X25519,15,50.467,51.590,102.057,254,1,36,001d/32,0,122,001d,32,0,0,0,1
pass=A;cert=ec;rtt=50;model=bernoulli;p=0.05;dir=both,120,full,X25519,15,50.466,51.566,102.032,254,1,36,001d/32,0,122,001d,32,0,0,0,1
pass=A;cert=ec;rtt=50;model=bernoulli;p=0.05;dir=both,121,full,X25519,15,1059.898,51.891,1111.789,254,1,36,001d/32,0,122,001d,32,0,0,1,1
pass=A;cert=ec;rtt=50;model=bernoulli;p=0.05;dir=both,122,full,X25519,15,50.575,51.570,102.145,254,1,36,001d/32,0,122,001d,32,0,0,0,1
pass=A;cert=ec;rtt=50;model=bernoulli;p=0.05;dir=both,123,full,X25519,15,50.669,51.685,102.355,254,1,36,001d/32,0,122,001d,32,0,0,0,1
pass=A;cert=ec;rtt=50;model=bernoulli;p=0.05;dir=both,124,full,X25519,15,1054.946,51.593,1106.539,254,1,36,001d/32,0,122,001d,32,0,0,1,1
pass=A;cert=ec;rtt=50;model=bernoulli;p=0.05;dir=both,125,full,X25519,15,50.400,52.232,102.632,254,1,36,001d/32,0,122,001d,32,0,0,0,1
pass=A;cert=ec;rtt=50;model=bernoulli;p=0.05;dir=both,126,full,X25519,15,50.553,51.652,102.205,254,1,36,001d/32,0,122,001d,32,0,0,0,1
pass=A;cert=ec;rtt=50;model=bernoulli;p=0.05;dir=both,127,full,X25519,15,50.519,51.643,102.161,254,1,36,001d/32,0,122,001d,32,0,0,0,1
pass=A;cert=ec;rtt=50;model=bernoulli;p=0.05;dir=both,128,full,X25519,15,50.453,51.601,102.053,254,1,36,001d/32,0,122,001d,32,0,0,0,1
pass=A;cert=ec;rtt=50;model=bernoulli;p=0.05;dir=both,129,full,X25519,15,50.516,55.148,105.664,254,1,36,001d/32,0,122,001d,32,0,0,0,1
pass=A;cert=ec;rtt=50;model=bernoulli;p=0.05;dir=both,130,full,X25519,15,51.624,52.197,103.821,254,1,36,001d/32,0,122,001d,32,0,0,0,1
pass=A;cert=ec;rtt=50;model=bernoulli;p=0.05;dir=both,131,full,X25519,15,50.365,52.128,102.494,254,1,36,001d/32,0,122,001d,32,0,0,0,1
pass=A;cert=ec;rtt=50;model=bernoulli;p=0.05;dir=both,132,full,X25519,15,50.398,68.774,119.172,254,1,36,001d/32,0,122,001d,32,0,0,0,1
pass=A;cert=ec;rtt=50;model=bernoulli;p=0.05;dir=both,133,full,X25519,15,50.615,51.853,102.468,254,1,36,001d/32,0,122,001d,32,0,0,0,1
pass=A;cert=ec;rtt=50;model=bernoulli;p=0.05;dir=both,134,full,X25519,15,50.490,302.477,352.967,254,1,36,001d/32,0,122,001d,32,0,0,1,1
pass=A;cert=ec;rtt=50;model=bernoulli;p=0.05;dir=both,135,full,X25519,15,50.602,51.659,102.261,254,1,36,001d/32,0,122,001d,32,0,0,0,1
pass=A;cert=ec;rtt=50;model=bernoulli;p=0.05;dir=both,136,full,X25519,15,50.417,51.519,101.937,254,1,36,001d/32,0,122,001d,32,0,0,0,1
pass=A;cert=ec;rtt=50;model=bernoulli;p=0.05;dir=both,137,full,X25519,15,50.299,51.932,102.231,254,1,36,001d/32,0,122,001d,32,0,0,0,1
pass=A;cert=ec;rtt=50;model=bernoulli;p=0.05;dir=both,138,full,X25519,15,50.945,51.932,102.877,254,1,36,001d/32,0,122,001d,32,0,0,0,1
pass=A;cert=ec;rtt=50;model=bernoulli;p=0.05;dir=both,139,full,X25519,15,50.464,303.633,354.098,254,1,36,001d/32,0,122,001d,32,0,0,1,1
pass=A;cert=ec;rtt=50;model=bernoulli;p=0.05;dir=both,140,full,X25519,15,50.450,51.929,102.379,254,1,36,001d/32,0,122,001d,32,0,0,0,1
pass=A;cert=ec;rtt=50;model=bernoulli;p=0.05;dir=both,141,full,X25519,15,50.451,51.774,102.225,254,1,36,001d/32,0,122,001d,32,0,0,0,1
pass=A;cert=ec;rtt=50;model=bernoulli;p=0.05;dir=both,142,full,X25519,15,50.577,51.881,102.458,254,1,36,001d/32,0,122,001d,32,0,0,0,1
pass=A;cert=ec;rtt=50;model=bernoulli;p=0.05;dir=both,143,full,X25519,15,50.447,320.144,370.591,254,1,36,001d/32,0,122,001d,32,0,0,0,1
pass=A;cert=ec;rtt=50;model=bernoulli;p=0.05;dir=both,144,full,X25519,15,50.575,51.712,102.287,254,1,36,001d/32,0,122,001d,32,0,0,0,1
pass=A;cert=ec;rtt=50;model=bernoulli;p=0.05;dir=both,145,full,X25519,15,50.498,51.918,102.416,254,1,36,001d/32,0,122,001d,32,0,0,0,1
pass=A;cert=ec;rtt=50;model=bernoulli;p=0.05;dir=both,146,full,X25519,15,50.407,51.612,102.019,254,1,36,001d/32,0,122,001d,32,0,0,0,1
pass=A;cert=ec;rtt=50;model=bernoulli;p=0.05;dir=both,147,full,X25519,15,50.484,51.434,101.919,254,1,36,001d/32,0,122,001d,32,0,0,0,1
pass=A;cert=ec;rtt=50;model=bernoulli;p=0.05;dir=both,148,full,X25519,15,50.481,51.825,102.306,254,1,36,001d/32,0,122,001d,32,0,0,0,1
pass=A;cert=ec;rtt=50;model=bernoulli;p=0.05;dir=both,149,full,X25519,15,50.464,51.562,102.026,254,1,36,001d/32,0,122,001d,32,0,0,0,1
pass=A;cert=ec;rtt=50;model=bernoulli;p=0.05;dir=both,0,full,X25519MLKEM768:X25519,15,50.745,53.364,104.109,1440,1,1220,11ec/1216,0,1210,11ec,1120,0,0,0,1
pass=A;cert=ec;rtt=50;model=bernoulli;p=0.05;dir=both,1,full,X25519MLKEM768:X25519,15,50.537,52.446,102.983,1440,1,1220,11ec/1216,0,1210,11ec,1120,0,0,0,1
pass=A;cert=ec;rtt=50;model=bernoulli;p=0.05;dir=both,2,full,X25519MLKEM768:X25519,15,50.588,52.035,102.623,1440,1,1220,11ec/1216,0,1210,11ec,1120,0,0,0,1
pass=A;cert=ec;rtt=50;model=bernoulli;p=0.05;dir=both,3,full,X25519MLKEM768:X25519,15,50.459,51.817,102.276,1440,1,1220,11ec/1216,0,1210,11ec,1120,0,0,0,1
pass=A;cert=ec;rtt=50;model=bernoulli;p=0.05;dir=both,4,full,X25519MLKEM768:X25519,15,50.510,52.001,102.511,1440,1,1220,11ec/1216,0,1210,11ec,1120,0,0,0,1
pass=A;cert=ec;rtt=50;model=bernoulli;p=0.05;dir=both,5,full,X25519MLKEM768:X25519,15,50.355,68.712,119.067,1440,1,1220,11ec/1216,0,1210,11ec,1120,0,0,0,1
pass=A;cert=ec;rtt=50;model=bernoulli;p=0.05;dir=both,6,full,X25519MLKEM768:X25519,15,50.406,383.458,433.864,1440,1,1220,11ec/1216,0,1210,11ec,1120,0,0,0,1
pass=A;cert=ec;rtt=50;model=bernoulli;p=0.05;dir=both,7,full,X25519MLKEM768:X25519,15,50.481,51.749,102.230,1440,1,1220,11ec/1216,0,1210,11ec,1120,0,0,0,1
pass=A;cert=ec;rtt=50;model=bernoulli;p=0.05;dir=both,8,full,X25519MLKEM768:X25519,15,50.483,51.943,102.426,1440,1,1220,11ec/1216,0,1210,11ec,1120,0,0,0,1
pass=A;cert=ec;rtt=50;model=bernoulli;p=0.05;dir=both,9,full,X25519MLKEM768:X25519,15,50.567,52.347,102.914,1440,1,1220,11ec/1216,0,1210,11ec,1120,0,0,0,1
pass=A;cert=ec;rtt=50;model=bernoulli;p=0.05;dir=both,10,full,X25519MLKEM768:X25519,15,50.443,52.465,102.908,1440,1,1220,11ec/1216,0,1210,11ec,1120,0,0,0,1
pass=A;cert=ec;rtt=50;model=bernoulli;p=0.05;dir=both,11,full,X25519MLKEM768:X25519,15,50.471,52.258,102.729,1440,1,1220,11ec/1216,0,1210,11ec,1120,0,0,0,1
pass=A;cert=ec;rtt=50;model=bernoulli;p=0.05;dir=both,12,full,X25519MLKEM768:X25519,15,50.458,51.738,102.196,1440,1,1220,11ec/1216,0,1210,11ec,1120,0,0,0,1
pass=A;cert=ec;rtt=50;model=bernoulli;p=0.05;dir=both,13,full,X25519MLKEM768:X25519,15,50.534,52.150,102.684,1440,1,1220,11ec/1216,0,1210,11ec,1120,0,0,0,1
pass=A;cert=ec;rtt=50;model=bernoulli;p=0.05;dir=both,14,full,X25519MLKEM768:X25519,15,50.464,51.831,102.295,1440,1,1220,11ec/1216,0,1210,11ec,1120,0,0,0,1
pass=A;cert=ec;rtt=50;model=bernoulli;p=0.05;dir=both,15,full,X25519MLKEM768:X25519,15,51.224,52.071,103.295,1440,1,1220,11ec/1216,0,1210,11ec,1120,0,0,0,1
pass=A;cert=ec;rtt=50;model=bernoulli;p=0.05;dir=both,16,full,X25519MLKEM768:X25519,15,50.521,52.388,102.910,1440,1,1220,11ec/1216,0,1210,11ec,1120,0,0,0,1
pass=A;cert=ec;rtt=50;model=bernoulli;p=0.05;dir=both,17,full,X25519MLKEM768:X25519,15,50.569,303.894,354.463,1440,1,1220,11ec/1216,0,1210,11ec,1120,0,0,1,1
pass=A;cert=ec;rtt=50;model=bernoulli;p=0.05;dir=both,18,full,X25519MLKEM768:X25519,15,50.530,52.115,102.645,1440,1,1220,11ec/1216,0,1210,11ec,1120,0,0,0,1
pass=A;cert=ec;rtt=50;model=bernoulli;p=0.05;dir=both,19,full,X25519MLKEM768:X25519,15,50.453,384.379,434.833,1440,1,1220,11ec/1216,0,1210,11ec,1120,0,0,0,1
pass=A;cert=ec;rtt=50;model=bernoulli;p=0.05;dir=both,20,full,X25519MLKEM768:X25519,15,50.422,52.013,102.435,1440,1,1220,11ec/1216,0,1210,11ec,1120,0,0,0,1
pass=A;cert=ec;rtt=50;model=bernoulli;p=0.05;dir=both,21,full,X25519MLKEM768:X25519,15,50.484,51.898,102.382,1440,1,1220,11ec/1216,0,1210,11ec,1120,0,0,0,1
pass=A;cert=ec;rtt=50;model=bernoulli;p=0.05;dir=both,22,full,X25519MLKEM768:X25519,15,50.467,51.777,102.244,1440,1,1220,11ec/1216,0,1210,11ec,1120,0,0,0,1
pass=A;cert=ec;rtt=50;model=bernoulli;p=0.05;dir=both,23,full,X25519MLKEM768:X25519,15,50.603,52.446,103.050,1440,1,1220,11ec/1216,0,1210,11ec,1120,0,0,0,1
pass=A;cert=ec;rtt=50;model=bernoulli;p=0.05;dir=both,24,full,X25519MLKEM768:X25519,15,50.390,51.889,102.280,1440,1,1220,11ec/1216,0,1210,11ec,1120,0,0,0,1
pass=A;cert=ec;rtt=50;model=bernoulli;p=0.05;dir=both,25,full,X25519MLKEM768:X25519,15,50.381,364.289,414.670,1440,1,1220,11ec/1216,0,1210,11ec,1120,0,0,0,1
pass=A;cert=ec;rtt=50;model=bernoulli;p=0.05;dir=both,26,full,X25519MLKEM768:X25519,15,50.512,52.100,102.612,1440,1,1220,11ec/1216,0,1210,11ec,1120,0,0,0,1
pass=A;cert=ec;rtt=50;model=bernoulli;p=0.05;dir=both,27,full,X25519MLKEM768:X25519,15,50.469,52.658,103.127,1440,1,1220,11ec/1216,0,1210,11ec,1120,0,0,0,1
pass=A;cert=ec;rtt=50;model=bernoulli;p=0.05;dir=both,28,full,X25519MLKEM768:X25519,15,50.443,51.766,102.209,1440,1,1220,11ec/1216,0,1210,11ec,1120,0,0,0,1
pass=A;cert=ec;rtt=50;model=bernoulli;p=0.05;dir=both,29,full,X25519MLKEM768:X25519,15,50.324,52.071,102.394,1440,1,1220,11ec/1216,0,1210,11ec,1120,0,0,0,1
pass=A;cert=ec;rtt=50;model=bernoulli;p=0.05;dir=both,30,full,X25519MLKEM768:X25519,15,51.563,52.066,103.630,1440,1,1220,11ec/1216,0,1210,11ec,1120,0,0,0,1
pass=A;cert=ec;rtt=50;model=bernoulli;p=0.05;dir=both,31,full,X25519MLKEM768:X25519,15,50.508,362.543,413.051,1440,1,1220,11ec/1216,0,1210,11ec,1120,0,0,0,1
pass=A;cert=ec;rtt=50;model=bernoulli;p=0.05;dir=both,32,full,X25519MLKEM768:X25519,15,50.488,51.903,102.391,1440,1,1220,11ec/1216,0,1210,11ec,1120,0,0,0,1
pass=A;cert=ec;rtt=50;model=bernoulli;p=0.05;dir=both,33,full,X25519MLKEM768:X25519,15,51.535,52.664,104.199,1440,1,1220,11ec/1216,0,1210,11ec,1120,0,0,0,1
pass=A;cert=ec;rtt=50;model=bernoulli;p=0.05;dir=both,34,full,X25519MLKEM768:X25519,15,50.447,118.915,169.362,1440,1,1220,11ec/1216,0,1210,11ec,1120,0,0,0,1
pass=A;cert=ec;rtt=50;model=bernoulli;p=0.05;dir=both,35,full,X25519MLKEM768:X25519,15,50.518,71.741,122.259,1440,1,1220,11ec/1216,0,1210,11ec,1120,0,0,0,1
pass=A;cert=ec;rtt=50;model=bernoulli;p=0.05;dir=both,36,full,X25519MLKEM768:X25519,15,50.498,52.135,102.632,1440,1,1220,11ec/1216,0,1210,11ec,1120,0,0,0,1
pass=A;cert=ec;rtt=50;model=bernoulli;p=0.05;dir=both,37,full,X25519MLKEM768:X25519,15,50.676,51.950,102.626,1440,1,1220,11ec/1216,0,1210,11ec,1120,0,0,0,1
pass=A;cert=ec;rtt=50;model=bernoulli;p=0.05;dir=both,38,full,X25519MLKEM768:X25519,15,50.434,53.685,104.119,1440,1,1220,11ec/1216,0,1210,11ec,1120,0,0,0,1
pass=A;cert=ec;rtt=50;model=bernoulli;p=0.05;dir=both,39,full,X25519MLKEM768:X25519,15,50.499,56.047,106.546,1440,1,1220,11ec/1216,0,1210,11ec,1120,0,0,0,1
pass=A;cert=ec;rtt=50;model=bernoulli;p=0.05;dir=both,40,full,X25519MLKEM768:X25519,15,50.407,51.965,102.371,1440,1,1220,11ec/1216,0,1210,11ec,1120,0,0,0,1
pass=A;cert=ec;rtt=50;model=bernoulli;p=0.05;dir=both,41,full,X25519MLKEM768:X25519,15,1054.883,52.473,1107.356,1440,1,1220,11ec/1216,0,1210,11ec,1120,0,0,1,1
pass=A;cert=ec;rtt=50;model=bernoulli;p=0.05;dir=both,42,full,X25519MLKEM768:X25519,15,51.935,382.835,434.770,1440,1,1220,11ec/1216,0,1210,11ec,1120,0,0,0,1
pass=A;cert=ec;rtt=50;model=bernoulli;p=0.05;dir=both,43,full,X25519MLKEM768:X25519,15,50.525,52.462,102.987,1440,1,1220,11ec/1216,0,1210,11ec,1120,0,0,0,1
pass=A;cert=ec;rtt=50;model=bernoulli;p=0.05;dir=both,44,full,X25519MLKEM768:X25519,15,50.366,304.283,354.649,1440,1,1220,11ec/1216,0,1210,11ec,1120,0,0,1,1
pass=A;cert=ec;rtt=50;model=bernoulli;p=0.05;dir=both,45,full,X25519MLKEM768:X25519,15,1070.750,51.865,1122.615,1440,1,1220,11ec/1216,0,1210,11ec,1120,0,0,1,1
pass=A;cert=ec;rtt=50;model=bernoulli;p=0.05;dir=both,46,full,X25519MLKEM768:X25519,15,50.410,51.900,102.309,1440,1,1220,11ec/1216,0,1210,11ec,1120,0,0,0,1
pass=A;cert=ec;rtt=50;model=bernoulli;p=0.05;dir=both,47,full,X25519MLKEM768:X25519,15,50.400,52.009,102.409,1440,1,1220,11ec/1216,0,1210,11ec,1120,0,0,0,1
pass=A;cert=ec;rtt=50;model=bernoulli;p=0.05;dir=both,48,full,X25519MLKEM768:X25519,15,50.402,51.827,102.228,1440,1,1220,11ec/1216,0,1210,11ec,1120,0,0,0,1
pass=A;cert=ec;rtt=50;model=bernoulli;p=0.05;dir=both,49,full,X25519MLKEM768:X25519,15,50.475,51.759,102.233,1440,1,1220,11ec/1216,0,1210,11ec,1120,0,0,0,1
pass=A;cert=ec;rtt=50;model=bernoulli;p=0.05;dir=both,50,full,X25519MLKEM768:X25519,15,50.651,53.983,104.634,1440,1,1220,11ec/1216,0,1210,11ec,1120,0,0,0,1
pass=A;cert=ec;rtt=50;model=bernoulli;p=0.05;dir=both,51,full,X25519MLKEM768:X25519,15,50.509,52.079,102.588,1440,1,1220,11ec/1216,0,1210,11ec,1120,0,0,0,1
pass=A;cert=ec;rtt=50;model=bernoulli;p=0.05;dir=both,52,full,X25519MLKEM768:X25519,15,50.542,52.010,102.552,1440,1,1220,11ec/1216,0,1210,11ec,1120,0,0,0,1
pass=A;cert=ec;rtt=50;model=bernoulli;p=0.05;dir=both,53,full,X25519MLKEM768:X25519,15,50.578,52.722,103.300,1440,1,1220,11ec/1216,0,1210,11ec,1120,0,0,0,1
pass=A;cert=ec;rtt=50;model=bernoulli;p=0.05;dir=both,54,full,X25519MLKEM768:X25519,15,50.457,51.872,102.329,1440,1,1220,11ec/1216,0,1210,11ec,1120,0,0,0,1
pass=A;cert=ec;rtt=50;model=bernoulli;p=0.05;dir=both,55,full,X25519MLKEM768:X25519,15,50.429,52.012,102.440,1440,1,1220,11ec/1216,0,1210,11ec,1120,0,0,0,1
pass=A;cert=ec;rtt=50;model=bernoulli;p=0.05;dir=both,56,full,X25519MLKEM768:X25519,15,1063.534,51.919,1115.454,1440,1,1220,11ec/1216,0,1210,11ec,1120,0,0,1,1
pass=A;cert=ec;rtt=50;model=bernoulli;p=0.05;dir=both,57,full,X25519MLKEM768:X25519,15,50.560,52.226,102.786,1440,1,1220,11ec/1216,0,1210,11ec,1120,0,0,0,1
pass=A;cert=ec;rtt=50;model=bernoulli;p=0.05;dir=both,58,full,X25519MLKEM768:X25519,15,50.527,52.434,102.961,1440,1,1220,11ec/1216,0,1210,11ec,1120,0,0,0,1
pass=A;cert=ec;rtt=50;model=bernoulli;p=0.05;dir=both,59,full,X25519MLKEM768:X25519,15,50.512,52.457,102.969,1440,1,1220,11ec/1216,0,1210,11ec,1120,0,0,0,1
pass=A;cert=ec;rtt=50;model=bernoulli;p=0.05;dir=both,60,full,X25519MLKEM768:X25519,15,50.572,51.878,102.450,1440,1,1220,11ec/1216,0,1210,11ec,1120,0,0,0,1
pass=A;cert=ec;rtt=50;model=bernoulli;p=0.05;dir=both,61,full,X25519MLKEM768:X25519,15,50.381,51.937,102.318,1440,1,1220,11ec/1216,0,1210,11ec,1120,0,0,0,1
pass=A;cert=ec;rtt=50;model=bernoulli;p=0.05;dir=both,62,full,X25519MLKEM768:X25519,15,50.463,52.222,102.685,1440,1,1220,11ec/1216,0,1210,11ec,1120,0,0,0,1
pass=A;cert=ec;rtt=50;model=bernoulli;p=0.05;dir=both,63,full,X25519MLKEM768:X25519,15,50.510,52.119,102.629,1440,1,1220,11ec/1216,0,1210,11ec,1120,0,0,0,1
pass=A;cert=ec;rtt=50;model=bernoulli;p=0.05;dir=both,64,full,X25519MLKEM768:X25519,15,50.414,51.927,102.340,1440,1,1220,11ec/1216,0,1210,11ec,1120,0,0,0,1
pass=A;cert=ec;rtt=50;model=bernoulli;p=0.05;dir=both,65,full,X25519MLKEM768:X25519,15,50.524,51.980,102.504,1440,1,1220,11ec/1216,0,1210,11ec,1120,0,0,0,1
pass=A;cert=ec;rtt=50;model=bernoulli;p=0.05;dir=both,66,full,X25519MLKEM768:X25519,15,50.450,51.857,102.308,1440,1,1220,11ec/1216,0,1210,11ec,1120,0,0,0,1
pass=A;cert=ec;rtt=50;model=bernoulli;p=0.05;dir=both,67,full,X25519MLKEM768:X25519,15,50.596,52.091,102.686,1440,1,1220,11ec/1216,0,1210,11ec,1120,0,0,0,1
pass=A;cert=ec;rtt=50;model=bernoulli;p=0.05;dir=both,68,full,X25519MLKEM768:X25519,15,1057.705,52.093,1109.799,1440,1,1220,11ec/1216,0,1210,11ec,1120,0,0,1,1
pass=A;cert=ec;rtt=50;model=bernoulli;p=0.05;dir=both,69,full,X25519MLKEM768:X25519,15,50.529,120.471,171.000,1440,1,1220,11ec/1216,0,1210,11ec,1120,0,0,0,1
pass=A;cert=ec;rtt=50;model=bernoulli;p=0.05;dir=both,70,full,X25519MLKEM768:X25519,15,5152.679,52.128,5204.807,1440,1,1220,11ec/1216,0,1210,11ec,1120,0,0,5,1
pass=A;cert=ec;rtt=50;model=bernoulli;p=0.05;dir=both,71,full,X25519MLKEM768:X25519,15,52.107,51.908,104.015,1440,1,1220,11ec/1216,0,1210,11ec,1120,0,0,0,1
pass=A;cert=ec;rtt=50;model=bernoulli;p=0.05;dir=both,72,full,X25519MLKEM768:X25519,15,50.469,51.831,102.299,1440,1,1220,11ec/1216,0,1210,11ec,1120,0,0,0,1
pass=A;cert=ec;rtt=50;model=bernoulli;p=0.05;dir=both,73,full,X25519MLKEM768:X25519,15,50.458,158.937,209.395,1440,1,1220,11ec/1216,0,1210,11ec,1120,0,0,0,1
pass=A;cert=ec;rtt=50;model=bernoulli;p=0.05;dir=both,74,full,X25519MLKEM768:X25519,15,50.435,52.019,102.454,1440,1,1220,11ec/1216,0,1210,11ec,1120,0,0,0,1
pass=A;cert=ec;rtt=50;model=bernoulli;p=0.05;dir=both,75,full,X25519MLKEM768:X25519,15,50.442,51.837,102.279,1440,1,1220,11ec/1216,0,1210,11ec,1120,0,0,0,1
pass=A;cert=ec;rtt=50;model=bernoulli;p=0.05;dir=both,76,full,X25519MLKEM768:X25519,15,50.810,51.775,102.586,1440,1,1220,11ec/1216,0,1210,11ec,1120,0,0,0,1
pass=A;cert=ec;rtt=50;model=bernoulli;p=0.05;dir=both,77,full,X25519MLKEM768:X25519,15,50.413,51.845,102.259,1440,1,1220,11ec/1216,0,1210,11ec,1120,0,0,0,1
pass=A;cert=ec;rtt=50;model=bernoulli;p=0.05;dir=both,78,full,X25519MLKEM768:X25519,15,50.794,68.123,118.918,1440,1,1220,11ec/1216,0,1210,11ec,1120,0,0,0,1
pass=A;cert=ec;rtt=50;model=bernoulli;p=0.05;dir=both,79,full,X25519MLKEM768:X25519,15,50.523,51.842,102.365,1440,1,1220,11ec/1216,0,1210,11ec,1120,0,0,0,1
pass=A;cert=ec;rtt=50;model=bernoulli;p=0.05;dir=both,80,full,X25519MLKEM768:X25519,15,50.516,51.879,102.394,1440,1,1220,11ec/1216,0,1210,11ec,1120,0,0,0,1
pass=A;cert=ec;rtt=50;model=bernoulli;p=0.05;dir=both,81,full,X25519MLKEM768:X25519,15,50.461,51.827,102.288,1440,1,1220,11ec/1216,0,1210,11ec,1120,0,0,0,1
pass=A;cert=ec;rtt=50;model=bernoulli;p=0.05;dir=both,82,full,X25519MLKEM768:X25519,15,1063.192,52.162,1115.353,1440,1,1220,11ec/1216,0,1210,11ec,1120,0,0,1,1
pass=A;cert=ec;rtt=50;model=bernoulli;p=0.05;dir=both,83,full,X25519MLKEM768:X25519,15,50.503,52.015,102.519,1440,1,1220,11ec/1216,0,1210,11ec,1120,0,0,0,1
pass=A;cert=ec;rtt=50;model=bernoulli;p=0.05;dir=both,84,full,X25519MLKEM768:X25519,15,50.356,52.096,102.452,1440,1,1220,11ec/1216,0,1210,11ec,1120,0,0,0,1
pass=A;cert=ec;rtt=50;model=bernoulli;p=0.05;dir=both,85,full,X25519MLKEM768:X25519,15,50.436,52.299,102.735,1440,1,1220,11ec/1216,0,1210,11ec,1120,0,0,0,1
pass=A;cert=ec;rtt=50;model=bernoulli;p=0.05;dir=both,86,full,X25519MLKEM768:X25519,15,50.518,52.170,102.688,1440,1,1220,11ec/1216,0,1210,11ec,1120,0,0,0,1
pass=A;cert=ec;rtt=50;model=bernoulli;p=0.05;dir=both,87,full,X25519MLKEM768:X25519,15,50.482,51.703,102.185,1440,1,1220,11ec/1216,0,1210,11ec,1120,0,0,0,1
pass=A;cert=ec;rtt=50;model=bernoulli;p=0.05;dir=both,88,full,X25519MLKEM768:X25519,15,50.416,51.803,102.219,1440,1,1220,11ec/1216,0,1210,11ec,1120,0,0,0,1
pass=A;cert=ec;rtt=50;model=bernoulli;p=0.05;dir=both,89,full,X25519MLKEM768:X25519,15,50.506,51.897,102.403,1440,1,1220,11ec/1216,0,1210,11ec,1120,0,0,0,1
pass=A;cert=ec;rtt=50;model=bernoulli;p=0.05;dir=both,90,full,X25519MLKEM768:X25519,15,52.311,51.683,103.994,1440,1,1220,11ec/1216,0,1210,11ec,1120,0,0,0,1
pass=A;cert=ec;rtt=50;model=bernoulli;p=0.05;dir=both,91,full,X25519MLKEM768:X25519,15,51.625,52.311,103.936,1440,1,1220,11ec/1216,0,1210,11ec,1120,0,0,0,1
pass=A;cert=ec;rtt=50;model=bernoulli;p=0.05;dir=both,92,full,X25519MLKEM768:X25519,15,50.627,52.468,103.094,1440,1,1220,11ec/1216,0,1210,11ec,1120,0,0,0,1
pass=A;cert=ec;rtt=50;model=bernoulli;p=0.05;dir=both,93,full,X25519MLKEM768:X25519,15,50.416,52.102,102.518,1440,1,1220,11ec/1216,0,1210,11ec,1120,0,0,0,1
pass=A;cert=ec;rtt=50;model=bernoulli;p=0.05;dir=both,94,full,X25519MLKEM768:X25519,15,1055.419,52.048,1107.468,1440,1,1220,11ec/1216,0,1210,11ec,1120,0,0,1,1
pass=A;cert=ec;rtt=50;model=bernoulli;p=0.05;dir=both,95,full,X25519MLKEM768:X25519,15,50.475,52.402,102.877,1440,1,1220,11ec/1216,0,1210,11ec,1120,0,0,0,1
pass=A;cert=ec;rtt=50;model=bernoulli;p=0.05;dir=both,96,full,X25519MLKEM768:X25519,15,50.588,52.314,102.903,1440,1,1220,11ec/1216,0,1210,11ec,1120,0,0,0,1
pass=A;cert=ec;rtt=50;model=bernoulli;p=0.05;dir=both,97,full,X25519MLKEM768:X25519,15,1060.473,52.238,1112.711,1440,1,1220,11ec/1216,0,1210,11ec,1120,0,0,1,1
pass=A;cert=ec;rtt=50;model=bernoulli;p=0.05;dir=both,98,full,X25519MLKEM768:X25519,15,50.512,52.377,102.889,1440,1,1220,11ec/1216,0,1210,11ec,1120,0,0,0,1
pass=A;cert=ec;rtt=50;model=bernoulli;p=0.05;dir=both,99,full,X25519MLKEM768:X25519,15,50.533,52.136,102.669,1440,1,1220,11ec/1216,0,1210,11ec,1120,0,0,0,1
pass=A;cert=ec;rtt=50;model=bernoulli;p=0.05;dir=both,100,full,X25519MLKEM768:X25519,15,50.470,52.202,102.672,1440,1,1220,11ec/1216,0,1210,11ec,1120,0,0,0,1
pass=A;cert=ec;rtt=50;model=bernoulli;p=0.05;dir=both,101,full,X25519MLKEM768:X25519,15,2096.299,51.844,2148.142,1440,1,1220,11ec/1216,0,1210,11ec,1120,0,0,2,1
pass=A;cert=ec;rtt=50;model=bernoulli;p=0.05;dir=both,102,full,X25519MLKEM768:X25519,15,50.854,52.794,103.648,1440,1,1220,11ec/1216,0,1210,11ec,1120,0,0,0,1
pass=A;cert=ec;rtt=50;model=bernoulli;p=0.05;dir=both,103,full,X25519MLKEM768:X25519,15,1060.023,52.671,1112.694,1440,1,1220,11ec/1216,0,1210,11ec,1120,0,0,1,1
pass=A;cert=ec;rtt=50;model=bernoulli;p=0.05;dir=both,104,full,X25519MLKEM768:X25519,15,2091.155,51.922,2143.078,1440,1,1220,11ec/1216,0,1210,11ec,1120,0,0,2,1
pass=A;cert=ec;rtt=50;model=bernoulli;p=0.05;dir=both,105,full,X25519MLKEM768:X25519,15,50.481,52.162,102.643,1440,1,1220,11ec/1216,0,1210,11ec,1120,0,0,0,1
pass=A;cert=ec;rtt=50;model=bernoulli;p=0.05;dir=both,106,full,X25519MLKEM768:X25519,15,53.018,119.624,172.642,1440,1,1220,11ec/1216,0,1210,11ec,1120,0,0,0,1
pass=A;cert=ec;rtt=50;model=bernoulli;p=0.05;dir=both,107,full,X25519MLKEM768:X25519,15,50.519,340.564,391.083,1440,1,1220,11ec/1216,0,1210,11ec,1120,0,0,1,1
pass=A;cert=ec;rtt=50;model=bernoulli;p=0.05;dir=both,108,full,X25519MLKEM768:X25519,15,50.473,51.895,102.368,1440,1,1220,11ec/1216,0,1210,11ec,1120,0,0,0,1
pass=A;cert=ec;rtt=50;model=bernoulli;p=0.05;dir=both,109,full,X25519MLKEM768:X25519,15,50.376,51.716,102.092,1440,1,1220,11ec/1216,0,1210,11ec,1120,0,0,0,1
pass=A;cert=ec;rtt=50;model=bernoulli;p=0.05;dir=both,110,full,X25519MLKEM768:X25519,15,50.378,51.987,102.366,1440,1,1220,11ec/1216,0,1210,11ec,1120,0,0,0,1
pass=A;cert=ec;rtt=50;model=bernoulli;p=0.05;dir=both,111,full,X25519MLKEM768:X25519,15,50.357,52.000,102.357,1440,1,1220,11ec/1216,0,1210,11ec,1120,0,0,0,1
pass=A;cert=ec;rtt=50;model=bernoulli;p=0.05;dir=both,112,full,X25519MLKEM768:X25519,15,50.405,51.825,102.230,1440,1,1220,11ec/1216,0,1210,11ec,1120,0,0,0,1
pass=A;cert=ec;rtt=50;model=bernoulli;p=0.05;dir=both,113,full,X25519MLKEM768:X25519,15,50.417,51.765,102.182,1440,1,1220,11ec/1216,0,1210,11ec,1120,0,0,0,1
pass=A;cert=ec;rtt=50;model=bernoulli;p=0.05;dir=both,114,full,X25519MLKEM768:X25519,15,50.483,51.528,102.011,1440,1,1220,11ec/1216,0,1210,11ec,1120,0,0,0,1
pass=A;cert=ec;rtt=50;model=bernoulli;p=0.05;dir=both,115,full,X25519MLKEM768:X25519,15,1060.482,51.862,1112.344,1440,1,1220,11ec/1216,0,1210,11ec,1120,0,0,1,1
pass=A;cert=ec;rtt=50;model=bernoulli;p=0.05;dir=both,116,full,X25519MLKEM768:X25519,15,50.487,51.841,102.328,1440,1,1220,11ec/1216,0,1210,11ec,1120,0,0,0,1
pass=A;cert=ec;rtt=50;model=bernoulli;p=0.05;dir=both,117,full,X25519MLKEM768:X25519,15,50.491,52.111,102.602,1440,1,1220,11ec/1216,0,1210,11ec,1120,0,0,0,1
pass=A;cert=ec;rtt=50;model=bernoulli;p=0.05;dir=both,118,full,X25519MLKEM768:X25519,15,50.529,52.141,102.669,1440,1,1220,11ec/1216,0,1210,11ec,1120,0,0,0,1
pass=A;cert=ec;rtt=50;model=bernoulli;p=0.05;dir=both,119,full,X25519MLKEM768:X25519,15,50.557,52.156,102.713,1440,1,1220,11ec/1216,0,1210,11ec,1120,0,0,0,1
pass=A;cert=ec;rtt=50;model=bernoulli;p=0.05;dir=both,120,full,X25519MLKEM768:X25519,15,50.747,52.405,103.152,1440,1,1220,11ec/1216,0,1210,11ec,1120,0,0,0,1
pass=A;cert=ec;rtt=50;model=bernoulli;p=0.05;dir=both,121,full,X25519MLKEM768:X25519,15,50.408,118.702,169.110,1440,1,1220,11ec/1216,0,1210,11ec,1120,0,0,0,1
pass=A;cert=ec;rtt=50;model=bernoulli;p=0.05;dir=both,122,full,X25519MLKEM768:X25519,15,1056.636,51.806,1108.442,1440,1,1220,11ec/1216,0,1210,11ec,1120,0,0,1,1
pass=A;cert=ec;rtt=50;model=bernoulli;p=0.05;dir=both,123,full,X25519MLKEM768:X25519,15,50.501,51.824,102.325,1440,1,1220,11ec/1216,0,1210,11ec,1120,0,0,0,1
pass=A;cert=ec;rtt=50;model=bernoulli;p=0.05;dir=both,124,full,X25519MLKEM768:X25519,15,50.477,52.419,102.896,1440,1,1220,11ec/1216,0,1210,11ec,1120,0,0,0,1
pass=A;cert=ec;rtt=50;model=bernoulli;p=0.05;dir=both,125,full,X25519MLKEM768:X25519,15,1054.620,51.831,1106.451,1440,1,1220,11ec/1216,0,1210,11ec,1120,0,0,1,1
pass=A;cert=ec;rtt=50;model=bernoulli;p=0.05;dir=both,126,full,X25519MLKEM768:X25519,15,50.512,52.007,102.519,1440,1,1220,11ec/1216,0,1210,11ec,1120,0,0,0,1
pass=A;cert=ec;rtt=50;model=bernoulli;p=0.05;dir=both,127,full,X25519MLKEM768:X25519,15,50.517,51.995,102.512,1440,1,1220,11ec/1216,0,1210,11ec,1120,0,0,0,1
pass=A;cert=ec;rtt=50;model=bernoulli;p=0.05;dir=both,128,full,X25519MLKEM768:X25519,15,50.344,139.625,189.969,1440,1,1220,11ec/1216,0,1210,11ec,1120,0,0,0,1
pass=A;cert=ec;rtt=50;model=bernoulli;p=0.05;dir=both,129,full,X25519MLKEM768:X25519,15,50.433,52.006,102.439,1440,1,1220,11ec/1216,0,1210,11ec,1120,0,0,0,1
pass=A;cert=ec;rtt=50;model=bernoulli;p=0.05;dir=both,130,full,X25519MLKEM768:X25519,15,50.407,51.836,102.243,1440,1,1220,11ec/1216,0,1210,11ec,1120,0,0,0,1
pass=A;cert=ec;rtt=50;model=bernoulli;p=0.05;dir=both,131,full,X25519MLKEM768:X25519,15,50.463,51.809,102.272,1440,1,1220,11ec/1216,0,1210,11ec,1120,0,0,0,1
pass=A;cert=ec;rtt=50;model=bernoulli;p=0.05;dir=both,132,full,X25519MLKEM768:X25519,15,50.598,52.249,102.847,1440,1,1220,11ec/1216,0,1210,11ec,1120,0,0,0,1
pass=A;cert=ec;rtt=50;model=bernoulli;p=0.05;dir=both,133,full,X25519MLKEM768:X25519,15,50.448,51.743,102.191,1440,1,1220,11ec/1216,0,1210,11ec,1120,0,0,0,1
pass=A;cert=ec;rtt=50;model=bernoulli;p=0.05;dir=both,134,full,X25519MLKEM768:X25519,15,50.435,51.675,102.111,1440,1,1220,11ec/1216,0,1210,11ec,1120,0,0,0,1
pass=A;cert=ec;rtt=50;model=bernoulli;p=0.05;dir=both,135,full,X25519MLKEM768:X25519,15,50.443,51.846,102.289,1440,1,1220,11ec/1216,0,1210,11ec,1120,0,0,0,1
pass=A;cert=ec;rtt=50;model=bernoulli;p=0.05;dir=both,136,full,X25519MLKEM768:X25519,15,50.439,51.890,102.330,1440,1,1220,11ec/1216,0,1210,11ec,1120,0,0,0,1
pass=A;cert=ec;rtt=50;model=bernoulli;p=0.05;dir=both,137,full,X25519MLKEM768:X25519,15,50.420,51.868,102.287,1440,1,1220,11ec/1216,0,1210,11ec,1120,0,0,0,1
pass=A;cert=ec;rtt=50;model=bernoulli;p=0.05;dir=both,138,full,X25519MLKEM768:X25519,15,50.429,51.957,102.386,1440,1,1220,11ec/1216,0,1210,11ec,1120,0,0,0,1
pass=A;cert=ec;rtt=50;model=bernoulli;p=0.05;dir=both,139,full,X25519MLKEM768:X25519,15,50.437,71.174,121.611,1440,1,1220,11ec/1216,0,1210,11ec,1120,0,0,0,1
pass=A;cert=ec;rtt=50;model=bernoulli;p=0.05;dir=both,140,full,X25519MLKEM768:X25519,15,50.476,378.890,429.366,1440,1,1220,11ec/1216,0,1210,11ec,1120,0,0,0,1
pass=A;cert=ec;rtt=50;model=bernoulli;p=0.05;dir=both,141,full,X25519MLKEM768:X25519,15,1055.576,101.819,1157.395,1440,1,1220,11ec/1216,0,1210,11ec,1120,0,0,1,1
pass=A;cert=ec;rtt=50;model=bernoulli;p=0.05;dir=both,142,full,X25519MLKEM768:X25519,15,50.496,51.722,102.217,1440,1,1220,11ec/1216,0,1210,11ec,1120,0,0,0,1
pass=A;cert=ec;rtt=50;model=bernoulli;p=0.05;dir=both,143,full,X25519MLKEM768:X25519,15,50.486,51.812,102.298,1440,1,1220,11ec/1216,0,1210,11ec,1120,0,0,0,1
pass=A;cert=ec;rtt=50;model=bernoulli;p=0.05;dir=both,144,full,X25519MLKEM768:X25519,15,50.445,51.915,102.360,1440,1,1220,11ec/1216,0,1210,11ec,1120,0,0,0,1
pass=A;cert=ec;rtt=50;model=bernoulli;p=0.05;dir=both,145,full,X25519MLKEM768:X25519,15,50.414,51.675,102.090,1440,1,1220,11ec/1216,0,1210,11ec,1120,0,0,0,1
pass=A;cert=ec;rtt=50;model=bernoulli;p=0.05;dir=both,146,full,X25519MLKEM768:X25519,15,50.476,51.685,102.161,1440,1,1220,11ec/1216,0,1210,11ec,1120,0,0,0,1
pass=A;cert=ec;rtt=50;model=bernoulli;p=0.05;dir=both,147,full,X25519MLKEM768:X25519,15,50.459,52.049,102.508,1440,1,1220,11ec/1216,0,1210,11ec,1120,0,0,0,1
pass=A;cert=ec;rtt=50;model=bernoulli;p=0.05;dir=both,148,full,X25519MLKEM768:X25519,15,50.553,51.751,102.304,1440,1,1220,11ec/1216,0,1210,11ec,1120,0,0,0,1
pass=A;cert=ec;rtt=50;model=bernoulli;p=0.05;dir=both,149,full,X25519MLKEM768:X25519,15,50.413,51.734,102.147,1440,1,1220,11ec/1216,0,1210,11ec,1120,0,0,0,1
pass=A;cert=ec;rtt=50;model=bernoulli;p=0.05;dir=both,0,full,default,15,50.467,52.713,103.179,1488,2,1256,11ec/1216;001d/32,0,1210,11ec,1120,0,0,0,1
pass=A;cert=ec;rtt=50;model=bernoulli;p=0.05;dir=both,1,full,default,15,1070.305,51.913,1122.218,1488,2,1256,11ec/1216;001d/32,0,1210,11ec,1120,0,0,1,1
pass=A;cert=ec;rtt=50;model=bernoulli;p=0.05;dir=both,2,full,default,15,50.501,51.838,102.339,1488,2,1256,11ec/1216;001d/32,0,1210,11ec,1120,0,0,0,1
pass=A;cert=ec;rtt=50;model=bernoulli;p=0.05;dir=both,3,full,default,15,50.398,51.825,102.222,1488,2,1256,11ec/1216;001d/32,0,1210,11ec,1120,0,0,0,1
pass=A;cert=ec;rtt=50;model=bernoulli;p=0.05;dir=both,4,full,default,15,50.449,192.121,242.570,1488,2,1256,11ec/1216;001d/32,0,1210,11ec,1120,0,0,1,1
pass=A;cert=ec;rtt=50;model=bernoulli;p=0.05;dir=both,5,full,default,15,50.473,51.871,102.343,1488,2,1256,11ec/1216;001d/32,0,1210,11ec,1120,0,0,0,1
pass=A;cert=ec;rtt=50;model=bernoulli;p=0.05;dir=both,6,full,default,15,50.458,52.148,102.606,1488,2,1256,11ec/1216;001d/32,0,1210,11ec,1120,0,0,0,1
pass=A;cert=ec;rtt=50;model=bernoulli;p=0.05;dir=both,7,full,default,15,50.449,52.156,102.605,1488,2,1256,11ec/1216;001d/32,0,1210,11ec,1120,0,0,0,1
pass=A;cert=ec;rtt=50;model=bernoulli;p=0.05;dir=both,8,full,default,15,50.487,52.122,102.609,1488,2,1256,11ec/1216;001d/32,0,1210,11ec,1120,0,0,0,1
pass=A;cert=ec;rtt=50;model=bernoulli;p=0.05;dir=both,9,full,default,15,50.359,68.669,119.027,1488,2,1256,11ec/1216;001d/32,0,1210,11ec,1120,0,0,0,1
pass=A;cert=ec;rtt=50;model=bernoulli;p=0.05;dir=both,10,full,default,15,50.491,51.920,102.411,1488,2,1256,11ec/1216;001d/32,0,1210,11ec,1120,0,0,0,1
pass=A;cert=ec;rtt=50;model=bernoulli;p=0.05;dir=both,11,full,default,15,50.420,51.797,102.217,1488,2,1256,11ec/1216;001d/32,0,1210,11ec,1120,0,0,0,1
pass=A;cert=ec;rtt=50;model=bernoulli;p=0.05;dir=both,12,full,default,15,50.511,52.010,102.520,1488,2,1256,11ec/1216;001d/32,0,1210,11ec,1120,0,0,0,1
pass=A;cert=ec;rtt=50;model=bernoulli;p=0.05;dir=both,13,full,default,15,50.438,631.081,681.519,1488,2,1256,11ec/1216;001d/32,0,1210,11ec,1120,0,0,2,1
pass=A;cert=ec;rtt=50;model=bernoulli;p=0.05;dir=both,14,full,default,15,50.435,51.880,102.315,1488,2,1256,11ec/1216;001d/32,0,1210,11ec,1120,0,0,0,1
pass=A;cert=ec;rtt=50;model=bernoulli;p=0.05;dir=both,15,full,default,15,50.409,51.964,102.374,1488,2,1256,11ec/1216;001d/32,0,1210,11ec,1120,0,0,0,1
pass=A;cert=ec;rtt=50;model=bernoulli;p=0.05;dir=both,16,full,default,15,50.453,51.896,102.349,1488,2,1256,11ec/1216;001d/32,0,1210,11ec,1120,0,0,0,1
pass=A;cert=ec;rtt=50;model=bernoulli;p=0.05;dir=both,17,full,default,15,1066.107,52.197,1118.304,1488,2,1256,11ec/1216;001d/32,0,1210,11ec,1120,0,0,1,1
pass=A;cert=ec;rtt=50;model=bernoulli;p=0.05;dir=both,18,full,default,15,1067.709,52.368,1120.077,1488,2,1256,11ec/1216;001d/32,0,1210,11ec,1120,0,0,1,1
pass=A;cert=ec;rtt=50;model=bernoulli;p=0.05;dir=both,19,full,default,15,50.510,640.363,690.873,1488,2,1256,11ec/1216;001d/32,0,1210,11ec,1120,0,0,0,1
pass=A;cert=ec;rtt=50;model=bernoulli;p=0.05;dir=both,20,full,default,15,50.508,52.015,102.524,1488,2,1256,11ec/1216;001d/32,0,1210,11ec,1120,0,0,0,1
pass=A;cert=ec;rtt=50;model=bernoulli;p=0.05;dir=both,21,full,default,15,50.399,52.643,103.042,1488,2,1256,11ec/1216;001d/32,0,1210,11ec,1120,0,0,0,1
pass=A;cert=ec;rtt=50;model=bernoulli;p=0.05;dir=both,22,full,default,15,50.905,52.425,103.330,1488,2,1256,11ec/1216;001d/32,0,1210,11ec,1120,0,0,0,1
pass=A;cert=ec;rtt=50;model=bernoulli;p=0.05;dir=both,23,full,default,15,50.504,52.455,102.959,1488,2,1256,11ec/1216;001d/32,0,1210,11ec,1120,0,0,0,1
pass=A;cert=ec;rtt=50;model=bernoulli;p=0.05;dir=both,24,full,default,15,50.483,51.846,102.329,1488,2,1256,11ec/1216;001d/32,0,1210,11ec,1120,0,0,0,1
pass=A;cert=ec;rtt=50;model=bernoulli;p=0.05;dir=both,25,full,default,15,50.431,52.024,102.456,1488,2,1256,11ec/1216;001d/32,0,1210,11ec,1120,0,0,0,1
pass=A;cert=ec;rtt=50;model=bernoulli;p=0.05;dir=both,26,full,default,15,50.433,52.011,102.444,1488,2,1256,11ec/1216;001d/32,0,1210,11ec,1120,0,0,0,1
pass=A;cert=ec;rtt=50;model=bernoulli;p=0.05;dir=both,27,full,default,15,50.454,51.919,102.373,1488,2,1256,11ec/1216;001d/32,0,1210,11ec,1120,0,0,0,1
pass=A;cert=ec;rtt=50;model=bernoulli;p=0.05;dir=both,28,full,default,15,50.450,51.800,102.250,1488,2,1256,11ec/1216;001d/32,0,1210,11ec,1120,0,0,0,1
pass=A;cert=ec;rtt=50;model=bernoulli;p=0.05;dir=both,29,full,default,15,51.344,53.361,104.705,1488,2,1256,11ec/1216;001d/32,0,1210,11ec,1120,0,0,0,1
pass=A;cert=ec;rtt=50;model=bernoulli;p=0.05;dir=both,30,full,default,15,50.399,119.464,169.863,1488,2,1256,11ec/1216;001d/32,0,1210,11ec,1120,0,0,0,1
pass=A;cert=ec;rtt=50;model=bernoulli;p=0.05;dir=both,31,full,default,15,1064.585,359.292,1423.877,1488,2,1256,11ec/1216;001d/32,0,1210,11ec,1120,0,0,1,1
pass=A;cert=ec;rtt=50;model=bernoulli;p=0.05;dir=both,32,full,default,15,50.491,51.820,102.311,1488,2,1256,11ec/1216;001d/32,0,1210,11ec,1120,0,0,0,1
pass=A;cert=ec;rtt=50;model=bernoulli;p=0.05;dir=both,33,full,default,15,50.406,69.115,119.521,1488,2,1256,11ec/1216;001d/32,0,1210,11ec,1120,0,0,0,1
pass=A;cert=ec;rtt=50;model=bernoulli;p=0.05;dir=both,34,full,default,15,50.365,52.562,102.926,1488,2,1256,11ec/1216;001d/32,0,1210,11ec,1120,0,0,0,1
pass=A;cert=ec;rtt=50;model=bernoulli;p=0.05;dir=both,35,full,default,15,1075.583,52.061,1127.644,1488,2,1256,11ec/1216;001d/32,0,1210,11ec,1120,0,0,1,1
pass=A;cert=ec;rtt=50;model=bernoulli;p=0.05;dir=both,36,full,default,15,50.412,54.623,105.035,1488,2,1256,11ec/1216;001d/32,0,1210,11ec,1120,0,0,0,1
pass=A;cert=ec;rtt=50;model=bernoulli;p=0.05;dir=both,37,full,default,15,50.542,51.724,102.266,1488,2,1256,11ec/1216;001d/32,0,1210,11ec,1120,0,0,0,1
pass=A;cert=ec;rtt=50;model=bernoulli;p=0.05;dir=both,38,full,default,15,50.425,51.948,102.373,1488,2,1256,11ec/1216;001d/32,0,1210,11ec,1120,0,0,0,1
pass=A;cert=ec;rtt=50;model=bernoulli;p=0.05;dir=both,39,full,default,15,50.364,51.991,102.355,1488,2,1256,11ec/1216;001d/32,0,1210,11ec,1120,0,0,0,1
pass=A;cert=ec;rtt=50;model=bernoulli;p=0.05;dir=both,40,full,default,15,50.409,208.340,258.749,1488,2,1256,11ec/1216;001d/32,0,1210,11ec,1120,0,0,2,1
pass=A;cert=ec;rtt=50;model=bernoulli;p=0.05;dir=both,41,full,default,15,50.451,52.119,102.570,1488,2,1256,11ec/1216;001d/32,0,1210,11ec,1120,0,0,0,1
pass=A;cert=ec;rtt=50;model=bernoulli;p=0.05;dir=both,42,full,default,15,50.482,51.717,102.199,1488,2,1256,11ec/1216;001d/32,0,1210,11ec,1120,0,0,0,1
pass=A;cert=ec;rtt=50;model=bernoulli;p=0.05;dir=both,43,full,default,15,50.811,52.228,103.040,1488,2,1256,11ec/1216;001d/32,0,1210,11ec,1120,0,0,0,1
pass=A;cert=ec;rtt=50;model=bernoulli;p=0.05;dir=both,44,full,default,15,50.482,58.134,108.617,1488,2,1256,11ec/1216;001d/32,0,1210,11ec,1120,0,0,0,1
pass=A;cert=ec;rtt=50;model=bernoulli;p=0.05;dir=both,45,full,default,15,50.455,51.701,102.156,1488,2,1256,11ec/1216;001d/32,0,1210,11ec,1120,0,0,0,1
pass=A;cert=ec;rtt=50;model=bernoulli;p=0.05;dir=both,46,full,default,15,50.480,51.884,102.364,1488,2,1256,11ec/1216;001d/32,0,1210,11ec,1120,0,0,0,1
pass=A;cert=ec;rtt=50;model=bernoulli;p=0.05;dir=both,47,full,default,15,50.415,51.759,102.174,1488,2,1256,11ec/1216;001d/32,0,1210,11ec,1120,0,0,0,1
pass=A;cert=ec;rtt=50;model=bernoulli;p=0.05;dir=both,48,full,default,15,50.548,51.675,102.223,1488,2,1256,11ec/1216;001d/32,0,1210,11ec,1120,0,0,0,1
pass=A;cert=ec;rtt=50;model=bernoulli;p=0.05;dir=both,49,full,default,15,50.432,52.152,102.584,1488,2,1256,11ec/1216;001d/32,0,1210,11ec,1120,0,0,0,1
pass=A;cert=ec;rtt=50;model=bernoulli;p=0.05;dir=both,50,full,default,15,50.408,51.983,102.392,1488,2,1256,11ec/1216;001d/32,0,1210,11ec,1120,0,0,0,1
pass=A;cert=ec;rtt=50;model=bernoulli;p=0.05;dir=both,51,full,default,15,50.439,51.794,102.234,1488,2,1256,11ec/1216;001d/32,0,1210,11ec,1120,0,0,0,1
pass=A;cert=ec;rtt=50;model=bernoulli;p=0.05;dir=both,52,full,default,15,50.457,403.213,453.670,1488,2,1256,11ec/1216;001d/32,0,1210,11ec,1120,0,0,0,1
pass=A;cert=ec;rtt=50;model=bernoulli;p=0.05;dir=both,53,full,default,15,50.527,119.281,169.808,1488,2,1256,11ec/1216;001d/32,0,1210,11ec,1120,0,0,1,1
pass=A;cert=ec;rtt=50;model=bernoulli;p=0.05;dir=both,54,full,default,15,50.564,381.422,431.985,1488,2,1256,11ec/1216;001d/32,0,1210,11ec,1120,0,0,1,1
pass=A;cert=ec;rtt=50;model=bernoulli;p=0.05;dir=both,55,full,default,15,50.579,365.409,415.987,1488,2,1256,11ec/1216;001d/32,0,1210,11ec,1120,0,0,1,1
pass=A;cert=ec;rtt=50;model=bernoulli;p=0.05;dir=both,56,full,default,15,50.458,121.119,171.577,1488,2,1256,11ec/1216;001d/32,0,1210,11ec,1120,0,0,1,1
pass=A;cert=ec;rtt=50;model=bernoulli;p=0.05;dir=both,57,full,default,15,50.570,359.339,409.909,1488,2,1256,11ec/1216;001d/32,0,1210,11ec,1120,0,0,0,1
pass=A;cert=ec;rtt=50;model=bernoulli;p=0.05;dir=both,58,full,default,15,50.468,51.976,102.444,1488,2,1256,11ec/1216;001d/32,0,1210,11ec,1120,0,0,0,1
pass=A;cert=ec;rtt=50;model=bernoulli;p=0.05;dir=both,59,full,default,15,50.483,51.729,102.212,1488,2,1256,11ec/1216;001d/32,0,1210,11ec,1120,0,0,0,1
pass=A;cert=ec;rtt=50;model=bernoulli;p=0.05;dir=both,60,full,default,15,50.382,53.080,103.462,1488,2,1256,11ec/1216;001d/32,0,1210,11ec,1120,0,0,0,1
pass=A;cert=ec;rtt=50;model=bernoulli;p=0.05;dir=both,61,full,default,15,50.452,51.920,102.372,1488,2,1256,11ec/1216;001d/32,0,1210,11ec,1120,0,0,0,1
pass=A;cert=ec;rtt=50;model=bernoulli;p=0.05;dir=both,62,full,default,15,50.445,51.902,102.346,1488,2,1256,11ec/1216;001d/32,0,1210,11ec,1120,0,0,0,1
pass=A;cert=ec;rtt=50;model=bernoulli;p=0.05;dir=both,63,full,default,15,50.454,51.997,102.451,1488,2,1256,11ec/1216;001d/32,0,1210,11ec,1120,0,0,0,1
pass=A;cert=ec;rtt=50;model=bernoulli;p=0.05;dir=both,64,full,default,15,50.452,52.339,102.792,1488,2,1256,11ec/1216;001d/32,0,1210,11ec,1120,0,0,0,1
pass=A;cert=ec;rtt=50;model=bernoulli;p=0.05;dir=both,65,full,default,15,50.491,52.054,102.545,1488,2,1256,11ec/1216;001d/32,0,1210,11ec,1120,0,0,0,1
pass=A;cert=ec;rtt=50;model=bernoulli;p=0.05;dir=both,66,full,default,15,50.439,52.010,102.449,1488,2,1256,11ec/1216;001d/32,0,1210,11ec,1120,0,0,0,1
pass=A;cert=ec;rtt=50;model=bernoulli;p=0.05;dir=both,67,full,default,15,50.440,52.157,102.598,1488,2,1256,11ec/1216;001d/32,0,1210,11ec,1120,0,0,0,1
pass=A;cert=ec;rtt=50;model=bernoulli;p=0.05;dir=both,68,full,default,15,50.515,51.797,102.312,1488,2,1256,11ec/1216;001d/32,0,1210,11ec,1120,0,0,0,1
pass=A;cert=ec;rtt=50;model=bernoulli;p=0.05;dir=both,69,full,default,15,50.473,51.832,102.305,1488,2,1256,11ec/1216;001d/32,0,1210,11ec,1120,0,0,0,1
pass=A;cert=ec;rtt=50;model=bernoulli;p=0.05;dir=both,70,full,default,15,50.474,52.184,102.658,1488,2,1256,11ec/1216;001d/32,0,1210,11ec,1120,0,0,0,1
pass=A;cert=ec;rtt=50;model=bernoulli;p=0.05;dir=both,71,full,default,15,1058.057,52.651,1110.708,1488,2,1256,11ec/1216;001d/32,0,1210,11ec,1120,0,0,1,1
pass=A;cert=ec;rtt=50;model=bernoulli;p=0.05;dir=both,72,full,default,15,50.530,51.912,102.441,1488,2,1256,11ec/1216;001d/32,0,1210,11ec,1120,0,0,0,1
pass=A;cert=ec;rtt=50;model=bernoulli;p=0.05;dir=both,73,full,default,15,50.316,697.417,747.733,1488,2,1256,11ec/1216;001d/32,0,1210,11ec,1120,0,0,1,1
pass=A;cert=ec;rtt=50;model=bernoulli;p=0.05;dir=both,74,full,default,15,1055.530,102.325,1157.854,1488,2,1256,11ec/1216;001d/32,0,1210,11ec,1120,0,0,1,1
pass=A;cert=ec;rtt=50;model=bernoulli;p=0.05;dir=both,75,full,default,15,2098.651,51.727,2150.377,1488,2,1256,11ec/1216;001d/32,0,1210,11ec,1120,0,0,2,1
pass=A;cert=ec;rtt=50;model=bernoulli;p=0.05;dir=both,76,full,default,15,50.453,51.696,102.149,1488,2,1256,11ec/1216;001d/32,0,1210,11ec,1120,0,0,0,1
pass=A;cert=ec;rtt=50;model=bernoulli;p=0.05;dir=both,77,full,default,15,50.448,51.828,102.276,1488,2,1256,11ec/1216;001d/32,0,1210,11ec,1120,0,0,0,1
pass=A;cert=ec;rtt=50;model=bernoulli;p=0.05;dir=both,78,full,default,15,1055.478,51.989,1107.468,1488,2,1256,11ec/1216;001d/32,0,1210,11ec,1120,0,0,1,1
pass=A;cert=ec;rtt=50;model=bernoulli;p=0.05;dir=both,79,full,default,15,50.531,384.628,435.159,1488,2,1256,11ec/1216;001d/32,0,1210,11ec,1120,0,0,0,1
pass=A;cert=ec;rtt=50;model=bernoulli;p=0.05;dir=both,80,full,default,15,50.472,208.048,258.520,1488,2,1256,11ec/1216;001d/32,0,1210,11ec,1120,0,0,0,1
pass=A;cert=ec;rtt=50;model=bernoulli;p=0.05;dir=both,81,full,default,15,50.458,54.073,104.531,1488,2,1256,11ec/1216;001d/32,0,1210,11ec,1120,0,0,0,1
pass=A;cert=ec;rtt=50;model=bernoulli;p=0.05;dir=both,82,full,default,15,50.578,376.633,427.211,1488,2,1256,11ec/1216;001d/32,0,1210,11ec,1120,0,0,2,1
pass=A;cert=ec;rtt=50;model=bernoulli;p=0.05;dir=both,83,full,default,15,50.421,51.839,102.260,1488,2,1256,11ec/1216;001d/32,0,1210,11ec,1120,0,0,0,1
pass=A;cert=ec;rtt=50;model=bernoulli;p=0.05;dir=both,84,full,default,15,50.465,378.086,428.551,1488,2,1256,11ec/1216;001d/32,0,1210,11ec,1120,0,0,2,1
pass=A;cert=ec;rtt=50;model=bernoulli;p=0.05;dir=both,85,full,default,15,51.939,51.908,103.847,1488,2,1256,11ec/1216;001d/32,0,1210,11ec,1120,0,0,0,1
pass=A;cert=ec;rtt=50;model=bernoulli;p=0.05;dir=both,86,full,default,15,1062.832,51.963,1114.796,1488,2,1256,11ec/1216;001d/32,0,1210,11ec,1120,0,0,1,1
pass=A;cert=ec;rtt=50;model=bernoulli;p=0.05;dir=both,87,full,default,15,50.528,52.385,102.913,1488,2,1256,11ec/1216;001d/32,0,1210,11ec,1120,0,0,0,1
pass=A;cert=ec;rtt=50;model=bernoulli;p=0.05;dir=both,88,full,default,15,50.464,52.316,102.780,1488,2,1256,11ec/1216;001d/32,0,1210,11ec,1120,0,0,0,1
pass=A;cert=ec;rtt=50;model=bernoulli;p=0.05;dir=both,89,full,default,15,50.595,52.167,102.762,1488,2,1256,11ec/1216;001d/32,0,1210,11ec,1120,0,0,0,1
pass=A;cert=ec;rtt=50;model=bernoulli;p=0.05;dir=both,90,full,default,15,50.427,51.871,102.298,1488,2,1256,11ec/1216;001d/32,0,1210,11ec,1120,0,0,0,1
pass=A;cert=ec;rtt=50;model=bernoulli;p=0.05;dir=both,91,full,default,15,50.639,383.291,433.930,1488,2,1256,11ec/1216;001d/32,0,1210,11ec,1120,0,0,1,1
pass=A;cert=ec;rtt=50;model=bernoulli;p=0.05;dir=both,92,full,default,15,1054.621,51.930,1106.551,1488,2,1256,11ec/1216;001d/32,0,1210,11ec,1120,0,0,1,1
pass=A;cert=ec;rtt=50;model=bernoulli;p=0.05;dir=both,93,full,default,15,1067.920,52.480,1120.400,1488,2,1256,11ec/1216;001d/32,0,1210,11ec,1120,0,0,1,1
pass=A;cert=ec;rtt=50;model=bernoulli;p=0.05;dir=both,94,full,default,15,50.517,52.378,102.894,1488,2,1256,11ec/1216;001d/32,0,1210,11ec,1120,0,0,0,1
pass=A;cert=ec;rtt=50;model=bernoulli;p=0.05;dir=both,95,full,default,15,50.520,52.352,102.872,1488,2,1256,11ec/1216;001d/32,0,1210,11ec,1120,0,0,0,1
pass=A;cert=ec;rtt=50;model=bernoulli;p=0.05;dir=both,96,full,default,15,50.513,122.279,172.792,1488,2,1256,11ec/1216;001d/32,0,1210,11ec,1120,0,0,0,1
pass=A;cert=ec;rtt=50;model=bernoulli;p=0.05;dir=both,97,full,default,15,50.436,52.179,102.615,1488,2,1256,11ec/1216;001d/32,0,1210,11ec,1120,0,0,0,1
pass=A;cert=ec;rtt=50;model=bernoulli;p=0.05;dir=both,98,full,default,15,50.511,52.441,102.952,1488,2,1256,11ec/1216;001d/32,0,1210,11ec,1120,0,0,0,1
pass=A;cert=ec;rtt=50;model=bernoulli;p=0.05;dir=both,99,full,default,15,1058.697,51.778,1110.476,1488,2,1256,11ec/1216;001d/32,0,1210,11ec,1120,0,0,1,1
pass=A;cert=ec;rtt=50;model=bernoulli;p=0.05;dir=both,100,full,default,15,50.390,52.040,102.430,1488,2,1256,11ec/1216;001d/32,0,1210,11ec,1120,0,0,0,1
pass=A;cert=ec;rtt=50;model=bernoulli;p=0.05;dir=both,101,full,default,15,50.494,52.003,102.497,1488,2,1256,11ec/1216;001d/32,0,1210,11ec,1120,0,0,0,1
pass=A;cert=ec;rtt=50;model=bernoulli;p=0.05;dir=both,102,full,default,15,50.495,52.032,102.526,1488,2,1256,11ec/1216;001d/32,0,1210,11ec,1120,0,0,0,1
pass=A;cert=ec;rtt=50;model=bernoulli;p=0.05;dir=both,103,full,default,15,50.579,52.144,102.724,1488,2,1256,11ec/1216;001d/32,0,1210,11ec,1120,0,0,0,1
pass=A;cert=ec;rtt=50;model=bernoulli;p=0.05;dir=both,104,full,default,15,50.511,51.806,102.316,1488,2,1256,11ec/1216;001d/32,0,1210,11ec,1120,0,0,0,1
pass=A;cert=ec;rtt=50;model=bernoulli;p=0.05;dir=both,105,full,default,15,50.479,51.839,102.318,1488,2,1256,11ec/1216;001d/32,0,1210,11ec,1120,0,0,0,1
pass=A;cert=ec;rtt=50;model=bernoulli;p=0.05;dir=both,106,full,default,15,50.599,51.799,102.398,1488,2,1256,11ec/1216;001d/32,0,1210,11ec,1120,0,0,0,1
pass=A;cert=ec;rtt=50;model=bernoulli;p=0.05;dir=both,107,full,default,15,50.482,51.755,102.237,1488,2,1256,11ec/1216;001d/32,0,1210,11ec,1120,0,0,0,1
pass=A;cert=ec;rtt=50;model=bernoulli;p=0.05;dir=both,108,full,default,15,50.572,52.067,102.640,1488,2,1256,11ec/1216;001d/32,0,1210,11ec,1120,0,0,0,1
pass=A;cert=ec;rtt=50;model=bernoulli;p=0.05;dir=both,109,full,default,15,50.447,51.966,102.413,1488,2,1256,11ec/1216;001d/32,0,1210,11ec,1120,0,0,0,1
pass=A;cert=ec;rtt=50;model=bernoulli;p=0.05;dir=both,110,full,default,15,50.513,51.898,102.412,1488,2,1256,11ec/1216;001d/32,0,1210,11ec,1120,0,0,0,1
pass=A;cert=ec;rtt=50;model=bernoulli;p=0.05;dir=both,111,full,default,15,50.350,122.183,172.533,1488,2,1256,11ec/1216;001d/32,0,1210,11ec,1120,0,0,1,1
pass=A;cert=ec;rtt=50;model=bernoulli;p=0.05;dir=both,112,full,default,15,50.426,51.906,102.332,1488,2,1256,11ec/1216;001d/32,0,1210,11ec,1120,0,0,0,1
pass=A;cert=ec;rtt=50;model=bernoulli;p=0.05;dir=both,113,full,default,15,50.478,121.445,171.923,1488,2,1256,11ec/1216;001d/32,0,1210,11ec,1120,0,0,0,1
pass=A;cert=ec;rtt=50;model=bernoulli;p=0.05;dir=both,114,full,default,15,50.366,51.857,102.223,1488,2,1256,11ec/1216;001d/32,0,1210,11ec,1120,0,0,0,1
pass=A;cert=ec;rtt=50;model=bernoulli;p=0.05;dir=both,115,full,default,15,50.599,52.510,103.109,1488,2,1256,11ec/1216;001d/32,0,1210,11ec,1120,0,0,0,1
pass=A;cert=ec;rtt=50;model=bernoulli;p=0.05;dir=both,116,full,default,15,50.490,51.791,102.281,1488,2,1256,11ec/1216;001d/32,0,1210,11ec,1120,0,0,0,1
pass=A;cert=ec;rtt=50;model=bernoulli;p=0.05;dir=both,117,full,default,15,50.434,51.732,102.165,1488,2,1256,11ec/1216;001d/32,0,1210,11ec,1120,0,0,0,1
pass=A;cert=ec;rtt=50;model=bernoulli;p=0.05;dir=both,118,full,default,15,50.452,51.859,102.311,1488,2,1256,11ec/1216;001d/32,0,1210,11ec,1120,0,0,0,1
pass=A;cert=ec;rtt=50;model=bernoulli;p=0.05;dir=both,119,full,default,15,50.280,51.873,102.153,1488,2,1256,11ec/1216;001d/32,0,1210,11ec,1120,0,0,0,1
pass=A;cert=ec;rtt=50;model=bernoulli;p=0.05;dir=both,120,full,default,15,50.464,51.888,102.353,1488,2,1256,11ec/1216;001d/32,0,1210,11ec,1120,0,0,0,1
pass=A;cert=ec;rtt=50;model=bernoulli;p=0.05;dir=both,121,full,default,15,50.466,51.879,102.345,1488,2,1256,11ec/1216;001d/32,0,1210,11ec,1120,0,0,0,1
pass=A;cert=ec;rtt=50;model=bernoulli;p=0.05;dir=both,122,full,default,15,50.504,52.031,102.535,1488,2,1256,11ec/1216;001d/32,0,1210,11ec,1120,0,0,0,1
pass=A;cert=ec;rtt=50;model=bernoulli;p=0.05;dir=both,123,full,default,15,50.412,51.882,102.294,1488,2,1256,11ec/1216;001d/32,0,1210,11ec,1120,0,0,0,1
pass=A;cert=ec;rtt=50;model=bernoulli;p=0.05;dir=both,124,full,default,15,50.457,51.949,102.406,1488,2,1256,11ec/1216;001d/32,0,1210,11ec,1120,0,0,0,1
pass=A;cert=ec;rtt=50;model=bernoulli;p=0.05;dir=both,125,full,default,15,50.432,51.939,102.371,1488,2,1256,11ec/1216;001d/32,0,1210,11ec,1120,0,0,0,1
pass=A;cert=ec;rtt=50;model=bernoulli;p=0.05;dir=both,126,full,default,15,50.429,51.971,102.400,1488,2,1256,11ec/1216;001d/32,0,1210,11ec,1120,0,0,0,1
pass=A;cert=ec;rtt=50;model=bernoulli;p=0.05;dir=both,127,full,default,15,50.458,53.924,104.382,1488,2,1256,11ec/1216;001d/32,0,1210,11ec,1120,0,0,0,1
pass=A;cert=ec;rtt=50;model=bernoulli;p=0.05;dir=both,128,full,default,15,50.572,122.226,172.798,1488,2,1256,11ec/1216;001d/32,0,1210,11ec,1120,0,0,1,1
pass=A;cert=ec;rtt=50;model=bernoulli;p=0.05;dir=both,129,full,default,15,1082.464,52.116,1134.580,1488,2,1256,11ec/1216;001d/32,0,1210,11ec,1120,0,0,1,1
pass=A;cert=ec;rtt=50;model=bernoulli;p=0.05;dir=both,130,full,default,15,50.493,52.137,102.630,1488,2,1256,11ec/1216;001d/32,0,1210,11ec,1120,0,0,0,1
pass=A;cert=ec;rtt=50;model=bernoulli;p=0.05;dir=both,131,full,default,15,1061.045,52.172,1113.217,1488,2,1256,11ec/1216;001d/32,0,1210,11ec,1120,0,0,1,1
pass=A;cert=ec;rtt=50;model=bernoulli;p=0.05;dir=both,132,full,default,15,50.565,52.031,102.597,1488,2,1256,11ec/1216;001d/32,0,1210,11ec,1120,0,0,0,1
pass=A;cert=ec;rtt=50;model=bernoulli;p=0.05;dir=both,133,full,default,15,50.497,51.905,102.401,1488,2,1256,11ec/1216;001d/32,0,1210,11ec,1120,0,0,0,1
pass=A;cert=ec;rtt=50;model=bernoulli;p=0.05;dir=both,134,full,default,15,50.517,51.943,102.461,1488,2,1256,11ec/1216;001d/32,0,1210,11ec,1120,0,0,0,1
pass=A;cert=ec;rtt=50;model=bernoulli;p=0.05;dir=both,135,full,default,15,50.426,51.875,102.300,1488,2,1256,11ec/1216;001d/32,0,1210,11ec,1120,0,0,0,1
pass=A;cert=ec;rtt=50;model=bernoulli;p=0.05;dir=both,136,full,default,15,50.538,52.418,102.956,1488,2,1256,11ec/1216;001d/32,0,1210,11ec,1120,0,0,0,1
pass=A;cert=ec;rtt=50;model=bernoulli;p=0.05;dir=both,137,full,default,15,50.484,52.286,102.770,1488,2,1256,11ec/1216;001d/32,0,1210,11ec,1120,0,0,0,1
pass=A;cert=ec;rtt=50;model=bernoulli;p=0.05;dir=both,138,full,default,15,50.462,52.354,102.815,1488,2,1256,11ec/1216;001d/32,0,1210,11ec,1120,0,0,0,1
pass=A;cert=ec;rtt=50;model=bernoulli;p=0.05;dir=both,139,full,default,15,1052.439,120.848,1173.288,1488,2,1256,11ec/1216;001d/32,0,1210,11ec,1120,0,0,2,1
pass=A;cert=ec;rtt=50;model=bernoulli;p=0.05;dir=both,140,full,default,15,50.487,379.980,430.467,1488,2,1256,11ec/1216;001d/32,0,1210,11ec,1120,0,0,0,1
pass=A;cert=ec;rtt=50;model=bernoulli;p=0.05;dir=both,141,full,default,15,1080.776,52.381,1133.157,1488,2,1256,11ec/1216;001d/32,0,1210,11ec,1120,0,0,1,1
pass=A;cert=ec;rtt=50;model=bernoulli;p=0.05;dir=both,142,full,default,15,50.463,51.998,102.461,1488,2,1256,11ec/1216;001d/32,0,1210,11ec,1120,0,0,0,1
pass=A;cert=ec;rtt=50;model=bernoulli;p=0.05;dir=both,143,full,default,15,1060.559,52.254,1112.813,1488,2,1256,11ec/1216;001d/32,0,1210,11ec,1120,0,0,1,1
pass=A;cert=ec;rtt=50;model=bernoulli;p=0.05;dir=both,144,full,default,15,50.596,384.313,434.909,1488,2,1256,11ec/1216;001d/32,0,1210,11ec,1120,0,0,0,1
pass=A;cert=ec;rtt=50;model=bernoulli;p=0.05;dir=both,145,full,default,15,54.393,52.016,106.409,1488,2,1256,11ec/1216;001d/32,0,1210,11ec,1120,0,0,0,1
pass=A;cert=ec;rtt=50;model=bernoulli;p=0.05;dir=both,146,full,default,15,50.543,51.965,102.508,1488,2,1256,11ec/1216;001d/32,0,1210,11ec,1120,0,0,0,1
pass=A;cert=ec;rtt=50;model=bernoulli;p=0.05;dir=both,147,full,default,15,50.525,52.221,102.746,1488,2,1256,11ec/1216;001d/32,0,1210,11ec,1120,0,0,0,1
pass=A;cert=ec;rtt=50;model=bernoulli;p=0.05;dir=both,148,full,default,15,50.451,51.982,102.433,1488,2,1256,11ec/1216;001d/32,0,1210,11ec,1120,0,0,0,1
pass=A;cert=ec;rtt=50;model=bernoulli;p=0.05;dir=both,149,full,default,15,50.447,51.708,102.154,1488,2,1256,11ec/1216;001d/32,0,1210,11ec,1120,0,0,0,1
pass=A;cert=ec;rtt=50;model=bernoulli;p=0.1;dir=both,0,full,X25519,15,50.600,52.284,102.884,254,1,36,001d/32,0,122,001d,32,0,0,0,1
pass=A;cert=ec;rtt=50;model=bernoulli;p=0.1;dir=both,1,full,X25519,15,2096.462,51.743,2148.205,254,1,36,001d/32,0,122,001d,32,0,0,2,1
pass=A;cert=ec;rtt=50;model=bernoulli;p=0.1;dir=both,2,full,X25519,15,50.498,51.622,102.120,254,1,36,001d/32,0,122,001d,32,0,0,0,1
pass=A;cert=ec;rtt=50;model=bernoulli;p=0.1;dir=both,3,full,X25519,15,50.377,372.268,422.644,254,1,36,001d/32,0,122,001d,32,0,0,1,1
pass=A;cert=ec;rtt=50;model=bernoulli;p=0.1;dir=both,4,full,X25519,15,50.509,69.400,119.909,254,1,36,001d/32,0,122,001d,32,0,0,0,1
pass=A;cert=ec;rtt=50;model=bernoulli;p=0.1;dir=both,5,full,X25519,15,1062.902,51.523,1114.425,254,1,36,001d/32,0,122,001d,32,0,0,1,1
pass=A;cert=ec;rtt=50;model=bernoulli;p=0.1;dir=both,6,full,X25519,15,50.502,51.579,102.080,254,1,36,001d/32,0,122,001d,32,0,0,0,1
pass=A;cert=ec;rtt=50;model=bernoulli;p=0.1;dir=both,7,full,X25519,15,50.429,51.869,102.298,254,1,36,001d/32,0,122,001d,32,0,0,0,1
pass=A;cert=ec;rtt=50;model=bernoulli;p=0.1;dir=both,8,full,X25519,15,50.715,52.384,103.099,254,1,36,001d/32,0,122,001d,32,0,0,0,1
pass=A;cert=ec;rtt=50;model=bernoulli;p=0.1;dir=both,9,full,X25519,15,50.512,71.160,121.672,254,1,36,001d/32,0,122,001d,32,0,0,0,1
pass=A;cert=ec;rtt=50;model=bernoulli;p=0.1;dir=both,10,full,X25519,15,50.576,51.744,102.320,254,1,36,001d/32,0,122,001d,32,0,0,0,1
pass=A;cert=ec;rtt=50;model=bernoulli;p=0.1;dir=both,11,full,X25519,15,50.633,359.035,409.668,254,1,36,001d/32,0,122,001d,32,0,0,1,1
pass=A;cert=ec;rtt=50;model=bernoulli;p=0.1;dir=both,12,full,X25519,15,50.565,52.530,103.096,254,1,36,001d/32,0,122,001d,32,0,0,0,1
pass=A;cert=ec;rtt=50;model=bernoulli;p=0.1;dir=both,13,full,X25519,15,50.395,51.824,102.218,254,1,36,001d/32,0,122,001d,32,0,0,0,1
pass=A;cert=ec;rtt=50;model=bernoulli;p=0.1;dir=both,14,full,X25519,15,2096.713,51.389,2148.102,254,1,36,001d/32,0,122,001d,32,0,0,2,1
pass=A;cert=ec;rtt=50;model=bernoulli;p=0.1;dir=both,15,full,X25519,15,2092.590,51.462,2144.052,254,1,36,001d/32,0,122,001d,32,0,0,2,1
pass=A;cert=ec;rtt=50;model=bernoulli;p=0.1;dir=both,16,full,X25519,15,50.436,51.840,102.276,254,1,36,001d/32,0,122,001d,32,0,0,0,1
pass=A;cert=ec;rtt=50;model=bernoulli;p=0.1;dir=both,17,full,X25519,15,50.381,315.072,365.453,254,1,36,001d/32,0,122,001d,32,0,0,0,1
pass=A;cert=ec;rtt=50;model=bernoulli;p=0.1;dir=both,18,full,X25519,15,50.537,333.215,383.751,254,1,36,001d/32,0,122,001d,32,0,0,0,1
pass=A;cert=ec;rtt=50;model=bernoulli;p=0.1;dir=both,19,full,X25519,15,50.490,51.492,101.982,254,1,36,001d/32,0,122,001d,32,0,0,0,1
pass=A;cert=ec;rtt=50;model=bernoulli;p=0.1;dir=both,20,full,X25519,15,50.478,384.929,435.408,254,1,36,001d/32,0,122,001d,32,0,0,1,1
pass=A;cert=ec;rtt=50;model=bernoulli;p=0.1;dir=both,21,full,X25519,15,50.409,51.603,102.012,254,1,36,001d/32,0,122,001d,32,0,0,0,1
pass=A;cert=ec;rtt=50;model=bernoulli;p=0.1;dir=both,22,full,X25519,15,50.452,51.539,101.991,254,1,36,001d/32,0,122,001d,32,0,0,0,1
pass=A;cert=ec;rtt=50;model=bernoulli;p=0.1;dir=both,23,full,X25519,15,50.597,51.426,102.024,254,1,36,001d/32,0,122,001d,32,0,0,0,1
pass=A;cert=ec;rtt=50;model=bernoulli;p=0.1;dir=both,24,full,X25519,15,50.427,321.409,371.836,254,1,36,001d/32,0,122,001d,32,0,0,0,1
pass=A;cert=ec;rtt=50;model=bernoulli;p=0.1;dir=both,25,full,X25519,15,50.506,359.104,409.610,254,1,36,001d/32,0,122,001d,32,0,0,1,1
pass=A;cert=ec;rtt=50;model=bernoulli;p=0.1;dir=both,26,full,X25519,15,50.511,257.387,307.897,254,1,36,001d/32,0,122,001d,32,0,0,0,1
pass=A;cert=ec;rtt=50;model=bernoulli;p=0.1;dir=both,27,full,X25519,15,50.454,319.770,370.224,254,1,36,001d/32,0,122,001d,32,0,0,0,1
pass=A;cert=ec;rtt=50;model=bernoulli;p=0.1;dir=both,28,full,X25519,15,50.539,51.762,102.301,254,1,36,001d/32,0,122,001d,32,0,0,0,1
pass=A;cert=ec;rtt=50;model=bernoulli;p=0.1;dir=both,29,full,X25519,15,50.420,51.533,101.953,254,1,36,001d/32,0,122,001d,32,0,0,0,1
pass=A;cert=ec;rtt=50;model=bernoulli;p=0.1;dir=both,30,full,X25519,15,50.413,51.535,101.948,254,1,36,001d/32,0,122,001d,32,0,0,0,1
pass=A;cert=ec;rtt=50;model=bernoulli;p=0.1;dir=both,31,full,X25519,15,1061.887,2625.402,3687.289,254,1,36,001d/32,0,122,001d,32,0,0,2,1
pass=A;cert=ec;rtt=50;model=bernoulli;p=0.1;dir=both,32,full,X25519,15,50.497,51.503,102.000,254,1,36,001d/32,0,122,001d,32,0,0,0,1
pass=A;cert=ec;rtt=50;model=bernoulli;p=0.1;dir=both,33,full,X25519,15,50.481,51.590,102.071,254,1,36,001d/32,0,122,001d,32,0,0,0,1
pass=A;cert=ec;rtt=50;model=bernoulli;p=0.1;dir=both,34,full,X25519,15,50.459,55.556,106.015,254,1,36,001d/32,0,122,001d,32,0,0,0,1
pass=A;cert=ec;rtt=50;model=bernoulli;p=0.1;dir=both,35,full,X25519,15,1064.069,52.176,1116.245,254,1,36,001d/32,0,122,001d,32,0,0,1,1
pass=A;cert=ec;rtt=50;model=bernoulli;p=0.1;dir=both,36,full,X25519,15,50.508,52.002,102.509,254,1,36,001d/32,0,122,001d,32,0,0,0,1
pass=A;cert=ec;rtt=50;model=bernoulli;p=0.1;dir=both,37,full,X25519,15,1060.962,52.901,1113.864,254,1,36,001d/32,0,122,001d,32,0,0,1,1
pass=A;cert=ec;rtt=50;model=bernoulli;p=0.1;dir=both,38,full,X25519,15,50.324,69.912,120.236,254,1,36,001d/32,0,122,001d,32,0,0,0,1
pass=A;cert=ec;rtt=50;model=bernoulli;p=0.1;dir=both,39,full,X25519,15,50.462,51.637,102.099,254,1,36,001d/32,0,122,001d,32,0,0,0,1
pass=A;cert=ec;rtt=50;model=bernoulli;p=0.1;dir=both,40,full,X25519,15,51.223,51.569,102.792,254,1,36,001d/32,0,122,001d,32,0,0,0,1
pass=A;cert=ec;rtt=50;model=bernoulli;p=0.1;dir=both,41,full,X25519,15,51.809,70.682,122.491,254,1,36,001d/32,0,122,001d,32,0,0,0,1
pass=A;cert=ec;rtt=50;model=bernoulli;p=0.1;dir=both,42,full,X25519,15,50.435,51.681,102.117,254,1,36,001d/32,0,122,001d,32,0,0,0,1
pass=A;cert=ec;rtt=50;model=bernoulli;p=0.1;dir=both,43,full,X25519,15,1060.575,51.960,1112.534,254,1,36,001d/32,0,122,001d,32,0,0,1,1
pass=A;cert=ec;rtt=50;model=bernoulli;p=0.1;dir=both,44,full,X25519,15,50.470,51.595,102.065,254,1,36,001d/32,0,122,001d,32,0,0,0,1
pass=A;cert=ec;rtt=50;model=bernoulli;p=0.1;dir=both,45,full,X25519,15,50.434,51.985,102.419,254,1,36,001d/32,0,122,001d,32,0,0,0,1
pass=A;cert=ec;rtt=50;model=bernoulli;p=0.1;dir=both,46,full,X25519,15,50.425,51.810,102.236,254,1,36,001d/32,0,122,001d,32,0,0,0,1
pass=A;cert=ec;rtt=50;model=bernoulli;p=0.1;dir=both,47,full,X25519,15,50.517,2311.495,2362.012,254,1,36,001d/32,0,122,001d,32,0,0,2,1
pass=A;cert=ec;rtt=50;model=bernoulli;p=0.1;dir=both,48,full,X25519,15,1054.709,51.659,1106.368,254,1,36,001d/32,0,122,001d,32,0,0,1,1
pass=A;cert=ec;rtt=50;model=bernoulli;p=0.1;dir=both,49,full,X25519,15,1068.175,51.940,1120.116,254,1,36,001d/32,0,122,001d,32,0,0,1,1
pass=A;cert=ec;rtt=50;model=bernoulli;p=0.1;dir=both,50,full,X25519,15,50.629,70.421,121.050,254,1,36,001d/32,0,122,001d,32,0,0,0,1
pass=A;cert=ec;rtt=50;model=bernoulli;p=0.1;dir=both,51,full,X25519,15,50.592,51.596,102.188,254,1,36,001d/32,0,122,001d,32,0,0,0,1
pass=A;cert=ec;rtt=50;model=bernoulli;p=0.1;dir=both,52,full,X25519,15,1068.448,53.255,1121.702,254,1,36,001d/32,0,122,001d,32,0,0,1,1
pass=A;cert=ec;rtt=50;model=bernoulli;p=0.1;dir=both,53,full,X25519,15,51.263,51.587,102.849,254,1,36,001d/32,0,122,001d,32,0,0,0,1
pass=A;cert=ec;rtt=50;model=bernoulli;p=0.1;dir=both,54,full,X25519,15,50.457,51.668,102.126,254,1,36,001d/32,0,122,001d,32,0,0,0,1
pass=A;cert=ec;rtt=50;model=bernoulli;p=0.1;dir=both,55,full,X25519,15,50.424,363.967,414.390,254,1,36,001d/32,0,122,001d,32,0,0,1,1
pass=A;cert=ec;rtt=50;model=bernoulli;p=0.1;dir=both,56,full,X25519,15,50.465,307.771,358.237,254,1,36,001d/32,0,122,001d,32,0,0,0,1
pass=A;cert=ec;rtt=50;model=bernoulli;p=0.1;dir=both,57,full,X25519,15,50.497,51.686,102.183,254,1,36,001d/32,0,122,001d,32,0,0,0,1
pass=A;cert=ec;rtt=50;model=bernoulli;p=0.1;dir=both,58,full,X25519,15,50.479,51.693,102.171,254,1,36,001d/32,0,122,001d,32,0,0,0,1
pass=A;cert=ec;rtt=50;model=bernoulli;p=0.1;dir=both,59,full,X25519,15,1067.951,51.915,1119.866,254,1,36,001d/32,0,122,001d,32,0,0,1,1
pass=A;cert=ec;rtt=50;model=bernoulli;p=0.1;dir=both,60,full,X25519,15,1067.963,52.003,1119.966,254,1,36,001d/32,0,122,001d,32,0,0,1,1
pass=A;cert=ec;rtt=50;model=bernoulli;p=0.1;dir=both,61,full,X25519,15,50.527,51.525,102.051,254,1,36,001d/32,0,122,001d,32,0,0,0,1
pass=A;cert=ec;rtt=50;model=bernoulli;p=0.1;dir=both,62,full,X25519,15,1061.594,327.252,1388.847,254,1,36,001d/32,0,122,001d,32,0,0,2,1
pass=A;cert=ec;rtt=50;model=bernoulli;p=0.1;dir=both,63,full,X25519,15,50.476,51.687,102.163,254,1,36,001d/32,0,122,001d,32,0,0,0,1
pass=A;cert=ec;rtt=50;model=bernoulli;p=0.1;dir=both,64,full,X25519,15,1074.347,51.642,1125.989,254,1,36,001d/32,0,122,001d,32,0,0,1,1
pass=A;cert=ec;rtt=50;model=bernoulli;p=0.1;dir=both,65,full,X25519,15,50.799,378.811,429.611,254,1,36,001d/32,0,122,001d,32,0,0,1,1
pass=A;cert=ec;rtt=50;model=bernoulli;p=0.1;dir=both,66,full,X25519,15,50.463,366.189,416.652,254,1,36,001d/32,0,122,001d,32,0,0,1,1
pass=A;cert=ec;rtt=50;model=bernoulli;p=0.1;dir=both,67,full,X25519,15,50.437,51.615,102.052,254,1,36,001d/32,0,122,001d,32,0,0,0,1
pass=A;cert=ec;rtt=50;model=bernoulli;p=0.1;dir=both,68,full,X25519,15,51.086,332.373,383.459,254,1,36,001d/32,0,122,001d,32,0,0,0,1
pass=A;cert=ec;rtt=50;model=bernoulli;p=0.1;dir=both,69,full,X25519,15,50.817,77.144,127.961,254,1,36,001d/32,0,122,001d,32,0,0,0,1
pass=A;cert=ec;rtt=50;model=bernoulli;p=0.1;dir=both,70,full,X25519,15,61.574,379.290,440.864,254,1,36,001d/32,0,122,001d,32,0,0,1,1
pass=A;cert=ec;rtt=50;model=bernoulli;p=0.1;dir=both,71,full,X25519,15,1054.702,51.899,1106.602,254,1,36,001d/32,0,122,001d,32,0,0,1,1
pass=A;cert=ec;rtt=50;model=bernoulli;p=0.1;dir=both,72,full,X25519,15,50.520,378.390,428.910,254,1,36,001d/32,0,122,001d,32,0,0,1,1
pass=A;cert=ec;rtt=50;model=bernoulli;p=0.1;dir=both,73,full,X25519,15,50.497,51.662,102.158,254,1,36,001d/32,0,122,001d,32,0,0,0,1
pass=A;cert=ec;rtt=50;model=bernoulli;p=0.1;dir=both,74,full,X25519,15,1055.357,51.585,1106.942,254,1,36,001d/32,0,122,001d,32,0,0,1,1
pass=A;cert=ec;rtt=50;model=bernoulli;p=0.1;dir=both,75,full,X25519,15,50.562,53.151,103.713,254,1,36,001d/32,0,122,001d,32,0,0,0,1
pass=A;cert=ec;rtt=50;model=bernoulli;p=0.1;dir=both,76,full,X25519,15,50.632,306.432,357.064,254,1,36,001d/32,0,122,001d,32,0,0,0,1
pass=A;cert=ec;rtt=50;model=bernoulli;p=0.1;dir=both,77,full,X25519,15,50.537,52.991,103.527,254,1,36,001d/32,0,122,001d,32,0,0,0,1
pass=A;cert=ec;rtt=50;model=bernoulli;p=0.1;dir=both,78,full,X25519,15,50.537,52.640,103.177,254,1,36,001d/32,0,122,001d,32,0,0,0,1
pass=A;cert=ec;rtt=50;model=bernoulli;p=0.1;dir=both,79,full,X25519,15,1065.636,51.551,1117.187,254,1,36,001d/32,0,122,001d,32,0,0,1,1
pass=A;cert=ec;rtt=50;model=bernoulli;p=0.1;dir=both,80,full,X25519,15,50.449,52.224,102.673,254,1,36,001d/32,0,122,001d,32,0,0,0,1
pass=A;cert=ec;rtt=50;model=bernoulli;p=0.1;dir=both,81,full,X25519,15,50.439,51.916,102.355,254,1,36,001d/32,0,122,001d,32,0,0,0,1
pass=A;cert=ec;rtt=50;model=bernoulli;p=0.1;dir=both,82,full,X25519,15,50.729,51.675,102.404,254,1,36,001d/32,0,122,001d,32,0,0,0,1
pass=A;cert=ec;rtt=50;model=bernoulli;p=0.1;dir=both,83,full,X25519,15,50.525,51.814,102.339,254,1,36,001d/32,0,122,001d,32,0,0,0,1
pass=A;cert=ec;rtt=50;model=bernoulli;p=0.1;dir=both,84,full,X25519,15,50.505,326.736,377.242,254,1,36,001d/32,0,122,001d,32,0,0,0,1
pass=A;cert=ec;rtt=50;model=bernoulli;p=0.1;dir=both,85,full,X25519,15,3128.824,52.027,3180.851,254,1,36,001d/32,0,122,001d,32,0,0,3,1
pass=A;cert=ec;rtt=50;model=bernoulli;p=0.1;dir=both,86,full,X25519,15,50.572,51.823,102.395,254,1,36,001d/32,0,122,001d,32,0,0,0,1
pass=A;cert=ec;rtt=50;model=bernoulli;p=0.1;dir=both,87,full,X25519,15,50.448,51.472,101.920,254,1,36,001d/32,0,122,001d,32,0,0,0,1
pass=A;cert=ec;rtt=50;model=bernoulli;p=0.1;dir=both,88,full,X25519,15,50.454,51.555,102.009,254,1,36,001d/32,0,122,001d,32,0,0,0,1
pass=A;cert=ec;rtt=50;model=bernoulli;p=0.1;dir=both,89,full,X25519,15,50.431,51.622,102.053,254,1,36,001d/32,0,122,001d,32,0,0,0,1
pass=A;cert=ec;rtt=50;model=bernoulli;p=0.1;dir=both,90,full,X25519,15,1074.660,51.677,1126.337,254,1,36,001d/32,0,122,001d,32,0,0,1,1
pass=A;cert=ec;rtt=50;model=bernoulli;p=0.1;dir=both,91,full,X25519,15,1068.163,353.426,1421.589,254,1,36,001d/32,0,122,001d,32,0,0,2,1
pass=A;cert=ec;rtt=50;model=bernoulli;p=0.1;dir=both,92,full,X25519,15,50.464,367.404,417.868,254,1,36,001d/32,0,122,001d,32,0,0,1,1
pass=A;cert=ec;rtt=50;model=bernoulli;p=0.1;dir=both,93,full,X25519,15,50.510,53.128,103.638,254,1,36,001d/32,0,122,001d,32,0,0,0,1
pass=A;cert=ec;rtt=50;model=bernoulli;p=0.1;dir=both,94,full,X25519,15,50.507,51.794,102.301,254,1,36,001d/32,0,122,001d,32,0,0,0,1
pass=A;cert=ec;rtt=50;model=bernoulli;p=0.1;dir=both,95,full,X25519,15,50.309,68.835,119.145,254,1,36,001d/32,0,122,001d,32,0,0,0,1
pass=A;cert=ec;rtt=50;model=bernoulli;p=0.1;dir=both,96,full,X25519,15,50.461,51.706,102.167,254,1,36,001d/32,0,122,001d,32,0,0,0,1
pass=A;cert=ec;rtt=50;model=bernoulli;p=0.1;dir=both,97,full,X25519,15,50.564,51.997,102.560,254,1,36,001d/32,0,122,001d,32,0,0,0,1
pass=A;cert=ec;rtt=50;model=bernoulli;p=0.1;dir=both,98,full,X25519,15,50.502,51.972,102.474,254,1,36,001d/32,0,122,001d,32,0,0,0,1
pass=A;cert=ec;rtt=50;model=bernoulli;p=0.1;dir=both,99,full,X25519,15,50.548,51.891,102.439,254,1,36,001d/32,0,122,001d,32,0,0,0,1
pass=A;cert=ec;rtt=50;model=bernoulli;p=0.1;dir=both,100,full,X25519,15,50.449,51.579,102.028,254,1,36,001d/32,0,122,001d,32,0,0,0,1
pass=A;cert=ec;rtt=50;model=bernoulli;p=0.1;dir=both,101,full,X25519,15,50.464,51.699,102.162,254,1,36,001d/32,0,122,001d,32,0,0,0,1
pass=A;cert=ec;rtt=50;model=bernoulli;p=0.1;dir=both,102,full,X25519,15,1072.167,52.084,1124.251,254,1,36,001d/32,0,122,001d,32,0,0,1,1
pass=A;cert=ec;rtt=50;model=bernoulli;p=0.1;dir=both,103,full,X25519,15,50.549,51.570,102.118,254,1,36,001d/32,0,122,001d,32,0,0,0,1
pass=A;cert=ec;rtt=50;model=bernoulli;p=0.1;dir=both,104,full,X25519,15,50.568,52.056,102.624,254,1,36,001d/32,0,122,001d,32,0,0,0,1
pass=A;cert=ec;rtt=50;model=bernoulli;p=0.1;dir=both,105,full,X25519,15,3102.788,52.124,3154.912,254,1,36,001d/32,0,122,001d,32,0,0,3,1
pass=A;cert=ec;rtt=50;model=bernoulli;p=0.1;dir=both,106,full,X25519,15,1067.562,51.699,1119.261,254,1,36,001d/32,0,122,001d,32,0,0,1,1
pass=A;cert=ec;rtt=50;model=bernoulli;p=0.1;dir=both,107,full,X25519,15,50.484,51.620,102.104,254,1,36,001d/32,0,122,001d,32,0,0,0,1
pass=A;cert=ec;rtt=50;model=bernoulli;p=0.1;dir=both,108,full,X25519,15,50.760,314.475,365.235,254,1,36,001d/32,0,122,001d,32,0,0,0,1
pass=A;cert=ec;rtt=50;model=bernoulli;p=0.1;dir=both,109,full,X25519,15,50.447,51.638,102.085,254,1,36,001d/32,0,122,001d,32,0,0,0,1
pass=A;cert=ec;rtt=50;model=bernoulli;p=0.1;dir=both,110,full,X25519,15,50.452,51.609,102.061,254,1,36,001d/32,0,122,001d,32,0,0,0,1
pass=A;cert=ec;rtt=50;model=bernoulli;p=0.1;dir=both,111,full,X25519,15,50.583,51.561,102.145,254,1,36,001d/32,0,122,001d,32,0,0,0,1
pass=A;cert=ec;rtt=50;model=bernoulli;p=0.1;dir=both,112,full,X25519,15,50.513,53.895,104.408,254,1,36,001d/32,0,122,001d,32,0,0,0,1
pass=A;cert=ec;rtt=50;model=bernoulli;p=0.1;dir=both,113,full,X25519,15,50.355,364.267,414.623,254,1,36,001d/32,0,122,001d,32,0,0,1,1
pass=A;cert=ec;rtt=50;model=bernoulli;p=0.1;dir=both,114,full,X25519,15,50.543,52.156,102.699,254,1,36,001d/32,0,122,001d,32,0,0,0,1
pass=A;cert=ec;rtt=50;model=bernoulli;p=0.1;dir=both,115,full,X25519,15,2103.639,52.583,2156.222,254,1,36,001d/32,0,122,001d,32,0,0,2,1
pass=A;cert=ec;rtt=50;model=bernoulli;p=0.1;dir=both,116,full,X25519,15,50.597,52.330,102.927,254,1,36,001d/32,0,122,001d,32,0,0,0,1
pass=A;cert=ec;rtt=50;model=bernoulli;p=0.1;dir=both,117,full,X25519,15,50.494,52.175,102.669,254,1,36,001d/32,0,122,001d,32,0,0,0,1
pass=A;cert=ec;rtt=50;model=bernoulli;p=0.1;dir=both,118,full,X25519,15,1053.156,51.996,1105.152,254,1,36,001d/32,0,122,001d,32,0,0,1,1
pass=A;cert=ec;rtt=50;model=bernoulli;p=0.1;dir=both,119,full,X25519,15,50.514,51.991,102.504,254,1,36,001d/32,0,122,001d,32,0,0,0,1
pass=A;cert=ec;rtt=50;model=bernoulli;p=0.1;dir=both,120,full,X25519,15,50.469,51.720,102.189,254,1,36,001d/32,0,122,001d,32,0,0,0,1
pass=A;cert=ec;rtt=50;model=bernoulli;p=0.1;dir=both,121,full,X25519,15,52.003,427.999,480.001,254,1,36,001d/32,0,122,001d,32,0,0,0,1
pass=A;cert=ec;rtt=50;model=bernoulli;p=0.1;dir=both,122,full,X25519,15,50.357,51.597,101.954,254,1,36,001d/32,0,122,001d,32,0,0,0,1
pass=A;cert=ec;rtt=50;model=bernoulli;p=0.1;dir=both,123,full,X25519,15,50.450,51.629,102.080,254,1,36,001d/32,0,122,001d,32,0,0,0,1
pass=A;cert=ec;rtt=50;model=bernoulli;p=0.1;dir=both,124,full,X25519,15,50.428,327.423,377.851,254,1,36,001d/32,0,122,001d,32,0,0,0,1
pass=A;cert=ec;rtt=50;model=bernoulli;p=0.1;dir=both,125,full,X25519,15,50.536,55.419,105.954,254,1,36,001d/32,0,122,001d,32,0,0,0,1
pass=A;cert=ec;rtt=50;model=bernoulli;p=0.1;dir=both,126,full,X25519,15,50.359,323.187,373.545,254,1,36,001d/32,0,122,001d,32,0,0,0,1
pass=A;cert=ec;rtt=50;model=bernoulli;p=0.1;dir=both,127,full,X25519,15,50.571,51.583,102.154,254,1,36,001d/32,0,122,001d,32,0,0,0,1
pass=A;cert=ec;rtt=50;model=bernoulli;p=0.1;dir=both,128,full,X25519,15,1074.315,52.149,1126.463,254,1,36,001d/32,0,122,001d,32,0,0,1,1
pass=A;cert=ec;rtt=50;model=bernoulli;p=0.1;dir=both,129,full,X25519,15,50.592,52.334,102.926,254,1,36,001d/32,0,122,001d,32,0,0,0,1
pass=A;cert=ec;rtt=50;model=bernoulli;p=0.1;dir=both,130,full,X25519,15,50.441,51.700,102.141,254,1,36,001d/32,0,122,001d,32,0,0,0,1
pass=A;cert=ec;rtt=50;model=bernoulli;p=0.1;dir=both,131,full,X25519,15,50.413,51.756,102.169,254,1,36,001d/32,0,122,001d,32,0,0,0,1
pass=A;cert=ec;rtt=50;model=bernoulli;p=0.1;dir=both,132,full,X25519,15,50.468,51.584,102.052,254,1,36,001d/32,0,122,001d,32,0,0,0,1
pass=A;cert=ec;rtt=50;model=bernoulli;p=0.1;dir=both,133,full,X25519,15,50.518,51.542,102.060,254,1,36,001d/32,0,122,001d,32,0,0,0,1
pass=A;cert=ec;rtt=50;model=bernoulli;p=0.1;dir=both,134,full,X25519,15,50.463,51.433,101.896,254,1,36,001d/32,0,122,001d,32,0,0,0,1
pass=A;cert=ec;rtt=50;model=bernoulli;p=0.1;dir=both,135,full,X25519,15,50.472,51.480,101.953,254,1,36,001d/32,0,122,001d,32,0,0,0,1
pass=A;cert=ec;rtt=50;model=bernoulli;p=0.1;dir=both,136,full,X25519,15,50.533,308.374,358.907,254,1,36,001d/32,0,122,001d,32,0,0,0,1
pass=A;cert=ec;rtt=50;model=bernoulli;p=0.1;dir=both,137,full,X25519,15,1080.634,51.871,1132.506,254,1,36,001d/32,0,122,001d,32,0,0,1,1
pass=A;cert=ec;rtt=50;model=bernoulli;p=0.1;dir=both,138,full,X25519,15,50.487,51.894,102.381,254,1,36,001d/32,0,122,001d,32,0,0,0,1
pass=A;cert=ec;rtt=50;model=bernoulli;p=0.1;dir=both,139,full,X25519,15,50.492,51.967,102.458,254,1,36,001d/32,0,122,001d,32,0,0,0,1
pass=A;cert=ec;rtt=50;model=bernoulli;p=0.1;dir=both,140,full,X25519,15,50.502,51.824,102.326,254,1,36,001d/32,0,122,001d,32,0,0,0,1
pass=A;cert=ec;rtt=50;model=bernoulli;p=0.1;dir=both,141,full,X25519,15,52.021,51.541,103.562,254,1,36,001d/32,0,122,001d,32,0,0,0,1
pass=A;cert=ec;rtt=50;model=bernoulli;p=0.1;dir=both,142,full,X25519,15,50.554,325.925,376.479,254,1,36,001d/32,0,122,001d,32,0,0,0,1
pass=A;cert=ec;rtt=50;model=bernoulli;p=0.1;dir=both,143,full,X25519,15,50.464,333.243,383.707,254,1,36,001d/32,0,122,001d,32,0,0,0,1
pass=A;cert=ec;rtt=50;model=bernoulli;p=0.1;dir=both,144,full,X25519,15,50.472,52.080,102.553,254,1,36,001d/32,0,122,001d,32,0,0,0,1
pass=A;cert=ec;rtt=50;model=bernoulli;p=0.1;dir=both,145,full,X25519,15,70.551,52.727,123.278,254,1,36,001d/32,0,122,001d,32,0,0,0,1
pass=A;cert=ec;rtt=50;model=bernoulli;p=0.1;dir=both,146,full,X25519,15,50.486,51.877,102.363,254,1,36,001d/32,0,122,001d,32,0,0,0,1
pass=A;cert=ec;rtt=50;model=bernoulli;p=0.1;dir=both,147,full,X25519,15,50.500,51.648,102.149,254,1,36,001d/32,0,122,001d,32,0,0,0,1
pass=A;cert=ec;rtt=50;model=bernoulli;p=0.1;dir=both,148,full,X25519,15,50.501,71.624,122.126,254,1,36,001d/32,0,122,001d,32,0,0,0,1
pass=A;cert=ec;rtt=50;model=bernoulli;p=0.1;dir=both,149,full,X25519,15,50.496,51.978,102.475,254,1,36,001d/32,0,122,001d,32,0,0,0,1
pass=A;cert=ec;rtt=50;model=bernoulli;p=0.1;dir=both,0,full,X25519MLKEM768:X25519,15,50.531,53.179,103.709,1440,1,1220,11ec/1216,0,1210,11ec,1120,0,0,0,1
pass=A;cert=ec;rtt=50;model=bernoulli;p=0.1;dir=both,1,full,X25519MLKEM768:X25519,15,50.413,52.062,102.475,1440,1,1220,11ec/1216,0,1210,11ec,1120,0,0,0,1
pass=A;cert=ec;rtt=50;model=bernoulli;p=0.1;dir=both,2,full,X25519MLKEM768:X25519,15,50.465,52.206,102.672,1440,1,1220,11ec/1216,0,1210,11ec,1120,0,0,0,1
pass=A;cert=ec;rtt=50;model=bernoulli;p=0.1;dir=both,3,full,X25519MLKEM768:X25519,15,50.433,52.002,102.435,1440,1,1220,11ec/1216,0,1210,11ec,1120,0,0,0,1
pass=A;cert=ec;rtt=50;model=bernoulli;p=0.1;dir=both,4,full,X25519MLKEM768:X25519,15,1053.065,51.847,1104.912,1440,1,1220,11ec/1216,0,1210,11ec,1120,0,0,1,1
pass=A;cert=ec;rtt=50;model=bernoulli;p=0.1;dir=both,5,full,X25519MLKEM768:X25519,15,50.438,52.060,102.498,1440,1,1220,11ec/1216,0,1210,11ec,1120,0,0,0,1
pass=A;cert=ec;rtt=50;model=bernoulli;p=0.1;dir=both,6,full,X25519MLKEM768:X25519,15,1061.939,53.447,1115.386,1440,1,1220,11ec/1216,0,1210,11ec,1120,0,0,1,1
pass=A;cert=ec;rtt=50;model=bernoulli;p=0.1;dir=both,7,full,X25519MLKEM768:X25519,15,50.458,3352.474,3402.932,1440,1,1220,11ec/1216,0,1210,11ec,1120,0,0,0,1
pass=A;cert=ec;rtt=50;model=bernoulli;p=0.1;dir=both,8,full,X25519MLKEM768:X25519,15,1054.435,52.229,1106.663,1440,1,1220,11ec/1216,0,1210,11ec,1120,0,0,1,1
pass=A;cert=ec;rtt=50;model=bernoulli;p=0.1;dir=both,9,full,X25519MLKEM768:X25519,15,50.430,378.460,428.890,1440,1,1220,11ec/1216,0,1210,11ec,1120,0,0,1,1
pass=A;cert=ec;rtt=50;model=bernoulli;p=0.1;dir=both,10,full,X25519MLKEM768:X25519,15,50.481,51.786,102.267,1440,1,1220,11ec/1216,0,1210,11ec,1120,0,0,0,1
pass=A;cert=ec;rtt=50;model=bernoulli;p=0.1;dir=both,11,full,X25519MLKEM768:X25519,15,50.615,52.724,103.339,1440,1,1220,11ec/1216,0,1210,11ec,1120,0,0,0,1
pass=A;cert=ec;rtt=50;model=bernoulli;p=0.1;dir=both,12,full,X25519MLKEM768:X25519,15,50.521,51.816,102.337,1440,1,1220,11ec/1216,0,1210,11ec,1120,0,0,0,1
pass=A;cert=ec;rtt=50;model=bernoulli;p=0.1;dir=both,13,full,X25519MLKEM768:X25519,15,51.642,376.106,427.748,1440,1,1220,11ec/1216,0,1210,11ec,1120,0,0,1,1
pass=A;cert=ec;rtt=50;model=bernoulli;p=0.1;dir=both,14,full,X25519MLKEM768:X25519,15,50.461,371.142,421.603,1440,1,1220,11ec/1216,0,1210,11ec,1120,0,0,0,1
pass=A;cert=ec;rtt=50;model=bernoulli;p=0.1;dir=both,15,full,X25519MLKEM768:X25519,15,50.425,653.431,703.857,1440,1,1220,11ec/1216,0,1210,11ec,1120,0,0,1,1
pass=A;cert=ec;rtt=50;model=bernoulli;p=0.1;dir=both,16,full,X25519MLKEM768:X25519,15,50.574,71.497,122.071,1440,1,1220,11ec/1216,0,1210,11ec,1120,0,0,0,1
pass=A;cert=ec;rtt=50;model=bernoulli;p=0.1;dir=both,17,full,X25519MLKEM768:X25519,15,50.499,371.307,421.806,1440,1,1220,11ec/1216,0,1210,11ec,1120,0,0,0,1
pass=A;cert=ec;rtt=50;model=bernoulli;p=0.1;dir=both,18,full,X25519MLKEM768:X25519,15,1055.358,53.903,1109.260,1440,1,1220,11ec/1216,0,1210,11ec,1120,0,0,1,1
pass=A;cert=ec;rtt=50;model=bernoulli;p=0.1;dir=both,19,full,X25519MLKEM768:X25519,15,1059.198,51.912,1111.109,1440,1,1220,11ec/1216,0,1210,11ec,1120,0,0,1,1
pass=A;cert=ec;rtt=50;model=bernoulli;p=0.1;dir=both,20,full,X25519MLKEM768:X25519,15,50.525,207.401,257.926,1440,1,1220,11ec/1216,0,1210,11ec,1120,0,0,0,1
pass=A;cert=ec;rtt=50;model=bernoulli;p=0.1;dir=both,21,full,X25519MLKEM768:X25519,15,2089.922,51.993,2141.915,1440,1,1220,11ec/1216,0,1210,11ec,1120,0,0,2,1
pass=A;cert=ec;rtt=50;model=bernoulli;p=0.1;dir=both,22,full,X25519MLKEM768:X25519,15,1068.049,52.359,1120.408,1440,1,1220,11ec/1216,0,1210,11ec,1120,0,0,1,1
pass=A;cert=ec;rtt=50;model=bernoulli;p=0.1;dir=both,23,full,X25519MLKEM768:X25519,15,1067.425,52.053,1119.478,1440,1,1220,11ec/1216,0,1210,11ec,1120,0,0,1,1
pass=A;cert=ec;rtt=50;model=bernoulli;p=0.1;dir=both,24,full,X25519MLKEM768:X25519,15,50.400,378.407,428.807,1440,1,1220,11ec/1216,0,1210,11ec,1120,0,0,1,1
pass=A;cert=ec;rtt=50;model=bernoulli;p=0.1;dir=both,25,full,X25519MLKEM768:X25519,15,50.487,51.837,102.324,1440,1,1220,11ec/1216,0,1210,11ec,1120,0,0,0,1
pass=A;cert=ec;rtt=50;model=bernoulli;p=0.1;dir=both,26,full,X25519MLKEM768:X25519,15,50.484,51.719,102.203,1440,1,1220,11ec/1216,0,1210,11ec,1120,0,0,0,1
pass=A;cert=ec;rtt=50;model=bernoulli;p=0.1;dir=both,27,full,X25519MLKEM768:X25519,15,1073.990,5178.052,6252.042,1440,1,1220,11ec/1216,0,1210,11ec,1120,0,0,2,1
pass=A;cert=ec;rtt=50;model=bernoulli;p=0.1;dir=both,28,full,X25519MLKEM768:X25519,15,50.495,51.985,102.479,1440,1,1220,11ec/1216,0,1210,11ec,1120,0,0,0,1
pass=A;cert=ec;rtt=50;model=bernoulli;p=0.1;dir=both,29,full,X25519MLKEM768:X25519,15,50.515,120.124,170.639,1440,1,1220,11ec/1216,0,1210,11ec,1120,0,0,0,1
pass=A;cert=ec;rtt=50;model=bernoulli;p=0.1;dir=both,30,full,X25519MLKEM768:X25519,15,50.534,52.265,102.799,1440,1,1220,11ec/1216,0,1210,11ec,1120,0,0,0,1
pass=A;cert=ec;rtt=50;model=bernoulli;p=0.1;dir=both,31,full,X25519MLKEM768:X25519,15,50.440,159.369,209.809,1440,1,1220,11ec/1216,0,1210,11ec,1120,0,0,0,1
pass=A;cert=ec;rtt=50;model=bernoulli;p=0.1;dir=both,32,full,X25519MLKEM768:X25519,15,1051.684,52.481,1104.165,1440,1,1220,11ec/1216,0,1210,11ec,1120,0,0,1,1
pass=A;cert=ec;rtt=50;model=bernoulli;p=0.1;dir=both,33,full,X25519MLKEM768:X25519,15,50.433,52.014,102.448,1440,1,1220,11ec/1216,0,1210,11ec,1120,0,0,0,1
pass=A;cert=ec;rtt=50;model=bernoulli;p=0.1;dir=both,34,full,X25519MLKEM768:X25519,15,1060.789,52.039,1112.827,1440,1,1220,11ec/1216,0,1210,11ec,1120,0,0,1,1
pass=A;cert=ec;rtt=50;model=bernoulli;p=0.1;dir=both,35,full,X25519MLKEM768:X25519,15,1067.792,52.196,1119.988,1440,1,1220,11ec/1216,0,1210,11ec,1120,0,0,1,1
pass=A;cert=ec;rtt=50;model=bernoulli;p=0.1;dir=both,36,full,X25519MLKEM768:X25519,15,50.485,378.484,428.968,1440,1,1220,11ec/1216,0,1210,11ec,1120,0,0,1,1
pass=A;cert=ec;rtt=50;model=bernoulli;p=0.1;dir=both,37,full,X25519MLKEM768:X25519,15,50.423,52.209,102.632,1440,1,1220,11ec/1216,0,1210,11ec,1120,0,0,0,1
pass=A;cert=ec;rtt=50;model=bernoulli;p=0.1;dir=both,38,full,X25519MLKEM768:X25519,15,2103.826,52.718,2156.544,1440,1,1220,11ec/1216,0,1210,11ec,1120,0,0,2,1
pass=A;cert=ec;rtt=50;model=bernoulli;p=0.1;dir=both,39,full,X25519MLKEM768:X25519,15,1067.146,52.041,1119.187,1440,1,1220,11ec/1216,0,1210,11ec,1120,0,0,1,1
pass=A;cert=ec;rtt=50;model=bernoulli;p=0.1;dir=both,40,full,X25519MLKEM768:X25519,15,50.464,52.497,102.961,1440,1,1220,11ec/1216,0,1210,11ec,1120,0,0,0,1
pass=A;cert=ec;rtt=50;model=bernoulli;p=0.1;dir=both,41,full,X25519MLKEM768:X25519,15,1060.813,53.548,1114.361,1440,1,1220,11ec/1216,0,1210,11ec,1120,0,0,1,1
pass=A;cert=ec;rtt=50;model=bernoulli;p=0.1;dir=both,42,full,X25519MLKEM768:X25519,15,50.431,52.764,103.195,1440,1,1220,11ec/1216,0,1210,11ec,1120,0,0,0,1
pass=A;cert=ec;rtt=50;model=bernoulli;p=0.1;dir=both,43,full,X25519MLKEM768:X25519,15,50.265,51.880,102.145,1440,1,1220,11ec/1216,0,1210,11ec,1120,0,0,0,1
pass=A;cert=ec;rtt=50;model=bernoulli;p=0.1;dir=both,44,full,X25519MLKEM768:X25519,15,50.451,369.088,419.539,1440,1,1220,11ec/1216,0,1210,11ec,1120,0,0,0,1
pass=A;cert=ec;rtt=50;model=bernoulli;p=0.1;dir=both,45,full,X25519MLKEM768:X25519,15,50.735,52.107,102.843,1440,1,1220,11ec/1216,0,1210,11ec,1120,0,0,0,1
pass=A;cert=ec;rtt=50;model=bernoulli;p=0.1;dir=both,46,full,X25519MLKEM768:X25519,15,1073.796,52.347,1126.143,1440,1,1220,11ec/1216,0,1210,11ec,1120,0,0,1,1
pass=A;cert=ec;rtt=50;model=bernoulli;p=0.1;dir=both,47,full,X25519MLKEM768:X25519,15,50.557,383.952,434.509,1440,1,1220,11ec/1216,0,1210,11ec,1120,0,0,0,1
pass=A;cert=ec;rtt=50;model=bernoulli;p=0.1;dir=both,48,full,X25519MLKEM768:X25519,15,50.581,51.873,102.454,1440,1,1220,11ec/1216,0,1210,11ec,1120,0,0,0,1
pass=A;cert=ec;rtt=50;model=bernoulli;p=0.1;dir=both,49,full,X25519MLKEM768:X25519,15,50.483,52.506,102.989,1440,1,1220,11ec/1216,0,1210,11ec,1120,0,0,0,1
pass=A;cert=ec;rtt=50;model=bernoulli;p=0.1;dir=both,50,full,X25519MLKEM768:X25519,15,1067.117,51.853,1118.970,1440,1,1220,11ec/1216,0,1210,11ec,1120,0,0,1,1
pass=A;cert=ec;rtt=50;model=bernoulli;p=0.1;dir=both,51,full,X25519MLKEM768:X25519,15,50.423,52.136,102.560,1440,1,1220,11ec/1216,0,1210,11ec,1120,0,0,0,1
pass=A;cert=ec;rtt=50;model=bernoulli;p=0.1;dir=both,52,full,X25519MLKEM768:X25519,15,1061.158,51.984,1113.141,1440,1,1220,11ec/1216,0,1210,11ec,1120,0,0,1,1
pass=A;cert=ec;rtt=50;model=bernoulli;p=0.1;dir=both,53,full,X25519MLKEM768:X25519,15,50.436,384.615,435.050,1440,1,1220,11ec/1216,0,1210,11ec,1120,0,0,0,1
pass=A;cert=ec;rtt=50;model=bernoulli;p=0.1;dir=both,54,full,X25519MLKEM768:X25519,15,1055.517,2573.006,3628.524,1440,1,1220,11ec/1216,0,1210,11ec,1120,0,0,2,1
pass=A;cert=ec;rtt=50;model=bernoulli;p=0.1;dir=both,55,full,X25519MLKEM768:X25519,15,50.471,379.111,429.582,1440,1,1220,11ec/1216,0,1210,11ec,1120,0,0,1,1
pass=A;cert=ec;rtt=50;model=bernoulli;p=0.1;dir=both,56,full,X25519MLKEM768:X25519,15,2078.370,51.914,2130.285,1440,1,1220,11ec/1216,0,1210,11ec,1120,0,0,2,1
pass=A;cert=ec;rtt=50;model=bernoulli;p=0.1;dir=both,57,full,X25519MLKEM768:X25519,15,50.363,51.898,102.261,1440,1,1220,11ec/1216,0,1210,11ec,1120,0,0,0,1
pass=A;cert=ec;rtt=50;model=bernoulli;p=0.1;dir=both,58,full,X25519MLKEM768:X25519,15,50.461,53.664,104.125,1440,1,1220,11ec/1216,0,1210,11ec,1120,0,0,0,1
pass=A;cert=ec;rtt=50;model=bernoulli;p=0.1;dir=both,59,full,X25519MLKEM768:X25519,15,50.356,52.139,102.495,1440,1,1220,11ec/1216,0,1210,11ec,1120,0,0,0,1
pass=A;cert=ec;rtt=50;model=bernoulli;p=0.1;dir=both,60,full,X25519MLKEM768:X25519,15,52.543,51.750,104.293,1440,1,1220,11ec/1216,0,1210,11ec,1120,0,0,0,1
pass=A;cert=ec;rtt=50;model=bernoulli;p=0.1;dir=both,61,full,X25519MLKEM768:X25519,15,1074.144,52.481,1126.626,1440,1,1220,11ec/1216,0,1210,11ec,1120,0,0,1,1
pass=A;cert=ec;rtt=50;model=bernoulli;p=0.1;dir=both,62,full,X25519MLKEM768:X25519,15,52.474,52.033,104.507,1440,1,1220,11ec/1216,0,1210,11ec,1120,0,0,0,1
pass=A;cert=ec;rtt=50;model=bernoulli;p=0.1;dir=both,63,full,X25519MLKEM768:X25519,15,50.436,51.904,102.340,1440,1,1220,11ec/1216,0,1210,11ec,1120,0,0,0,1
pass=A;cert=ec;rtt=50;model=bernoulli;p=0.1;dir=both,64,full,X25519MLKEM768:X25519,15,1080.483,119.564,1200.047,1440,1,1220,11ec/1216,0,1210,11ec,1120,0,0,1,1
pass=A;cert=ec;rtt=50;model=bernoulli;p=0.1;dir=both,65,full,X25519MLKEM768:X25519,15,50.644,52.534,103.178,1440,1,1220,11ec/1216,0,1210,11ec,1120,0,0,0,1
pass=A;cert=ec;rtt=50;model=bernoulli;p=0.1;dir=both,66,full,X25519MLKEM768:X25519,15,50.485,52.319,102.804,1440,1,1220,11ec/1216,0,1210,11ec,1120,0,0,0,1
pass=A;cert=ec;rtt=50;model=bernoulli;p=0.1;dir=both,67,full,X25519MLKEM768:X25519,15,50.400,51.871,102.271,1440,1,1220,11ec/1216,0,1210,11ec,1120,0,0,0,1
pass=A;cert=ec;rtt=50;model=bernoulli;p=0.1;dir=both,68,full,X25519MLKEM768:X25519,15,50.516,936.502,987.018,1440,1,1220,11ec/1216,0,1210,11ec,1120,0,0,0,1
pass=A;cert=ec;rtt=50;model=bernoulli;p=0.1;dir=both,69,full,X25519MLKEM768:X25519,15,1080.575,52.088,1132.663,1440,1,1220,11ec/1216,0,1210,11ec,1120,0,0,1,1
pass=A;cert=ec;rtt=50;model=bernoulli;p=0.1;dir=both,70,full,X25519MLKEM768:X25519,15,50.493,51.825,102.318,1440,1,1220,11ec/1216,0,1210,11ec,1120,0,0,0,1
pass=A;cert=ec;rtt=50;model=bernoulli;p=0.1;dir=both,71,full,X25519MLKEM768:X25519,15,50.479,51.770,102.249,1440,1,1220,11ec/1216,0,1210,11ec,1120,0,0,0,1
pass=A;cert=ec;rtt=50;model=bernoulli;p=0.1;dir=both,72,full,X25519MLKEM768:X25519,15,50.522,53.708,104.230,1440,1,1220,11ec/1216,0,1210,11ec,1120,0,0,0,1
pass=A;cert=ec;rtt=50;model=bernoulli;p=0.1;dir=both,73,full,X25519MLKEM768:X25519,15,1078.428,52.359,1130.787,1440,1,1220,11ec/1216,0,1210,11ec,1120,0,0,1,1
pass=A;cert=ec;rtt=50;model=bernoulli;p=0.1;dir=both,74,full,X25519MLKEM768:X25519,15,50.428,384.249,434.676,1440,1,1220,11ec/1216,0,1210,11ec,1120,0,0,0,1
pass=A;cert=ec;rtt=50;model=bernoulli;p=0.1;dir=both,75,full,X25519MLKEM768:X25519,15,50.553,52.488,103.042,1440,1,1220,11ec/1216,0,1210,11ec,1120,0,0,0,1
pass=A;cert=ec;rtt=50;model=bernoulli;p=0.1;dir=both,76,full,X25519MLKEM768:X25519,15,50.423,51.668,102.091,1440,1,1220,11ec/1216,0,1210,11ec,1120,0,0,0,1
pass=A;cert=ec;rtt=50;model=bernoulli;p=0.1;dir=both,77,full,X25519MLKEM768:X25519,15,50.414,378.618,429.032,1440,1,1220,11ec/1216,0,1210,11ec,1120,0,0,1,1
pass=A;cert=ec;rtt=50;model=bernoulli;p=0.1;dir=both,78,full,X25519MLKEM768:X25519,15,1054.062,353.171,1407.233,1440,1,1220,11ec/1216,0,1210,11ec,1120,0,0,2,1
pass=A;cert=ec;rtt=50;model=bernoulli;p=0.1;dir=both,79,full,X25519MLKEM768:X25519,15,50.420,53.499,103.919,1440,1,1220,11ec/1216,0,1210,11ec,1120,0,0,0,1
pass=A;cert=ec;rtt=50;model=bernoulli;p=0.1;dir=both,80,full,X25519MLKEM768:X25519,15,1078.725,51.997,1130.722,1440,1,1220,11ec/1216,0,1210,11ec,1120,0,0,1,1
pass=A;cert=ec;rtt=50;model=bernoulli;p=0.1;dir=both,81,full,X25519MLKEM768:X25519,15,2098.398,640.513,2738.911,1440,1,1220,11ec/1216,0,1210,11ec,1120,0,0,2,1
pass=A;cert=ec;rtt=50;model=bernoulli;p=0.1;dir=both,82,full,X25519MLKEM768:X25519,15,50.466,52.378,102.844,1440,1,1220,11ec/1216,0,1210,11ec,1120,0,0,0,1
pass=A;cert=ec;rtt=50;model=bernoulli;p=0.1;dir=both,83,full,X25519MLKEM768:X25519,15,50.600,52.425,103.025,1440,1,1220,11ec/1216,0,1210,11ec,1120,0,0,0,1
pass=A;cert=ec;rtt=50;model=bernoulli;p=0.1;dir=both,84,full,X25519MLKEM768:X25519,15,50.564,377.522,428.086,1440,1,1220,11ec/1216,0,1210,11ec,1120,0,0,1,1
pass=A;cert=ec;rtt=50;model=bernoulli;p=0.1;dir=both,85,full,X25519MLKEM768:X25519,15,50.425,51.754,102.179,1440,1,1220,11ec/1216,0,1210,11ec,1120,0,0,0,1
pass=A;cert=ec;rtt=50;model=bernoulli;p=0.1;dir=both,86,full,X25519MLKEM768:X25519,15,50.468,51.819,102.287,1440,1,1220,11ec/1216,0,1210,11ec,1120,0,0,0,1
pass=A;cert=ec;rtt=50;model=bernoulli;p=0.1;dir=both,87,full,X25519MLKEM768:X25519,15,50.609,52.008,102.616,1440,1,1220,11ec/1216,0,1210,11ec,1120,0,0,0,1
pass=A;cert=ec;rtt=50;model=bernoulli;p=0.1;dir=both,88,full,X25519MLKEM768:X25519,15,50.392,51.921,102.313,1440,1,1220,11ec/1216,0,1210,11ec,1120,0,0,0,1
pass=A;cert=ec;rtt=50;model=bernoulli;p=0.1;dir=both,89,full,X25519MLKEM768:X25519,15,1060.508,52.323,1112.831,1440,1,1220,11ec/1216,0,1210,11ec,1120,0,0,1,1
pass=A;cert=ec;rtt=50;model=bernoulli;p=0.1;dir=both,90,full,X25519MLKEM768:X25519,15,50.475,51.937,102.411,1440,1,1220,11ec/1216,0,1210,11ec,1120,0,0,0,1
pass=A;cert=ec;rtt=50;model=bernoulli;p=0.1;dir=both,91,full,X25519MLKEM768:X25519,15,51.015,377.238,428.252,1440,1,1220,11ec/1216,0,1210,11ec,1120,0,0,0,1
pass=A;cert=ec;rtt=50;model=bernoulli;p=0.1;dir=both,92,full,X25519MLKEM768:X25519,15,50.481,51.674,102.155,1440,1,1220,11ec/1216,0,1210,11ec,1120,0,0,0,1
pass=A;cert=ec;rtt=50;model=bernoulli;p=0.1;dir=both,93,full,X25519MLKEM768:X25519,15,50.430,52.151,102.581,1440,1,1220,11ec/1216,0,1210,11ec,1120,0,0,0,1
pass=A;cert=ec;rtt=50;model=bernoulli;p=0.1;dir=both,94,full,X25519MLKEM768:X25519,15,50.446,51.712,102.158,1440,1,1220,11ec/1216,0,1210,11ec,1120,0,0,0,1
pass=A;cert=ec;rtt=50;model=bernoulli;p=0.1;dir=both,95,full,X25519MLKEM768:X25519,15,1061.453,52.001,1113.455,1440,1,1220,11ec/1216,0,1210,11ec,1120,0,0,1,1
pass=A;cert=ec;rtt=50;model=bernoulli;p=0.1;dir=both,96,full,X25519MLKEM768:X25519,15,50.734,52.376,103.110,1440,1,1220,11ec/1216,0,1210,11ec,1120,0,0,0,1
pass=A;cert=ec;rtt=50;model=bernoulli;p=0.1;dir=both,97,full,X25519MLKEM768:X25519,15,50.514,363.496,414.009,1440,1,1220,11ec/1216,0,1210,11ec,1120,0,0,0,1
pass=A;cert=ec;rtt=50;model=bernoulli;p=0.1;dir=both,98,full,X25519MLKEM768:X25519,15,50.429,119.292,169.721,1440,1,1220,11ec/1216,0,1210,11ec,1120,0,0,0,1
pass=A;cert=ec;rtt=50;model=bernoulli;p=0.1;dir=both,99,full,X25519MLKEM768:X25519,15,50.413,52.248,102.661,1440,1,1220,11ec/1216,0,1210,11ec,1120,0,0,0,1
pass=A;cert=ec;rtt=50;model=bernoulli;p=0.1;dir=both,100,full,X25519MLKEM768:X25519,15,50.446,682.541,732.986,1440,1,1220,11ec/1216,0,1210,11ec,1120,0,0,1,1
pass=A;cert=ec;rtt=50;model=bernoulli;p=0.1;dir=both,101,full,X25519MLKEM768:X25519,15,1055.476,102.567,1158.043,1440,1,1220,11ec/1216,0,1210,11ec,1120,0,0,1,1
pass=A;cert=ec;rtt=50;model=bernoulli;p=0.1;dir=both,102,full,X25519MLKEM768:X25519,15,50.463,52.140,102.604,1440,1,1220,11ec/1216,0,1210,11ec,1120,0,0,0,1
pass=A;cert=ec;rtt=50;model=bernoulli;p=0.1;dir=both,103,full,X25519MLKEM768:X25519,15,1067.802,51.841,1119.643,1440,1,1220,11ec/1216,0,1210,11ec,1120,0,0,1,1
pass=A;cert=ec;rtt=50;model=bernoulli;p=0.1;dir=both,104,full,X25519MLKEM768:X25519,15,1068.072,51.702,1119.773,1440,1,1220,11ec/1216,0,1210,11ec,1120,0,0,1,1
pass=A;cert=ec;rtt=50;model=bernoulli;p=0.1;dir=both,105,full,X25519MLKEM768:X25519,15,1068.341,52.394,1120.734,1440,1,1220,11ec/1216,0,1210,11ec,1120,0,0,1,1
pass=A;cert=ec;rtt=50;model=bernoulli;p=0.1;dir=both,106,full,X25519MLKEM768:X25519,15,55.147,52.374,107.521,1440,1,1220,11ec/1216,0,1210,11ec,1120,0,0,0,1
pass=A;cert=ec;rtt=50;model=bernoulli;p=0.1;dir=both,107,full,X25519MLKEM768:X25519,15,50.486,366.333,416.819,1440,1,1220,11ec/1216,0,1210,11ec,1120,0,0,1,1
pass=A;cert=ec;rtt=50;model=bernoulli;p=0.1;dir=both,108,full,X25519MLKEM768:X25519,15,50.482,51.715,102.198,1440,1,1220,11ec/1216,0,1210,11ec,1120,0,0,0,1
pass=A;cert=ec;rtt=50;model=bernoulli;p=0.1;dir=both,109,full,X25519MLKEM768:X25519,15,50.428,71.013,121.441,1440,1,1220,11ec/1216,0,1210,11ec,1120,0,0,0,1
pass=A;cert=ec;rtt=50;model=bernoulli;p=0.1;dir=both,110,full,X25519MLKEM768:X25519,15,50.527,159.734,210.260,1440,1,1220,11ec/1216,0,1210,11ec,1120,0,0,0,1
pass=A;cert=ec;rtt=50;model=bernoulli;p=0.1;dir=both,111,full,X25519MLKEM768:X25519,15,50.273,51.976,102.249,1440,1,1220,11ec/1216,0,1210,11ec,1120,0,0,0,1
pass=A;cert=ec;rtt=50;model=bernoulli;p=0.1;dir=both,112,full,X25519MLKEM768:X25519,15,1061.998,415.305,1477.303,1440,1,1220,11ec/1216,0,1210,11ec,1120,0,0,1,1
pass=A;cert=ec;rtt=50;model=bernoulli;p=0.1;dir=both,113,full,X25519MLKEM768:X25519,15,50.531,51.790,102.321,1440,1,1220,11ec/1216,0,1210,11ec,1120,0,0,0,1
pass=A;cert=ec;rtt=50;model=bernoulli;p=0.1;dir=both,114,full,X25519MLKEM768:X25519,15,50.525,68.802,119.327,1440,1,1220,11ec/1216,0,1210,11ec,1120,0,0,0,1
pass=A;cert=ec;rtt=50;model=bernoulli;p=0.1;dir=both,115,full,X25519MLKEM768:X25519,15,50.413,52.076,102.489,1440,1,1220,11ec/1216,0,1210,11ec,1120,0,0,0,1
pass=A;cert=ec;rtt=50;model=bernoulli;p=0.1;dir=both,116,full,X25519MLKEM768:X25519,15,50.465,432.802,483.266,1440,1,1220,11ec/1216,0,1210,11ec,1120,0,0,1,1
pass=A;cert=ec;rtt=50;model=bernoulli;p=0.1;dir=both,117,full,X25519MLKEM768:X25519,15,50.476,51.973,102.449,1440,1,1220,11ec/1216,0,1210,11ec,1120,0,0,0,1
pass=A;cert=ec;rtt=50;model=bernoulli;p=0.1;dir=both,118,full,X25519MLKEM768:X25519,15,1074.776,52.131,1126.907,1440,1,1220,11ec/1216,0,1210,11ec,1120,0,0,1,1
pass=A;cert=ec;rtt=50;model=bernoulli;p=0.1;dir=both,119,full,X25519MLKEM768:X25519,15,1067.033,51.983,1119.015,1440,1,1220,11ec/1216,0,1210,11ec,1120,0,0,1,1
pass=A;cert=ec;rtt=50;model=bernoulli;p=0.1;dir=both,120,full,X25519MLKEM768:X25519,15,50.484,52.711,103.195,1440,1,1220,11ec/1216,0,1210,11ec,1120,0,0,0,1
pass=A;cert=ec;rtt=50;model=bernoulli;p=0.1;dir=both,121,full,X25519MLKEM768:X25519,15,50.488,51.762,102.249,1440,1,1220,11ec/1216,0,1210,11ec,1120,0,0,0,1
pass=A;cert=ec;rtt=50;model=bernoulli;p=0.1;dir=both,122,full,X25519MLKEM768:X25519,15,50.357,69.002,119.359,1440,1,1220,11ec/1216,0,1210,11ec,1120,0,0,0,1
pass=A;cert=ec;rtt=50;model=bernoulli;p=0.1;dir=both,123,full,X25519MLKEM768:X25519,15,1062.647,51.915,1114.562,1440,1,1220,11ec/1216,0,1210,11ec,1120,0,0,1,1
pass=A;cert=ec;rtt=50;model=bernoulli;p=0.1;dir=both,124,full,X25519MLKEM768:X25519,15,50.458,51.805,102.262,1440,1,1220,11ec/1216,0,1210,11ec,1120,0,0,0,1
pass=A;cert=ec;rtt=50;model=bernoulli;p=0.1;dir=both,125,full,X25519MLKEM768:X25519,15,50.430,52.129,102.559,1440,1,1220,11ec/1216,0,1210,11ec,1120,0,0,0,1
pass=A;cert=ec;rtt=50;model=bernoulli;p=0.1;dir=both,126,full,X25519MLKEM768:X25519,15,50.398,51.995,102.392,1440,1,1220,11ec/1216,0,1210,11ec,1120,0,0,0,1
pass=A;cert=ec;rtt=50;model=bernoulli;p=0.1;dir=both,127,full,X25519MLKEM768:X25519,15,1055.070,102.208,1157.278,1440,1,1220,11ec/1216,0,1210,11ec,1120,0,0,1,1
pass=A;cert=ec;rtt=50;model=bernoulli;p=0.1;dir=both,128,full,X25519MLKEM768:X25519,15,50.509,51.943,102.452,1440,1,1220,11ec/1216,0,1210,11ec,1120,0,0,0,1
pass=A;cert=ec;rtt=50;model=bernoulli;p=0.1;dir=both,129,full,X25519MLKEM768:X25519,15,50.471,121.104,171.574,1440,1,1220,11ec/1216,0,1210,11ec,1120,0,0,0,1
pass=A;cert=ec;rtt=50;model=bernoulli;p=0.1;dir=both,130,full,X25519MLKEM768:X25519,15,50.572,51.891,102.463,1440,1,1220,11ec/1216,0,1210,11ec,1120,0,0,0,1
pass=A;cert=ec;rtt=50;model=bernoulli;p=0.1;dir=both,131,full,X25519MLKEM768:X25519,15,50.372,360.741,411.113,1440,1,1220,11ec/1216,0,1210,11ec,1120,0,0,1,1
pass=A;cert=ec;rtt=50;model=bernoulli;p=0.1;dir=both,132,full,X25519MLKEM768:X25519,15,50.509,119.807,170.316,1440,1,1220,11ec/1216,0,1210,11ec,1120,0,0,0,1
pass=A;cert=ec;rtt=50;model=bernoulli;p=0.1;dir=both,133,full,X25519MLKEM768:X25519,15,52.230,52.056,104.286,1440,1,1220,11ec/1216,0,1210,11ec,1120,0,0,0,1
pass=A;cert=ec;rtt=50;model=bernoulli;p=0.1;dir=both,134,full,X25519MLKEM768:X25519,15,50.565,52.197,102.762,1440,1,1220,11ec/1216,0,1210,11ec,1120,0,0,0,1
pass=A;cert=ec;rtt=50;model=bernoulli;p=0.1;dir=both,135,full,X25519MLKEM768:X25519,15,50.476,52.112,102.588,1440,1,1220,11ec/1216,0,1210,11ec,1120,0,0,0,1
pass=A;cert=ec;rtt=50;model=bernoulli;p=0.1;dir=both,136,full,X25519MLKEM768:X25519,15,50.450,119.122,169.572,1440,1,1220,11ec/1216,0,1210,11ec,1120,0,0,0,1
pass=A;cert=ec;rtt=50;model=bernoulli;p=0.1;dir=both,137,full,X25519MLKEM768:X25519,15,50.499,899.209,949.708,1440,1,1220,11ec/1216,0,1210,11ec,1120,0,0,2,1
pass=A;cert=ec;rtt=50;model=bernoulli;p=0.1;dir=both,138,full,X25519MLKEM768:X25519,15,50.581,156.312,206.893,1440,1,1220,11ec/1216,0,1210,11ec,1120,0,0,0,1
pass=A;cert=ec;rtt=50;model=bernoulli;p=0.1;dir=both,139,full,X25519MLKEM768:X25519,15,50.391,51.992,102.383,1440,1,1220,11ec/1216,0,1210,11ec,1120,0,0,0,1
pass=A;cert=ec;rtt=50;model=bernoulli;p=0.1;dir=both,140,full,X25519MLKEM768:X25519,15,50.507,53.703,104.210,1440,1,1220,11ec/1216,0,1210,11ec,1120,0,0,0,1
pass=A;cert=ec;rtt=50;model=bernoulli;p=0.1;dir=both,141,full,X25519MLKEM768:X25519,15,50.269,51.809,102.078,1440,1,1220,11ec/1216,0,1210,11ec,1120,0,0,0,1
pass=A;cert=ec;rtt=50;model=bernoulli;p=0.1;dir=both,142,full,X25519MLKEM768:X25519,15,50.475,51.957,102.432,1440,1,1220,11ec/1216,0,1210,11ec,1120,0,0,0,1
pass=A;cert=ec;rtt=50;model=bernoulli;p=0.1;dir=both,143,full,X25519MLKEM768:X25519,15,51.987,52.101,104.088,1440,1,1220,11ec/1216,0,1210,11ec,1120,0,0,0,1
pass=A;cert=ec;rtt=50;model=bernoulli;p=0.1;dir=both,144,full,X25519MLKEM768:X25519,15,50.512,120.565,171.077,1440,1,1220,11ec/1216,0,1210,11ec,1120,0,0,0,1
pass=A;cert=ec;rtt=50;model=bernoulli;p=0.1;dir=both,145,full,X25519MLKEM768:X25519,15,50.470,52.443,102.914,1440,1,1220,11ec/1216,0,1210,11ec,1120,0,0,0,1
pass=A;cert=ec;rtt=50;model=bernoulli;p=0.1;dir=both,146,full,X25519MLKEM768:X25519,15,50.413,51.767,102.179,1440,1,1220,11ec/1216,0,1210,11ec,1120,0,0,0,1
pass=A;cert=ec;rtt=50;model=bernoulli;p=0.1;dir=both,147,full,X25519MLKEM768:X25519,15,50.458,51.901,102.358,1440,1,1220,11ec/1216,0,1210,11ec,1120,0,0,0,1
pass=A;cert=ec;rtt=50;model=bernoulli;p=0.1;dir=both,148,full,X25519MLKEM768:X25519,15,50.432,52.035,102.467,1440,1,1220,11ec/1216,0,1210,11ec,1120,0,0,0,1
pass=A;cert=ec;rtt=50;model=bernoulli;p=0.1;dir=both,149,full,X25519MLKEM768:X25519,15,2085.996,51.702,2137.697,1440,1,1220,11ec/1216,0,1210,11ec,1120,0,0,2,1
pass=A;cert=ec;rtt=50;model=bernoulli;p=0.1;dir=both,0,full,default,15,50.461,158.923,209.383,1488,2,1256,11ec/1216;001d/32,0,1210,11ec,1120,0,0,1,1
pass=A;cert=ec;rtt=50;model=bernoulli;p=0.1;dir=both,1,full,default,15,50.492,51.856,102.348,1488,2,1256,11ec/1216;001d/32,0,1210,11ec,1120,0,0,0,1
pass=A;cert=ec;rtt=50;model=bernoulli;p=0.1;dir=both,2,full,default,15,1063.538,51.863,1115.401,1488,2,1256,11ec/1216;001d/32,0,1210,11ec,1120,0,0,1,1
pass=A;cert=ec;rtt=50;model=bernoulli;p=0.1;dir=both,3,full,default,15,50.380,3259.622,3310.002,1488,2,1256,11ec/1216;001d/32,0,1210,11ec,1120,0,0,0,1
pass=A;cert=ec;rtt=50;model=bernoulli;p=0.1;dir=both,4,full,default,15,50.419,52.397,102.816,1488,2,1256,11ec/1216;001d/32,0,1210,11ec,1120,0,0,0,1
pass=A;cert=ec;rtt=50;model=bernoulli;p=0.1;dir=both,5,full,default,15,50.477,2103.065,2153.542,1488,2,1256,11ec/1216;001d/32,0,1210,11ec,1120,0,0,2,1
pass=A;cert=ec;rtt=50;model=bernoulli;p=0.1;dir=both,6,full,default,15,50.493,51.980,102.473,1488,2,1256,11ec/1216;001d/32,0,1210,11ec,1120,0,0,0,1
pass=A;cert=ec;rtt=50;model=bernoulli;p=0.1;dir=both,7,full,default,15,50.637,52.029,102.666,1488,2,1256,11ec/1216;001d/32,0,1210,11ec,1120,0,0,0,1
pass=A;cert=ec;rtt=50;model=bernoulli;p=0.1;dir=both,8,full,default,15,50.495,52.422,102.916,1488,2,1256,11ec/1216;001d/32,0,1210,11ec,1120,0,0,0,1
pass=A;cert=ec;rtt=50;model=bernoulli;p=0.1;dir=both,9,full,default,15,50.437,51.860,102.297,1488,2,1256,11ec/1216;001d/32,0,1210,11ec,1120,0,0,0,1
pass=A;cert=ec;rtt=50;model=bernoulli;p=0.1;dir=both,10,full,default,15,1074.331,51.945,1126.276,1488,2,1256,11ec/1216;001d/32,0,1210,11ec,1120,0,0,1,1
pass=A;cert=ec;rtt=50;model=bernoulli;p=0.1;dir=both,11,full,default,15,1067.956,52.192,1120.147,1488,2,1256,11ec/1216;001d/32,0,1210,11ec,1120,0,0,1,1
pass=A;cert=ec;rtt=50;model=bernoulli;p=0.1;dir=both,12,full,default,15,50.436,52.149,102.585,1488,2,1256,11ec/1216;001d/32,0,1210,11ec,1120,0,0,0,1
pass=A;cert=ec;rtt=50;model=bernoulli;p=0.1;dir=both,13,full,default,15,50.447,51.727,102.174,1488,2,1256,11ec/1216;001d/32,0,1210,11ec,1120,0,0,0,1
pass=A;cert=ec;rtt=50;model=bernoulli;p=0.1;dir=both,14,full,default,15,50.535,52.296,102.830,1488,2,1256,11ec/1216;001d/32,0,1210,11ec,1120,0,0,0,1
pass=A;cert=ec;rtt=50;model=bernoulli;p=0.1;dir=both,15,full,default,15,1079.713,52.071,1131.783,1488,2,1256,11ec/1216;001d/32,0,1210,11ec,1120,0,0,1,1
pass=A;cert=ec;rtt=50;model=bernoulli;p=0.1;dir=both,16,full,default,15,50.438,52.670,103.108,1488,2,1256,11ec/1216;001d/32,0,1210,11ec,1120,0,0,0,1
pass=A;cert=ec;rtt=50;model=bernoulli;p=0.1;dir=both,17,full,default,15,50.311,119.316,169.628,1488,2,1256,11ec/1216;001d/32,0,1210,11ec,1120,0,0,1,1
pass=A;cert=ec;rtt=50;model=bernoulli;p=0.1;dir=both,18,full,default,15,50.483,51.865,102.347,1488,2,1256,11ec/1216;001d/32,0,1210,11ec,1120,0,0,0,1
pass=A;cert=ec;rtt=50;model=bernoulli;p=0.1;dir=both,19,full,default,15,1051.342,435.342,1486.683,1488,2,1256,11ec/1216;001d/32,0,1210,11ec,1120,0,0,2,1
pass=A;cert=ec;rtt=50;model=bernoulli;p=0.1;dir=both,20,full,default,15,50.553,52.539,103.092,1488,2,1256,11ec/1216;001d/32,0,1210,11ec,1120,0,0,0,1
pass=A;cert=ec;rtt=50;model=bernoulli;p=0.1;dir=both,21,full,default,15,50.389,620.999,671.387,1488,2,1256,11ec/1216;001d/32,0,1210,11ec,1120,0,0,2,1
pass=A;cert=ec;rtt=50;model=bernoulli;p=0.1;dir=both,22,full,default,15,1054.687,2251.673,3306.360,1488,2,1256,11ec/1216;001d/32,0,1210,11ec,1120,0,0,4,1
pass=A;cert=ec;rtt=50;model=bernoulli;p=0.1;dir=both,23,full,default,15,50.511,51.851,102.362,1488,2,1256,11ec/1216;001d/32,0,1210,11ec,1120,0,0,0,1
pass=A;cert=ec;rtt=50;model=bernoulli;p=0.1;dir=both,24,full,default,15,50.450,51.837,102.287,1488,2,1256,11ec/1216;001d/32,0,1210,11ec,1120,0,0,0,1
pass=A;cert=ec;rtt=50;model=bernoulli;p=0.1;dir=both,25,full,default,15,1063.355,52.093,1115.448,1488,2,1256,11ec/1216;001d/32,0,1210,11ec,1120,0,0,1,1
pass=A;cert=ec;rtt=50;model=bernoulli;p=0.1;dir=both,26,full,default,15,50.411,384.800,435.211,1488,2,1256,11ec/1216;001d/32,0,1210,11ec,1120,0,0,0,1
pass=A;cert=ec;rtt=50;model=bernoulli;p=0.1;dir=both,27,full,default,15,50.509,365.091,415.600,1488,2,1256,11ec/1216;001d/32,0,1210,11ec,1120,0,0,0,1
pass=A;cert=ec;rtt=50;model=bernoulli;p=0.1;dir=both,28,full,default,15,50.582,359.454,410.036,1488,2,1256,11ec/1216;001d/32,0,1210,11ec,1120,0,0,1,1
pass=A;cert=ec;rtt=50;model=bernoulli;p=0.1;dir=both,29,full,default,15,50.493,119.200,169.693,1488,2,1256,11ec/1216;001d/32,0,1210,11ec,1120,0,0,0,1
pass=A;cert=ec;rtt=50;model=bernoulli;p=0.1;dir=both,30,full,default,15,1076.678,51.951,1128.629,1488,2,1256,11ec/1216;001d/32,0,1210,11ec,1120,0,0,1,1
pass=A;cert=ec;rtt=50;model=bernoulli;p=0.1;dir=both,31,full,default,15,50.401,51.888,102.288,1488,2,1256,11ec/1216;001d/32,0,1210,11ec,1120,0,0,0,1
pass=A;cert=ec;rtt=50;model=bernoulli;p=0.1;dir=both,32,full,default,15,50.463,51.851,102.314,1488,2,1256,11ec/1216;001d/32,0,1210,11ec,1120,0,0,0,1
pass=A;cert=ec;rtt=50;model=bernoulli;p=0.1;dir=both,33,full,default,15,50.521,371.775,422.296,1488,2,1256,11ec/1216;001d/32,0,1210,11ec,1120,0,0,0,1
pass=A;cert=ec;rtt=50;model=bernoulli;p=0.1;dir=both,34,full,default,15,50.511,54.427,104.938,1488,2,1256,11ec/1216;001d/32,0,1210,11ec,1120,0,0,0,1
pass=A;cert=ec;rtt=50;model=bernoulli;p=0.1;dir=both,35,full,default,15,50.449,51.953,102.402,1488,2,1256,11ec/1216;001d/32,0,1210,11ec,1120,0,0,0,1
pass=A;cert=ec;rtt=50;model=bernoulli;p=0.1;dir=both,36,full,default,15,50.492,51.937,102.429,1488,2,1256,11ec/1216;001d/32,0,1210,11ec,1120,0,0,0,1
pass=A;cert=ec;rtt=50;model=bernoulli;p=0.1;dir=both,37,full,default,15,1058.495,51.674,1110.169,1488,2,1256,11ec/1216;001d/32,0,1210,11ec,1120,0,0,1,1
pass=A;cert=ec;rtt=50;model=bernoulli;p=0.1;dir=both,38,full,default,15,50.590,71.029,121.619,1488,2,1256,11ec/1216;001d/32,0,1210,11ec,1120,0,0,0,1
pass=A;cert=ec;rtt=50;model=bernoulli;p=0.1;dir=both,39,full,default,15,1074.545,52.437,1126.982,1488,2,1256,11ec/1216;001d/32,0,1210,11ec,1120,0,0,1,1
pass=A;cert=ec;rtt=50;model=bernoulli;p=0.1;dir=both,40,full,default,15,50.535,53.456,103.991,1488,2,1256,11ec/1216;001d/32,0,1210,11ec,1120,0,0,0,1
pass=A;cert=ec;rtt=50;model=bernoulli;p=0.1;dir=both,41,full,default,15,50.457,53.461,103.917,1488,2,1256,11ec/1216;001d/32,0,1210,11ec,1120,0,0,0,1
pass=A;cert=ec;rtt=50;model=bernoulli;p=0.1;dir=both,42,full,default,15,1058.089,448.249,1506.338,1488,2,1256,11ec/1216;001d/32,0,1210,11ec,1120,0,0,2,1
pass=A;cert=ec;rtt=50;model=bernoulli;p=0.1;dir=both,43,full,default,15,50.371,72.054,122.425,1488,2,1256,11ec/1216;001d/32,0,1210,11ec,1120,0,0,0,1
pass=A;cert=ec;rtt=50;model=bernoulli;p=0.1;dir=both,44,full,default,15,2078.260,12607.259,14685.519,1488,2,1256,11ec/1216;001d/32,0,1210,11ec,1120,0,0,5,1
pass=A;cert=ec;rtt=50;model=bernoulli;p=0.1;dir=both,45,full,default,15,50.543,373.280,423.823,1488,2,1256,11ec/1216;001d/32,0,1210,11ec,1120,0,0,0,1
pass=A;cert=ec;rtt=50;model=bernoulli;p=0.1;dir=both,46,full,default,15,50.526,375.802,426.328,1488,2,1256,11ec/1216;001d/32,0,1210,11ec,1120,0,0,2,1
pass=A;cert=ec;rtt=50;model=bernoulli;p=0.1;dir=both,47,full,default,15,51.768,52.202,103.971,1488,2,1256,11ec/1216;001d/32,0,1210,11ec,1120,0,0,0,1
pass=A;cert=ec;rtt=50;model=bernoulli;p=0.1;dir=both,48,full,default,15,50.474,51.888,102.362,1488,2,1256,11ec/1216;001d/32,0,1210,11ec,1120,0,0,0,1
pass=A;cert=ec;rtt=50;model=bernoulli;p=0.1;dir=both,49,full,default,15,50.508,51.850,102.358,1488,2,1256,11ec/1216;001d/32,0,1210,11ec,1120,0,0,0,1
pass=A;cert=ec;rtt=50;model=bernoulli;p=0.1;dir=both,50,full,default,15,50.328,209.902,260.230,1488,2,1256,11ec/1216;001d/32,0,1210,11ec,1120,0,0,2,1
pass=A;cert=ec;rtt=50;model=bernoulli;p=0.1;dir=both,51,full,default,15,51.726,392.144,443.870,1488,2,1256,11ec/1216;001d/32,0,1210,11ec,1120,0,0,0,1
pass=A;cert=ec;rtt=50;model=bernoulli;p=0.1;dir=both,52,full,default,15,50.459,51.850,102.309,1488,2,1256,11ec/1216;001d/32,0,1210,11ec,1120,0,0,0,1
pass=A;cert=ec;rtt=50;model=bernoulli;p=0.1;dir=both,53,full,default,15,50.398,641.163,691.561,1488,2,1256,11ec/1216;001d/32,0,1210,11ec,1120,0,0,2,1
pass=A;cert=ec;rtt=50;model=bernoulli;p=0.1;dir=both,54,full,default,15,50.427,51.794,102.221,1488,2,1256,11ec/1216;001d/32,0,1210,11ec,1120,0,0,0,1
pass=A;cert=ec;rtt=50;model=bernoulli;p=0.1;dir=both,55,full,default,15,50.473,397.029,447.502,1488,2,1256,11ec/1216;001d/32,0,1210,11ec,1120,0,0,0,1
pass=A;cert=ec;rtt=50;model=bernoulli;p=0.1;dir=both,56,full,default,15,50.381,71.417,121.799,1488,2,1256,11ec/1216;001d/32,0,1210,11ec,1120,0,0,0,1
pass=A;cert=ec;rtt=50;model=bernoulli;p=0.1;dir=both,57,full,default,15,50.425,54.818,105.243,1488,2,1256,11ec/1216;001d/32,0,1210,11ec,1120,0,0,0,1
pass=A;cert=ec;rtt=50;model=bernoulli;p=0.1;dir=both,58,full,default,15,1054.465,2314.600,3369.065,1488,2,1256,11ec/1216;001d/32,0,1210,11ec,1120,0,0,2,1
pass=A;cert=ec;rtt=50;model=bernoulli;p=0.1;dir=both,59,full,default,15,1068.121,51.857,1119.978,1488,2,1256,11ec/1216;001d/32,0,1210,11ec,1120,0,0,1,1
pass=A;cert=ec;rtt=50;model=bernoulli;p=0.1;dir=both,60,full,default,15,50.546,51.948,102.495,1488,2,1256,11ec/1216;001d/32,0,1210,11ec,1120,0,0,0,1
pass=A;cert=ec;rtt=50;model=bernoulli;p=0.1;dir=both,61,full,default,15,50.452,51.859,102.311,1488,2,1256,11ec/1216;001d/32,0,1210,11ec,1120,0,0,0,1
pass=A;cert=ec;rtt=50;model=bernoulli;p=0.1;dir=both,62,full,default,15,1054.997,52.328,1107.325,1488,2,1256,11ec/1216;001d/32,0,1210,11ec,1120,0,0,1,1
pass=A;cert=ec;rtt=50;model=bernoulli;p=0.1;dir=both,63,full,default,15,2091.879,103.173,2195.052,1488,2,1256,11ec/1216;001d/32,0,1210,11ec,1120,0,0,2,1
pass=A;cert=ec;rtt=50;model=bernoulli;p=0.1;dir=both,64,full,default,15,50.547,52.435,102.982,1488,2,1256,11ec/1216;001d/32,0,1210,11ec,1120,0,0,0,1
pass=A;cert=ec;rtt=50;model=bernoulli;p=0.1;dir=both,65,full,default,15,50.459,72.284,122.744,1488,2,1256,11ec/1216;001d/32,0,1210,11ec,1120,0,0,0,1
pass=A;cert=ec;rtt=50;model=bernoulli;p=0.1;dir=both,66,full,default,15,50.477,52.304,102.781,1488,2,1256,11ec/1216;001d/32,0,1210,11ec,1120,0,0,0,1
pass=A;cert=ec;rtt=50;model=bernoulli;p=0.1;dir=both,67,full,default,15,50.537,52.318,102.855,1488,2,1256,11ec/1216;001d/32,0,1210,11ec,1120,0,0,0,1
pass=A;cert=ec;rtt=50;model=bernoulli;p=0.1;dir=both,68,full,default,15,50.545,381.757,432.302,1488,2,1256,11ec/1216;001d/32,0,1210,11ec,1120,0,0,0,1
pass=A;cert=ec;rtt=50;model=bernoulli;p=0.1;dir=both,69,full,default,15,50.493,902.397,952.890,1488,2,1256,11ec/1216;001d/32,0,1210,11ec,1120,0,0,3,1
pass=A;cert=ec;rtt=50;model=bernoulli;p=0.1;dir=both,70,full,default,15,50.471,121.703,172.174,1488,2,1256,11ec/1216;001d/32,0,1210,11ec,1120,0,0,1,1
pass=A;cert=ec;rtt=50;model=bernoulli;p=0.1;dir=both,71,full,default,15,50.591,159.180,209.771,1488,2,1256,11ec/1216;001d/32,0,1210,11ec,1120,0,0,0,1
pass=A;cert=ec;rtt=50;model=bernoulli;p=0.1;dir=both,72,full,default,15,50.481,51.833,102.314,1488,2,1256,11ec/1216;001d/32,0,1210,11ec,1120,0,0,0,1
pass=A;cert=ec;rtt=50;model=bernoulli;p=0.1;dir=both,73,full,default,15,50.486,51.749,102.235,1488,2,1256,11ec/1216;001d/32,0,1210,11ec,1120,0,0,0,1
pass=A;cert=ec;rtt=50;model=bernoulli;p=0.1;dir=both,74,full,default,15,1050.635,52.360,1102.995,1488,2,1256,11ec/1216;001d/32,0,1210,11ec,1120,0,0,1,1
pass=A;cert=ec;rtt=50;model=bernoulli;p=0.1;dir=both,75,full,default,15,50.412,52.811,103.222,1488,2,1256,11ec/1216;001d/32,0,1210,11ec,1120,0,0,0,1
pass=A;cert=ec;rtt=50;model=bernoulli;p=0.1;dir=both,76,full,default,15,50.411,120.463,170.874,1488,2,1256,11ec/1216;001d/32,0,1210,11ec,1120,0,0,1,1
pass=A;cert=ec;rtt=50;model=bernoulli;p=0.1;dir=both,77,full,default,15,1074.468,52.407,1126.875,1488,2,1256,11ec/1216;001d/32,0,1210,11ec,1120,0,0,1,1
pass=A;cert=ec;rtt=50;model=bernoulli;p=0.1;dir=both,78,full,default,15,50.501,51.826,102.327,1488,2,1256,11ec/1216;001d/32,0,1210,11ec,1120,0,0,0,1
pass=A;cert=ec;rtt=50;model=bernoulli;p=0.1;dir=both,79,full,default,15,50.703,51.783,102.487,1488,2,1256,11ec/1216;001d/32,0,1210,11ec,1120,0,0,0,1
pass=A;cert=ec;rtt=50;model=bernoulli;p=0.1;dir=both,80,full,default,15,50.859,370.810,421.669,1488,2,1256,11ec/1216;001d/32,0,1210,11ec,1120,0,0,0,1
pass=A;cert=ec;rtt=50;model=bernoulli;p=0.1;dir=both,81,full,default,15,50.502,1159.843,1210.345,1488,2,1256,11ec/1216;001d/32,0,1210,11ec,1120,0,0,3,1
pass=A;cert=ec;rtt=50;model=bernoulli;p=0.1;dir=both,82,full,default,15,50.251,51.930,102.181,1488,2,1256,11ec/1216;001d/32,0,1210,11ec,1120,0,0,0,1
pass=A;cert=ec;rtt=50;model=bernoulli;p=0.1;dir=both,83,full,default,15,50.563,358.907,409.470,1488,2,1256,11ec/1216;001d/32,0,1210,11ec,1120,0,0,1,1
pass=A;cert=ec;rtt=50;model=bernoulli;p=0.1;dir=both,84,full,default,15,1054.233,52.625,1106.858,1488,2,1256,11ec/1216;001d/32,0,1210,11ec,1120,0,0,1,1
pass=A;cert=ec;rtt=50;model=bernoulli;p=0.1;dir=both,85,full,default,15,50.560,52.227,102.787,1488,2,1256,11ec/1216;001d/32,0,1210,11ec,1120,0,0,0,1
pass=A;cert=ec;rtt=50;model=bernoulli;p=0.1;dir=both,86,full,default,15,50.402,51.977,102.379,1488,2,1256,11ec/1216;001d/32,0,1210,11ec,1120,0,0,0,1
pass=A;cert=ec;rtt=50;model=bernoulli;p=0.1;dir=both,87,full,default,15,50.547,52.442,102.988,1488,2,1256,11ec/1216;001d/32,0,1210,11ec,1120,0,0,0,1
pass=A;cert=ec;rtt=50;model=bernoulli;p=0.1;dir=both,88,full,default,15,50.585,52.936,103.521,1488,2,1256,11ec/1216;001d/32,0,1210,11ec,1120,0,0,0,1
pass=A;cert=ec;rtt=50;model=bernoulli;p=0.1;dir=both,89,full,default,15,50.505,159.577,210.081,1488,2,1256,11ec/1216;001d/32,0,1210,11ec,1120,0,0,0,1
pass=A;cert=ec;rtt=50;model=bernoulli;p=0.1;dir=both,90,full,default,15,50.541,52.409,102.949,1488,2,1256,11ec/1216;001d/32,0,1210,11ec,1120,0,0,0,1
pass=A;cert=ec;rtt=50;model=bernoulli;p=0.1;dir=both,91,full,default,15,1079.172,741.689,1820.861,1488,2,1256,11ec/1216;001d/32,0,1210,11ec,1120,0,0,3,1
pass=A;cert=ec;rtt=50;model=bernoulli;p=0.1;dir=both,92,full,default,15,53.680,122.120,175.801,1488,2,1256,11ec/1216;001d/32,0,1210,11ec,1120,0,0,0,1
pass=A;cert=ec;rtt=50;model=bernoulli;p=0.1;dir=both,93,full,default,15,50.567,51.900,102.468,1488,2,1256,11ec/1216;001d/32,0,1210,11ec,1120,0,0,0,1
pass=A;cert=ec;rtt=50;model=bernoulli;p=0.1;dir=both,94,full,default,15,1058.073,123.178,1181.251,1488,2,1256,11ec/1216;001d/32,0,1210,11ec,1120,0,0,1,1
pass=A;cert=ec;rtt=50;model=bernoulli;p=0.1;dir=both,95,full,default,15,50.515,51.833,102.348,1488,2,1256,11ec/1216;001d/32,0,1210,11ec,1120,0,0,0,1
pass=A;cert=ec;rtt=50;model=bernoulli;p=0.1;dir=both,96,full,default,15,50.447,51.918,102.365,1488,2,1256,11ec/1216;001d/32,0,1210,11ec,1120,0,0,0,1
pass=A;cert=ec;rtt=50;model=bernoulli;p=0.1;dir=both,97,full,default,15,1079.736,52.501,1132.238,1488,2,1256,11ec/1216;001d/32,0,1210,11ec,1120,0,0,1,1
pass=A;cert=ec;rtt=50;model=bernoulli;p=0.1;dir=both,98,full,default,15,50.535,52.014,102.549,1488,2,1256,11ec/1216;001d/32,0,1210,11ec,1120,0,0,0,1
pass=A;cert=ec;rtt=50;model=bernoulli;p=0.1;dir=both,99,full,default,15,50.530,51.972,102.502,1488,2,1256,11ec/1216;001d/32,0,1210,11ec,1120,0,0,0,1
pass=A;cert=ec;rtt=50;model=bernoulli;p=0.1;dir=both,100,full,default,15,50.508,51.937,102.445,1488,2,1256,11ec/1216;001d/32,0,1210,11ec,1120,0,0,0,1
pass=A;cert=ec;rtt=50;model=bernoulli;p=0.1;dir=both,101,full,default,15,50.475,69.988,120.463,1488,2,1256,11ec/1216;001d/32,0,1210,11ec,1120,0,0,0,1
pass=A;cert=ec;rtt=50;model=bernoulli;p=0.1;dir=both,102,full,default,15,50.366,365.794,416.160,1488,2,1256,11ec/1216;001d/32,0,1210,11ec,1120,0,0,0,1
pass=A;cert=ec;rtt=50;model=bernoulli;p=0.1;dir=both,103,full,default,15,50.319,119.423,169.741,1488,2,1256,11ec/1216;001d/32,0,1210,11ec,1120,0,0,0,1
pass=A;cert=ec;rtt=50;model=bernoulli;p=0.1;dir=both,104,full,default,15,50.398,52.469,102.866,1488,2,1256,11ec/1216;001d/32,0,1210,11ec,1120,0,0,0,1
pass=A;cert=ec;rtt=50;model=bernoulli;p=0.1;dir=both,105,full,default,15,50.449,51.884,102.333,1488,2,1256,11ec/1216;001d/32,0,1210,11ec,1120,0,0,0,1
pass=A;cert=ec;rtt=50;model=bernoulli;p=0.1;dir=both,106,full,default,15,1062.919,51.845,1114.764,1488,2,1256,11ec/1216;001d/32,0,1210,11ec,1120,0,0,1,1
pass=A;cert=ec;rtt=50;model=bernoulli;p=0.1;dir=both,107,full,default,15,1069.384,52.049,1121.433,1488,2,1256,11ec/1216;001d/32,0,1210,11ec,1120,0,0,1,1
pass=A;cert=ec;rtt=50;model=bernoulli;p=0.1;dir=both,108,full,default,15,50.375,52.327,102.702,1488,2,1256,11ec/1216;001d/32,0,1210,11ec,1120,0,0,0,1
pass=A;cert=ec;rtt=50;model=bernoulli;p=0.1;dir=both,109,full,default,15,50.367,75.234,125.601,1488,2,1256,11ec/1216;001d/32,0,1210,11ec,1120,0,0,0,1
pass=A;cert=ec;rtt=50;model=bernoulli;p=0.1;dir=both,110,full,default,15,50.271,374.892,425.164,1488,2,1256,11ec/1216;001d/32,0,1210,11ec,1120,0,0,0,1
pass=A;cert=ec;rtt=50;model=bernoulli;p=0.1;dir=both,111,full,default,15,50.713,51.835,102.548,1488,2,1256,11ec/1216;001d/32,0,1210,11ec,1120,0,0,0,1
pass=A;cert=ec;rtt=50;model=bernoulli;p=0.1;dir=both,112,full,default,15,50.604,55.504,106.109,1488,2,1256,11ec/1216;001d/32,0,1210,11ec,1120,0,0,0,1
pass=A;cert=ec;rtt=50;model=bernoulli;p=0.1;dir=both,113,full,default,15,1063.725,51.717,1115.442,1488,2,1256,11ec/1216;001d/32,0,1210,11ec,1120,0,0,1,1
pass=A;cert=ec;rtt=50;model=bernoulli;p=0.1;dir=both,114,full,default,15,1068.067,53.630,1121.698,1488,2,1256,11ec/1216;001d/32,0,1210,11ec,1120,0,0,1,1
pass=A;cert=ec;rtt=50;model=bernoulli;p=0.1;dir=both,115,full,default,15,1066.603,121.112,1187.715,1488,2,1256,11ec/1216;001d/32,0,1210,11ec,1120,0,0,2,1
pass=A;cert=ec;rtt=50;model=bernoulli;p=0.1;dir=both,116,full,default,15,50.370,156.137,206.507,1488,2,1256,11ec/1216;001d/32,0,1210,11ec,1120,0,0,0,1
pass=A;cert=ec;rtt=50;model=bernoulli;p=0.1;dir=both,117,full,default,15,50.371,70.857,121.228,1488,2,1256,11ec/1216;001d/32,0,1210,11ec,1120,0,0,0,1
pass=A;cert=ec;rtt=50;model=bernoulli;p=0.1;dir=both,118,full,default,15,50.411,119.824,170.235,1488,2,1256,11ec/1216;001d/32,0,1210,11ec,1120,0,0,0,1
pass=A;cert=ec;rtt=50;model=bernoulli;p=0.1;dir=both,119,full,default,15,1076.550,53.479,1130.028,1488,2,1256,11ec/1216;001d/32,0,1210,11ec,1120,0,0,1,1
pass=A;cert=ec;rtt=50;model=bernoulli;p=0.1;dir=both,120,full,default,15,50.673,52.294,102.967,1488,2,1256,11ec/1216;001d/32,0,1210,11ec,1120,0,0,0,1
pass=A;cert=ec;rtt=50;model=bernoulli;p=0.1;dir=both,121,full,default,15,1059.443,51.785,1111.229,1488,2,1256,11ec/1216;001d/32,0,1210,11ec,1120,0,0,1,1
pass=A;cert=ec;rtt=50;model=bernoulli;p=0.1;dir=both,122,full,default,15,50.543,120.365,170.908,1488,2,1256,11ec/1216;001d/32,0,1210,11ec,1120,0,0,0,1
pass=A;cert=ec;rtt=50;model=bernoulli;p=0.1;dir=both,123,full,default,15,50.514,209.689,260.203,1488,2,1256,11ec/1216;001d/32,0,1210,11ec,1120,0,0,2,1
pass=A;cert=ec;rtt=50;model=bernoulli;p=0.1;dir=both,124,full,default,15,50.397,369.389,419.787,1488,2,1256,11ec/1216;001d/32,0,1210,11ec,1120,0,0,0,1
pass=A;cert=ec;rtt=50;model=bernoulli;p=0.1;dir=both,125,full,default,15,50.491,52.301,102.793,1488,2,1256,11ec/1216;001d/32,0,1210,11ec,1120,0,0,0,1
pass=A;cert=ec;rtt=50;model=bernoulli;p=0.1;dir=both,126,full,default,15,50.457,51.922,102.380,1488,2,1256,11ec/1216;001d/32,0,1210,11ec,1120,0,0,0,1
pass=A;cert=ec;rtt=50;model=bernoulli;p=0.1;dir=both,127,full,default,15,50.427,383.776,434.203,1488,2,1256,11ec/1216;001d/32,0,1210,11ec,1120,0,0,0,1
pass=A;cert=ec;rtt=50;model=bernoulli;p=0.1;dir=both,128,full,default,15,50.569,119.192,169.761,1488,2,1256,11ec/1216;001d/32,0,1210,11ec,1120,0,0,1,1
pass=A;cert=ec;rtt=50;model=bernoulli;p=0.1;dir=both,129,full,default,15,50.464,51.984,102.448,1488,2,1256,11ec/1216;001d/32,0,1210,11ec,1120,0,0,0,1
pass=A;cert=ec;rtt=50;model=bernoulli;p=0.1;dir=both,130,full,default,15,50.477,51.849,102.327,1488,2,1256,11ec/1216;001d/32,0,1210,11ec,1120,0,0,0,1
pass=A;cert=ec;rtt=50;model=bernoulli;p=0.1;dir=both,131,full,default,15,50.334,51.792,102.126,1488,2,1256,11ec/1216;001d/32,0,1210,11ec,1120,0,0,0,1
pass=A;cert=ec;rtt=50;model=bernoulli;p=0.1;dir=both,132,full,default,15,50.473,376.569,427.042,1488,2,1256,11ec/1216;001d/32,0,1210,11ec,1120,0,0,0,1
pass=A;cert=ec;rtt=50;model=bernoulli;p=0.1;dir=both,133,full,default,15,1072.358,51.925,1124.283,1488,2,1256,11ec/1216;001d/32,0,1210,11ec,1120,0,0,1,1
pass=A;cert=ec;rtt=50;model=bernoulli;p=0.1;dir=both,134,full,default,15,50.531,51.905,102.436,1488,2,1256,11ec/1216;001d/32,0,1210,11ec,1120,0,0,0,1
pass=A;cert=ec;rtt=50;model=bernoulli;p=0.1;dir=both,135,full,default,15,50.411,51.856,102.267,1488,2,1256,11ec/1216;001d/32,0,1210,11ec,1120,0,0,0,1
pass=A;cert=ec;rtt=50;model=bernoulli;p=0.1;dir=both,136,full,default,15,50.506,52.010,102.516,1488,2,1256,11ec/1216;001d/32,0,1210,11ec,1120,0,0,0,1
pass=A;cert=ec;rtt=50;model=bernoulli;p=0.1;dir=both,137,full,default,15,50.435,51.814,102.249,1488,2,1256,11ec/1216;001d/32,0,1210,11ec,1120,0,0,0,1
pass=A;cert=ec;rtt=50;model=bernoulli;p=0.1;dir=both,138,full,default,15,50.487,51.885,102.372,1488,2,1256,11ec/1216;001d/32,0,1210,11ec,1120,0,0,0,1
pass=A;cert=ec;rtt=50;model=bernoulli;p=0.1;dir=both,139,full,default,15,1067.477,56.424,1123.901,1488,2,1256,11ec/1216;001d/32,0,1210,11ec,1120,0,0,1,1
pass=A;cert=ec;rtt=50;model=bernoulli;p=0.1;dir=both,140,full,default,15,50.365,3190.346,3240.711,1488,2,1256,11ec/1216;001d/32,0,1210,11ec,1120,0,0,1,1
pass=A;cert=ec;rtt=50;model=bernoulli;p=0.1;dir=both,141,full,default,15,50.993,51.804,102.797,1488,2,1256,11ec/1216;001d/32,0,1210,11ec,1120,0,0,0,1
pass=A;cert=ec;rtt=50;model=bernoulli;p=0.1;dir=both,142,full,default,15,50.388,71.007,121.394,1488,2,1256,11ec/1216;001d/32,0,1210,11ec,1120,0,0,0,1
pass=A;cert=ec;rtt=50;model=bernoulli;p=0.1;dir=both,143,full,default,15,1054.166,52.004,1106.171,1488,2,1256,11ec/1216;001d/32,0,1210,11ec,1120,0,0,1,1
pass=A;cert=ec;rtt=50;model=bernoulli;p=0.1;dir=both,144,full,default,15,50.504,462.981,513.485,1488,2,1256,11ec/1216;001d/32,0,1210,11ec,1120,0,0,0,1
pass=A;cert=ec;rtt=50;model=bernoulli;p=0.1;dir=both,145,full,default,15,50.421,51.919,102.340,1488,2,1256,11ec/1216;001d/32,0,1210,11ec,1120,0,0,0,1
pass=A;cert=ec;rtt=50;model=bernoulli;p=0.1;dir=both,146,full,default,15,1059.617,51.922,1111.540,1488,2,1256,11ec/1216;001d/32,0,1210,11ec,1120,0,0,1,1
pass=A;cert=ec;rtt=50;model=bernoulli;p=0.1;dir=both,147,full,default,15,50.437,51.805,102.242,1488,2,1256,11ec/1216;001d/32,0,1210,11ec,1120,0,0,0,1
pass=A;cert=ec;rtt=50;model=bernoulli;p=0.1;dir=both,148,full,default,15,50.474,51.596,102.070,1488,2,1256,11ec/1216;001d/32,0,1210,11ec,1120,0,0,0,1
pass=A;cert=ec;rtt=50;model=bernoulli;p=0.1;dir=both,149,full,default,15,50.459,51.934,102.392,1488,2,1256,11ec/1216;001d/32,0,1210,11ec,1120,0,0,0,1
pass=A;cert=ec;rtt=50;model=ge;p=0.05;dir=both,0,full,X25519,15,50.587,52.733,103.319,254,1,36,001d/32,0,122,001d,32,0,0,0,1
pass=A;cert=ec;rtt=50;model=ge;p=0.05;dir=both,1,full,X25519,15,50.644,51.854,102.497,254,1,36,001d/32,0,122,001d,32,0,0,0,1
pass=A;cert=ec;rtt=50;model=ge;p=0.05;dir=both,2,full,X25519,15,50.396,51.760,102.157,254,1,36,001d/32,0,122,001d,32,0,0,0,1
pass=A;cert=ec;rtt=50;model=ge;p=0.05;dir=both,3,full,X25519,15,50.466,52.566,103.032,254,1,36,001d/32,0,122,001d,32,0,0,0,1
pass=A;cert=ec;rtt=50;model=ge;p=0.05;dir=both,4,full,X25519,15,50.275,51.964,102.240,254,1,36,001d/32,0,122,001d,32,0,0,0,1
pass=A;cert=ec;rtt=50;model=ge;p=0.05;dir=both,5,full,X25519,15,50.449,51.696,102.145,254,1,36,001d/32,0,122,001d,32,0,0,0,1
pass=A;cert=ec;rtt=50;model=ge;p=0.05;dir=both,6,full,X25519,15,50.483,51.928,102.411,254,1,36,001d/32,0,122,001d,32,0,0,0,1
pass=A;cert=ec;rtt=50;model=ge;p=0.05;dir=both,7,full,X25519,15,50.573,51.620,102.193,254,1,36,001d/32,0,122,001d,32,0,0,0,1
pass=A;cert=ec;rtt=50;model=ge;p=0.05;dir=both,8,full,X25519,15,50.473,51.502,101.975,254,1,36,001d/32,0,122,001d,32,0,0,0,1
pass=A;cert=ec;rtt=50;model=ge;p=0.05;dir=both,9,full,X25519,15,50.547,52.069,102.617,254,1,36,001d/32,0,122,001d,32,0,0,0,1
pass=A;cert=ec;rtt=50;model=ge;p=0.05;dir=both,10,full,X25519,15,52.036,51.893,103.929,254,1,36,001d/32,0,122,001d,32,0,0,0,1
pass=A;cert=ec;rtt=50;model=ge;p=0.05;dir=both,11,full,X25519,15,50.574,51.894,102.467,254,1,36,001d/32,0,122,001d,32,0,0,0,1
pass=A;cert=ec;rtt=50;model=ge;p=0.05;dir=both,12,full,X25519,15,50.420,2105.434,2155.853,254,1,36,001d/32,0,122,001d,32,0,0,2,1
pass=A;cert=ec;rtt=50;model=ge;p=0.05;dir=both,13,full,X25519,15,1055.621,51.675,1107.296,254,1,36,001d/32,0,122,001d,32,0,0,1,1
pass=A;cert=ec;rtt=50;model=ge;p=0.05;dir=both,14,full,X25519,15,50.402,70.445,120.848,254,1,36,001d/32,0,122,001d,32,0,0,0,1
pass=A;cert=ec;rtt=50;model=ge;p=0.05;dir=both,15,full,X25519,15,50.467,51.634,102.101,254,1,36,001d/32,0,122,001d,32,0,0,0,1
pass=A;cert=ec;rtt=50;model=ge;p=0.05;dir=both,16,full,X25519,15,50.432,53.153,103.586,254,1,36,001d/32,0,122,001d,32,0,0,0,1
pass=A;cert=ec;rtt=50;model=ge;p=0.05;dir=both,17,full,X25519,15,50.517,51.660,102.177,254,1,36,001d/32,0,122,001d,32,0,0,0,1
pass=A;cert=ec;rtt=50;model=ge;p=0.05;dir=both,18,full,X25519,15,50.432,310.529,360.962,254,1,36,001d/32,0,122,001d,32,0,0,0,1
pass=A;cert=ec;rtt=50;model=ge;p=0.05;dir=both,19,full,X25519,15,50.556,72.152,122.708,254,1,36,001d/32,0,122,001d,32,0,0,0,1
pass=A;cert=ec;rtt=50;model=ge;p=0.05;dir=both,20,full,X25519,15,50.481,52.040,102.521,254,1,36,001d/32,0,122,001d,32,0,0,0,1
pass=A;cert=ec;rtt=50;model=ge;p=0.05;dir=both,21,full,X25519,15,50.874,51.731,102.605,254,1,36,001d/32,0,122,001d,32,0,0,0,1
pass=A;cert=ec;rtt=50;model=ge;p=0.05;dir=both,22,full,X25519,15,50.480,51.547,102.026,254,1,36,001d/32,0,122,001d,32,0,0,0,1
pass=A;cert=ec;rtt=50;model=ge;p=0.05;dir=both,23,full,X25519,15,50.547,52.585,103.132,254,1,36,001d/32,0,122,001d,32,0,0,0,1
pass=A;cert=ec;rtt=50;model=ge;p=0.05;dir=both,24,full,X25519,15,50.506,51.649,102.155,254,1,36,001d/32,0,122,001d,32,0,0,0,1
pass=A;cert=ec;rtt=50;model=ge;p=0.05;dir=both,25,full,X25519,15,50.566,51.597,102.163,254,1,36,001d/32,0,122,001d,32,0,0,0,1
pass=A;cert=ec;rtt=50;model=ge;p=0.05;dir=both,26,full,X25519,15,50.487,51.520,102.007,254,1,36,001d/32,0,122,001d,32,0,0,0,1
pass=A;cert=ec;rtt=50;model=ge;p=0.05;dir=both,27,full,X25519,15,50.512,51.599,102.110,254,1,36,001d/32,0,122,001d,32,0,0,0,1
pass=A;cert=ec;rtt=50;model=ge;p=0.05;dir=both,28,full,X25519,15,1062.563,51.933,1114.496,254,1,36,001d/32,0,122,001d,32,0,0,1,1
pass=A;cert=ec;rtt=50;model=ge;p=0.05;dir=both,29,full,X25519,15,1067.833,51.642,1119.476,254,1,36,001d/32,0,122,001d,32,0,0,1,1
pass=A;cert=ec;rtt=50;model=ge;p=0.05;dir=both,30,full,X25519,15,50.458,51.535,101.993,254,1,36,001d/32,0,122,001d,32,0,0,0,1
pass=A;cert=ec;rtt=50;model=ge;p=0.05;dir=both,31,full,X25519,15,51.577,51.598,103.175,254,1,36,001d/32,0,122,001d,32,0,0,0,1
pass=A;cert=ec;rtt=50;model=ge;p=0.05;dir=both,32,full,X25519,15,50.427,51.844,102.271,254,1,36,001d/32,0,122,001d,32,0,0,0,1
pass=A;cert=ec;rtt=50;model=ge;p=0.05;dir=both,33,full,X25519,15,50.429,51.592,102.021,254,1,36,001d/32,0,122,001d,32,0,0,0,1
pass=A;cert=ec;rtt=50;model=ge;p=0.05;dir=both,34,full,X25519,15,50.586,51.554,102.141,254,1,36,001d/32,0,122,001d,32,0,0,0,1
pass=A;cert=ec;rtt=50;model=ge;p=0.05;dir=both,35,full,X25519,15,50.452,52.092,102.544,254,1,36,001d/32,0,122,001d,32,0,0,0,1
pass=A;cert=ec;rtt=50;model=ge;p=0.05;dir=both,36,full,X25519,15,50.507,51.954,102.460,254,1,36,001d/32,0,122,001d,32,0,0,0,1
pass=A;cert=ec;rtt=50;model=ge;p=0.05;dir=both,37,full,X25519,15,50.492,52.023,102.515,254,1,36,001d/32,0,122,001d,32,0,0,0,1
pass=A;cert=ec;rtt=50;model=ge;p=0.05;dir=both,38,full,X25519,15,50.433,51.905,102.339,254,1,36,001d/32,0,122,001d,32,0,0,0,1
pass=A;cert=ec;rtt=50;model=ge;p=0.05;dir=both,39,full,X25519,15,50.367,51.466,101.832,254,1,36,001d/32,0,122,001d,32,0,0,0,1
pass=A;cert=ec;rtt=50;model=ge;p=0.05;dir=both,40,full,X25519,15,50.444,52.134,102.578,254,1,36,001d/32,0,122,001d,32,0,0,0,1
pass=A;cert=ec;rtt=50;model=ge;p=0.05;dir=both,41,full,X25519,15,50.478,51.660,102.138,254,1,36,001d/32,0,122,001d,32,0,0,0,1
pass=A;cert=ec;rtt=50;model=ge;p=0.05;dir=both,42,full,X25519,15,50.425,51.528,101.953,254,1,36,001d/32,0,122,001d,32,0,0,0,1
pass=A;cert=ec;rtt=50;model=ge;p=0.05;dir=both,43,full,X25519,15,50.417,51.920,102.337,254,1,36,001d/32,0,122,001d,32,0,0,0,1
pass=A;cert=ec;rtt=50;model=ge;p=0.05;dir=both,44,full,X25519,15,50.489,51.577,102.066,254,1,36,001d/32,0,122,001d,32,0,0,0,1
pass=A;cert=ec;rtt=50;model=ge;p=0.05;dir=both,45,full,X25519,15,50.403,51.567,101.970,254,1,36,001d/32,0,122,001d,32,0,0,0,1
pass=A;cert=ec;rtt=50;model=ge;p=0.05;dir=both,46,full,X25519,15,50.460,51.499,101.959,254,1,36,001d/32,0,122,001d,32,0,0,0,1
pass=A;cert=ec;rtt=50;model=ge;p=0.05;dir=both,47,full,X25519,15,50.486,51.659,102.145,254,1,36,001d/32,0,122,001d,32,0,0,0,1
pass=A;cert=ec;rtt=50;model=ge;p=0.05;dir=both,48,full,X25519,15,50.561,51.992,102.553,254,1,36,001d/32,0,122,001d,32,0,0,0,1
pass=A;cert=ec;rtt=50;model=ge;p=0.05;dir=both,49,full,X25519,15,1074.640,51.566,1126.205,254,1,36,001d/32,0,122,001d,32,0,0,1,1
pass=A;cert=ec;rtt=50;model=ge;p=0.05;dir=both,50,full,X25519,15,50.489,51.592,102.081,254,1,36,001d/32,0,122,001d,32,0,0,0,1
pass=A;cert=ec;rtt=50;model=ge;p=0.05;dir=both,51,full,X25519,15,50.450,52.119,102.569,254,1,36,001d/32,0,122,001d,32,0,0,0,1
pass=A;cert=ec;rtt=50;model=ge;p=0.05;dir=both,52,full,X25519,15,50.589,51.595,102.184,254,1,36,001d/32,0,122,001d,32,0,0,0,1
pass=A;cert=ec;rtt=50;model=ge;p=0.05;dir=both,53,full,X25519,15,50.487,51.748,102.235,254,1,36,001d/32,0,122,001d,32,0,0,0,1
pass=A;cert=ec;rtt=50;model=ge;p=0.05;dir=both,54,full,X25519,15,50.364,51.493,101.857,254,1,36,001d/32,0,122,001d,32,0,0,0,1
pass=A;cert=ec;rtt=50;model=ge;p=0.05;dir=both,55,full,X25519,15,50.531,51.536,102.067,254,1,36,001d/32,0,122,001d,32,0,0,0,1
pass=A;cert=ec;rtt=50;model=ge;p=0.05;dir=both,56,full,X25519,15,50.440,51.375,101.815,254,1,36,001d/32,0,122,001d,32,0,0,0,1
pass=A;cert=ec;rtt=50;model=ge;p=0.05;dir=both,57,full,X25519,15,1056.583,51.566,1108.148,254,1,36,001d/32,0,122,001d,32,0,0,1,1
pass=A;cert=ec;rtt=50;model=ge;p=0.05;dir=both,58,full,X25519,15,50.546,51.645,102.191,254,1,36,001d/32,0,122,001d,32,0,0,0,1
pass=A;cert=ec;rtt=50;model=ge;p=0.05;dir=both,59,full,X25519,15,50.375,51.747,102.122,254,1,36,001d/32,0,122,001d,32,0,0,0,1
pass=A;cert=ec;rtt=50;model=ge;p=0.05;dir=both,60,full,X25519,15,50.531,51.438,101.968,254,1,36,001d/32,0,122,001d,32,0,0,0,1
pass=A;cert=ec;rtt=50;model=ge;p=0.05;dir=both,61,full,X25519,15,50.522,51.675,102.197,254,1,36,001d/32,0,122,001d,32,0,0,0,1
pass=A;cert=ec;rtt=50;model=ge;p=0.05;dir=both,62,full,X25519,15,50.512,385.877,436.389,254,1,36,001d/32,0,122,001d,32,0,0,1,1
pass=A;cert=ec;rtt=50;model=ge;p=0.05;dir=both,63,full,X25519,15,50.615,1395.445,1446.060,254,1,36,001d/32,0,122,001d,32,0,0,1,1
pass=A;cert=ec;rtt=50;model=ge;p=0.05;dir=both,64,full,X25519,15,50.485,51.989,102.474,254,1,36,001d/32,0,122,001d,32,0,0,0,1
pass=A;cert=ec;rtt=50;model=ge;p=0.05;dir=both,65,full,X25519,15,52.641,382.829,435.469,254,1,36,001d/32,0,122,001d,32,0,0,1,1
pass=A;cert=ec;rtt=50;model=ge;p=0.05;dir=both,66,full,X25519,15,2078.350,53.081,2131.431,254,1,36,001d/32,0,122,001d,32,0,0,2,1
pass=A;cert=ec;rtt=50;model=ge;p=0.05;dir=both,67,full,X25519,15,50.507,51.936,102.444,254,1,36,001d/32,0,122,001d,32,0,0,0,1
pass=A;cert=ec;rtt=50;model=ge;p=0.05;dir=both,68,full,X25519,15,50.465,371.101,421.566,254,1,36,001d/32,0,122,001d,32,0,0,1,1
pass=A;cert=ec;rtt=50;model=ge;p=0.05;dir=both,69,full,X25519,15,50.516,531.451,581.967,254,1,36,001d/32,0,122,001d,32,0,0,0,1
pass=A;cert=ec;rtt=50;model=ge;p=0.05;dir=both,70,full,X25519,15,50.398,51.709,102.107,254,1,36,001d/32,0,122,001d,32,0,0,0,1
pass=A;cert=ec;rtt=50;model=ge;p=0.05;dir=both,71,full,X25519,15,50.480,583.107,633.587,254,1,36,001d/32,0,122,001d,32,0,0,1,1
pass=A;cert=ec;rtt=50;model=ge;p=0.05;dir=both,72,full,X25519,15,50.299,51.608,101.907,254,1,36,001d/32,0,122,001d,32,0,0,0,1
pass=A;cert=ec;rtt=50;model=ge;p=0.05;dir=both,73,full,X25519,15,1074.243,54.727,1128.970,254,1,36,001d/32,0,122,001d,32,0,0,1,1
pass=A;cert=ec;rtt=50;model=ge;p=0.05;dir=both,74,full,X25519,15,50.449,317.928,368.377,254,1,36,001d/32,0,122,001d,32,0,0,0,1
pass=A;cert=ec;rtt=50;model=ge;p=0.05;dir=both,75,full,X25519,15,50.517,51.685,102.202,254,1,36,001d/32,0,122,001d,32,0,0,0,1
pass=A;cert=ec;rtt=50;model=ge;p=0.05;dir=both,76,full,X25519,15,50.520,51.860,102.380,254,1,36,001d/32,0,122,001d,32,0,0,0,1
pass=A;cert=ec;rtt=50;model=ge;p=0.05;dir=both,77,full,X25519,15,50.656,52.229,102.885,254,1,36,001d/32,0,122,001d,32,0,0,0,1
pass=A;cert=ec;rtt=50;model=ge;p=0.05;dir=both,78,full,X25519,15,50.573,52.161,102.734,254,1,36,001d/32,0,122,001d,32,0,0,0,1
pass=A;cert=ec;rtt=50;model=ge;p=0.05;dir=both,79,full,X25519,15,50.407,51.754,102.161,254,1,36,001d/32,0,122,001d,32,0,0,0,1
pass=A;cert=ec;rtt=50;model=ge;p=0.05;dir=both,80,full,X25519,15,3127.424,51.609,3179.033,254,1,36,001d/32,0,122,001d,32,0,0,3,1
pass=A;cert=ec;rtt=50;model=ge;p=0.05;dir=both,81,full,X25519,15,50.559,51.538,102.097,254,1,36,001d/32,0,122,001d,32,0,0,0,1
pass=A;cert=ec;rtt=50;model=ge;p=0.05;dir=both,82,full,X25519,15,50.462,51.757,102.218,254,1,36,001d/32,0,122,001d,32,0,0,0,1
pass=A;cert=ec;rtt=50;model=ge;p=0.05;dir=both,83,full,X25519,15,50.506,51.557,102.064,254,1,36,001d/32,0,122,001d,32,0,0,0,1
pass=A;cert=ec;rtt=50;model=ge;p=0.05;dir=both,84,full,X25519,15,50.492,53.564,104.055,254,1,36,001d/32,0,122,001d,32,0,0,0,1
pass=A;cert=ec;rtt=50;model=ge;p=0.05;dir=both,85,full,X25519,15,50.466,51.637,102.104,254,1,36,001d/32,0,122,001d,32,0,0,0,1
pass=A;cert=ec;rtt=50;model=ge;p=0.05;dir=both,86,full,X25519,15,50.461,51.855,102.316,254,1,36,001d/32,0,122,001d,32,0,0,0,1
pass=A;cert=ec;rtt=50;model=ge;p=0.05;dir=both,87,full,X25519,15,50.554,51.605,102.159,254,1,36,001d/32,0,122,001d,32,0,0,0,1
pass=A;cert=ec;rtt=50;model=ge;p=0.05;dir=both,88,full,X25519,15,50.534,4013.051,4063.585,254,1,36,001d/32,0,122,001d,32,0,0,0,1
pass=A;cert=ec;rtt=50;model=ge;p=0.05;dir=both,89,full,X25519,15,50.327,51.701,102.029,254,1,36,001d/32,0,122,001d,32,0,0,0,1
pass=A;cert=ec;rtt=50;model=ge;p=0.05;dir=both,90,full,X25519,15,50.572,51.606,102.178,254,1,36,001d/32,0,122,001d,32,0,0,0,1
pass=A;cert=ec;rtt=50;model=ge;p=0.05;dir=both,91,full,X25519,15,50.579,51.851,102.430,254,1,36,001d/32,0,122,001d,32,0,0,0,1
pass=A;cert=ec;rtt=50;model=ge;p=0.05;dir=both,92,full,X25519,15,50.539,320.387,370.925,254,1,36,001d/32,0,122,001d,32,0,0,0,1
pass=A;cert=ec;rtt=50;model=ge;p=0.05;dir=both,93,full,X25519,15,50.542,51.580,102.121,254,1,36,001d/32,0,122,001d,32,0,0,0,1
pass=A;cert=ec;rtt=50;model=ge;p=0.05;dir=both,94,full,X25519,15,50.712,51.783,102.496,254,1,36,001d/32,0,122,001d,32,0,0,0,1
pass=A;cert=ec;rtt=50;model=ge;p=0.05;dir=both,95,full,X25519,15,50.542,51.542,102.083,254,1,36,001d/32,0,122,001d,32,0,0,0,1
pass=A;cert=ec;rtt=50;model=ge;p=0.05;dir=both,96,full,X25519,15,50.494,51.582,102.076,254,1,36,001d/32,0,122,001d,32,0,0,0,1
pass=A;cert=ec;rtt=50;model=ge;p=0.05;dir=both,97,full,X25519,15,50.467,51.541,102.008,254,1,36,001d/32,0,122,001d,32,0,0,0,1
pass=A;cert=ec;rtt=50;model=ge;p=0.05;dir=both,98,full,X25519,15,50.600,51.618,102.218,254,1,36,001d/32,0,122,001d,32,0,0,0,1
pass=A;cert=ec;rtt=50;model=ge;p=0.05;dir=both,99,full,X25519,15,50.469,51.616,102.084,254,1,36,001d/32,0,122,001d,32,0,0,0,1
pass=A;cert=ec;rtt=50;model=ge;p=0.05;dir=both,100,full,X25519,15,50.497,51.680,102.177,254,1,36,001d/32,0,122,001d,32,0,0,0,1
pass=A;cert=ec;rtt=50;model=ge;p=0.05;dir=both,101,full,X25519,15,50.447,51.673,102.121,254,1,36,001d/32,0,122,001d,32,0,0,0,1
pass=A;cert=ec;rtt=50;model=ge;p=0.05;dir=both,102,full,X25519,15,50.431,51.691,102.122,254,1,36,001d/32,0,122,001d,32,0,0,0,1
pass=A;cert=ec;rtt=50;model=ge;p=0.05;dir=both,103,full,X25519,15,50.554,51.628,102.182,254,1,36,001d/32,0,122,001d,32,0,0,0,1
pass=A;cert=ec;rtt=50;model=ge;p=0.05;dir=both,104,full,X25519,15,50.429,51.794,102.223,254,1,36,001d/32,0,122,001d,32,0,0,0,1
pass=A;cert=ec;rtt=50;model=ge;p=0.05;dir=both,105,full,X25519,15,50.752,321.743,372.495,254,1,36,001d/32,0,122,001d,32,0,0,0,1
pass=A;cert=ec;rtt=50;model=ge;p=0.05;dir=both,106,full,X25519,15,50.481,54.434,104.915,254,1,36,001d/32,0,122,001d,32,0,0,0,1
pass=A;cert=ec;rtt=50;model=ge;p=0.05;dir=both,107,full,X25519,15,50.522,51.977,102.499,254,1,36,001d/32,0,122,001d,32,0,0,0,1
pass=A;cert=ec;rtt=50;model=ge;p=0.05;dir=both,108,full,X25519,15,50.552,71.388,121.940,254,1,36,001d/32,0,122,001d,32,0,0,0,1
pass=A;cert=ec;rtt=50;model=ge;p=0.05;dir=both,109,full,X25519,15,50.505,51.738,102.243,254,1,36,001d/32,0,122,001d,32,0,0,0,1
pass=A;cert=ec;rtt=50;model=ge;p=0.05;dir=both,110,full,X25519,15,50.691,51.987,102.678,254,1,36,001d/32,0,122,001d,32,0,0,0,1
pass=A;cert=ec;rtt=50;model=ge;p=0.05;dir=both,111,full,X25519,15,50.506,51.626,102.132,254,1,36,001d/32,0,122,001d,32,0,0,0,1
pass=A;cert=ec;rtt=50;model=ge;p=0.05;dir=both,112,full,X25519,15,52.106,51.502,103.608,254,1,36,001d/32,0,122,001d,32,0,0,0,1
pass=A;cert=ec;rtt=50;model=ge;p=0.05;dir=both,113,full,X25519,15,52.477,614.336,666.814,254,1,36,001d/32,0,122,001d,32,0,0,1,1
pass=A;cert=ec;rtt=50;model=ge;p=0.05;dir=both,114,full,X25519,15,50.457,51.898,102.355,254,1,36,001d/32,0,122,001d,32,0,0,0,1
pass=A;cert=ec;rtt=50;model=ge;p=0.05;dir=both,115,full,X25519,15,50.483,326.979,377.462,254,1,36,001d/32,0,122,001d,32,0,0,0,1
pass=A;cert=ec;rtt=50;model=ge;p=0.05;dir=both,116,full,X25519,15,50.561,51.998,102.558,254,1,36,001d/32,0,122,001d,32,0,0,0,1
pass=A;cert=ec;rtt=50;model=ge;p=0.05;dir=both,117,full,X25519,15,50.379,51.642,102.021,254,1,36,001d/32,0,122,001d,32,0,0,0,1
pass=A;cert=ec;rtt=50;model=ge;p=0.05;dir=both,118,full,X25519,15,50.461,51.525,101.986,254,1,36,001d/32,0,122,001d,32,0,0,0,1
pass=A;cert=ec;rtt=50;model=ge;p=0.05;dir=both,119,full,X25519,15,50.514,51.616,102.130,254,1,36,001d/32,0,122,001d,32,0,0,0,1
pass=A;cert=ec;rtt=50;model=ge;p=0.05;dir=both,120,full,X25519,15,50.488,51.560,102.048,254,1,36,001d/32,0,122,001d,32,0,0,0,1
pass=A;cert=ec;rtt=50;model=ge;p=0.05;dir=both,121,full,X25519,15,50.639,51.977,102.616,254,1,36,001d/32,0,122,001d,32,0,0,0,1
pass=A;cert=ec;rtt=50;model=ge;p=0.05;dir=both,122,full,X25519,15,50.632,51.556,102.188,254,1,36,001d/32,0,122,001d,32,0,0,0,1
pass=A;cert=ec;rtt=50;model=ge;p=0.05;dir=both,123,full,X25519,15,50.585,51.640,102.225,254,1,36,001d/32,0,122,001d,32,0,0,0,1
pass=A;cert=ec;rtt=50;model=ge;p=0.05;dir=both,124,full,X25519,15,50.702,51.763,102.465,254,1,36,001d/32,0,122,001d,32,0,0,0,1
pass=A;cert=ec;rtt=50;model=ge;p=0.05;dir=both,125,full,X25519,15,50.458,51.721,102.179,254,1,36,001d/32,0,122,001d,32,0,0,0,1
pass=A;cert=ec;rtt=50;model=ge;p=0.05;dir=both,126,full,X25519,15,50.310,51.957,102.266,254,1,36,001d/32,0,122,001d,32,0,0,0,1
pass=A;cert=ec;rtt=50;model=ge;p=0.05;dir=both,127,full,X25519,15,50.553,51.626,102.179,254,1,36,001d/32,0,122,001d,32,0,0,0,1
pass=A;cert=ec;rtt=50;model=ge;p=0.05;dir=both,128,full,X25519,15,50.478,2330.925,2381.403,254,1,36,001d/32,0,122,001d,32,0,0,2,1
pass=A;cert=ec;rtt=50;model=ge;p=0.05;dir=both,129,full,X25519,15,50.504,51.575,102.079,254,1,36,001d/32,0,122,001d,32,0,0,0,1
pass=A;cert=ec;rtt=50;model=ge;p=0.05;dir=both,130,full,X25519,15,50.575,51.604,102.179,254,1,36,001d/32,0,122,001d,32,0,0,0,1
pass=A;cert=ec;rtt=50;model=ge;p=0.05;dir=both,131,full,X25519,15,50.516,51.628,102.144,254,1,36,001d/32,0,122,001d,32,0,0,0,1
pass=A;cert=ec;rtt=50;model=ge;p=0.05;dir=both,132,full,X25519,15,50.568,51.951,102.519,254,1,36,001d/32,0,122,001d,32,0,0,0,1
pass=A;cert=ec;rtt=50;model=ge;p=0.05;dir=both,133,full,X25519,15,50.503,51.672,102.175,254,1,36,001d/32,0,122,001d,32,0,0,0,1
pass=A;cert=ec;rtt=50;model=ge;p=0.05;dir=both,134,full,X25519,15,50.642,51.581,102.224,254,1,36,001d/32,0,122,001d,32,0,0,0,1
pass=A;cert=ec;rtt=50;model=ge;p=0.05;dir=both,135,full,X25519,15,50.502,51.680,102.183,254,1,36,001d/32,0,122,001d,32,0,0,0,1
pass=A;cert=ec;rtt=50;model=ge;p=0.05;dir=both,136,full,X25519,15,50.457,51.725,102.182,254,1,36,001d/32,0,122,001d,32,0,0,0,1
pass=A;cert=ec;rtt=50;model=ge;p=0.05;dir=both,137,full,X25519,15,50.502,51.731,102.233,254,1,36,001d/32,0,122,001d,32,0,0,0,1
pass=A;cert=ec;rtt=50;model=ge;p=0.05;dir=both,138,full,X25519,15,50.561,52.385,102.946,254,1,36,001d/32,0,122,001d,32,0,0,0,1
pass=A;cert=ec;rtt=50;model=ge;p=0.05;dir=both,139,full,X25519,15,1054.198,51.829,1106.028,254,1,36,001d/32,0,122,001d,32,0,0,1,1
pass=A;cert=ec;rtt=50;model=ge;p=0.05;dir=both,140,full,X25519,15,1068.297,52.149,1120.446,254,1,36,001d/32,0,122,001d,32,0,0,1,1
pass=A;cert=ec;rtt=50;model=ge;p=0.05;dir=both,141,full,X25519,15,50.643,52.175,102.818,254,1,36,001d/32,0,122,001d,32,0,0,0,1
pass=A;cert=ec;rtt=50;model=ge;p=0.05;dir=both,142,full,X25519,15,1060.657,52.193,1112.850,254,1,36,001d/32,0,122,001d,32,0,0,1,1
pass=A;cert=ec;rtt=50;model=ge;p=0.05;dir=both,143,full,X25519,15,1067.468,51.660,1119.128,254,1,36,001d/32,0,122,001d,32,0,0,1,1
pass=A;cert=ec;rtt=50;model=ge;p=0.05;dir=both,144,full,X25519,15,50.931,51.977,102.908,254,1,36,001d/32,0,122,001d,32,0,0,0,1
pass=A;cert=ec;rtt=50;model=ge;p=0.05;dir=both,145,full,X25519,15,50.475,51.599,102.074,254,1,36,001d/32,0,122,001d,32,0,0,0,1
pass=A;cert=ec;rtt=50;model=ge;p=0.05;dir=both,146,full,X25519,15,3102.953,51.993,3154.947,254,1,36,001d/32,0,122,001d,32,0,0,3,1
pass=A;cert=ec;rtt=50;model=ge;p=0.05;dir=both,147,full,X25519,15,50.418,51.557,101.975,254,1,36,001d/32,0,122,001d,32,0,0,0,1
pass=A;cert=ec;rtt=50;model=ge;p=0.05;dir=both,148,full,X25519,15,50.616,51.602,102.218,254,1,36,001d/32,0,122,001d,32,0,0,0,1
pass=A;cert=ec;rtt=50;model=ge;p=0.05;dir=both,149,full,X25519,15,1055.479,51.796,1107.275,254,1,36,001d/32,0,122,001d,32,0,0,1,1
pass=A;cert=ec;rtt=50;model=ge;p=0.05;dir=both,0,full,X25519MLKEM768:X25519,15,50.601,56.762,107.363,1440,1,1220,11ec/1216,0,1210,11ec,1120,0,0,0,1
pass=A;cert=ec;rtt=50;model=ge;p=0.05;dir=both,1,full,X25519MLKEM768:X25519,15,50.456,384.751,435.207,1440,1,1220,11ec/1216,0,1210,11ec,1120,0,0,1,1
pass=A;cert=ec;rtt=50;model=ge;p=0.05;dir=both,2,full,X25519MLKEM768:X25519,15,50.523,371.022,421.545,1440,1,1220,11ec/1216,0,1210,11ec,1120,0,0,0,1
pass=A;cert=ec;rtt=50;model=ge;p=0.05;dir=both,3,full,X25519MLKEM768:X25519,15,50.530,53.006,103.536,1440,1,1220,11ec/1216,0,1210,11ec,1120,0,0,0,1
pass=A;cert=ec;rtt=50;model=ge;p=0.05;dir=both,4,full,X25519MLKEM768:X25519,15,50.455,51.992,102.447,1440,1,1220,11ec/1216,0,1210,11ec,1120,0,0,0,1
pass=A;cert=ec;rtt=50;model=ge;p=0.05;dir=both,5,full,X25519MLKEM768:X25519,15,50.390,69.254,119.644,1440,1,1220,11ec/1216,0,1210,11ec,1120,0,0,0,1
pass=A;cert=ec;rtt=50;model=ge;p=0.05;dir=both,6,full,X25519MLKEM768:X25519,15,50.473,52.150,102.623,1440,1,1220,11ec/1216,0,1210,11ec,1120,0,0,0,1
pass=A;cert=ec;rtt=50;model=ge;p=0.05;dir=both,7,full,X25519MLKEM768:X25519,15,50.483,52.065,102.549,1440,1,1220,11ec/1216,0,1210,11ec,1120,0,0,0,1
pass=A;cert=ec;rtt=50;model=ge;p=0.05;dir=both,8,full,X25519MLKEM768:X25519,15,50.415,52.084,102.499,1440,1,1220,11ec/1216,0,1210,11ec,1120,0,0,0,1
pass=A;cert=ec;rtt=50;model=ge;p=0.05;dir=both,9,full,X25519MLKEM768:X25519,15,50.432,52.150,102.583,1440,1,1220,11ec/1216,0,1210,11ec,1120,0,0,0,1
pass=A;cert=ec;rtt=50;model=ge;p=0.05;dir=both,10,full,X25519MLKEM768:X25519,15,50.500,51.988,102.488,1440,1,1220,11ec/1216,0,1210,11ec,1120,0,0,0,1
pass=A;cert=ec;rtt=50;model=ge;p=0.05;dir=both,11,full,X25519MLKEM768:X25519,15,50.515,52.213,102.728,1440,1,1220,11ec/1216,0,1210,11ec,1120,0,0,0,1
pass=A;cert=ec;rtt=50;model=ge;p=0.05;dir=both,12,full,X25519MLKEM768:X25519,15,50.442,51.798,102.240,1440,1,1220,11ec/1216,0,1210,11ec,1120,0,0,0,1
pass=A;cert=ec;rtt=50;model=ge;p=0.05;dir=both,13,full,X25519MLKEM768:X25519,15,50.460,51.908,102.369,1440,1,1220,11ec/1216,0,1210,11ec,1120,0,0,0,1
pass=A;cert=ec;rtt=50;model=ge;p=0.05;dir=both,14,full,X25519MLKEM768:X25519,15,50.598,370.253,420.851,1440,1,1220,11ec/1216,0,1210,11ec,1120,0,0,0,1
pass=A;cert=ec;rtt=50;model=ge;p=0.05;dir=both,15,full,X25519MLKEM768:X25519,15,50.487,52.051,102.538,1440,1,1220,11ec/1216,0,1210,11ec,1120,0,0,0,1
pass=A;cert=ec;rtt=50;model=ge;p=0.05;dir=both,16,full,X25519MLKEM768:X25519,15,50.483,51.938,102.421,1440,1,1220,11ec/1216,0,1210,11ec,1120,0,0,0,1
pass=A;cert=ec;rtt=50;model=ge;p=0.05;dir=both,17,full,X25519MLKEM768:X25519,15,50.483,51.824,102.307,1440,1,1220,11ec/1216,0,1210,11ec,1120,0,0,0,1
pass=A;cert=ec;rtt=50;model=ge;p=0.05;dir=both,18,full,X25519MLKEM768:X25519,15,50.484,52.023,102.507,1440,1,1220,11ec/1216,0,1210,11ec,1120,0,0,0,1
pass=A;cert=ec;rtt=50;model=ge;p=0.05;dir=both,19,full,X25519MLKEM768:X25519,15,50.445,364.736,415.181,1440,1,1220,11ec/1216,0,1210,11ec,1120,0,0,1,1
pass=A;cert=ec;rtt=50;model=ge;p=0.05;dir=both,20,full,X25519MLKEM768:X25519,15,50.557,52.288,102.844,1440,1,1220,11ec/1216,0,1210,11ec,1120,0,0,0,1
pass=A;cert=ec;rtt=50;model=ge;p=0.05;dir=both,21,full,X25519MLKEM768:X25519,15,50.506,52.178,102.684,1440,1,1220,11ec/1216,0,1210,11ec,1120,0,0,0,1
pass=A;cert=ec;rtt=50;model=ge;p=0.05;dir=both,22,full,X25519MLKEM768:X25519,15,50.407,51.866,102.273,1440,1,1220,11ec/1216,0,1210,11ec,1120,0,0,0,1
pass=A;cert=ec;rtt=50;model=ge;p=0.05;dir=both,23,full,X25519MLKEM768:X25519,15,50.660,53.327,103.987,1440,1,1220,11ec/1216,0,1210,11ec,1120,0,0,0,1
pass=A;cert=ec;rtt=50;model=ge;p=0.05;dir=both,24,full,X25519MLKEM768:X25519,15,50.394,52.335,102.729,1440,1,1220,11ec/1216,0,1210,11ec,1120,0,0,0,1
pass=A;cert=ec;rtt=50;model=ge;p=0.05;dir=both,25,full,X25519MLKEM768:X25519,15,50.604,1136.101,1186.705,1440,1,1220,11ec/1216,0,1210,11ec,1120,0,0,0,1
pass=A;cert=ec;rtt=50;model=ge;p=0.05;dir=both,26,full,X25519MLKEM768:X25519,15,50.471,52.415,102.887,1440,1,1220,11ec/1216,0,1210,11ec,1120,0,0,0,1
pass=A;cert=ec;rtt=50;model=ge;p=0.05;dir=both,27,full,X25519MLKEM768:X25519,15,50.473,51.971,102.444,1440,1,1220,11ec/1216,0,1210,11ec,1120,0,0,0,1
pass=A;cert=ec;rtt=50;model=ge;p=0.05;dir=both,28,full,X25519MLKEM768:X25519,15,50.513,51.911,102.424,1440,1,1220,11ec/1216,0,1210,11ec,1120,0,0,0,1
pass=A;cert=ec;rtt=50;model=ge;p=0.05;dir=both,29,full,X25519MLKEM768:X25519,15,50.438,52.023,102.461,1440,1,1220,11ec/1216,0,1210,11ec,1120,0,0,0,1
pass=A;cert=ec;rtt=50;model=ge;p=0.05;dir=both,30,full,X25519MLKEM768:X25519,15,50.466,51.775,102.241,1440,1,1220,11ec/1216,0,1210,11ec,1120,0,0,0,1
pass=A;cert=ec;rtt=50;model=ge;p=0.05;dir=both,31,full,X25519MLKEM768:X25519,15,50.452,52.071,102.523,1440,1,1220,11ec/1216,0,1210,11ec,1120,0,0,0,1
pass=A;cert=ec;rtt=50;model=ge;p=0.05;dir=both,32,full,X25519MLKEM768:X25519,15,50.476,51.993,102.469,1440,1,1220,11ec/1216,0,1210,11ec,1120,0,0,0,1
pass=A;cert=ec;rtt=50;model=ge;p=0.05;dir=both,33,full,X25519MLKEM768:X25519,15,50.581,52.057,102.638,1440,1,1220,11ec/1216,0,1210,11ec,1120,0,0,0,1
pass=A;cert=ec;rtt=50;model=ge;p=0.05;dir=both,34,full,X25519MLKEM768:X25519,15,50.469,52.249,102.718,1440,1,1220,11ec/1216,0,1210,11ec,1120,0,0,0,1
pass=A;cert=ec;rtt=50;model=ge;p=0.05;dir=both,35,full,X25519MLKEM768:X25519,15,1052.690,51.843,1104.533,1440,1,1220,11ec/1216,0,1210,11ec,1120,0,0,1,1
pass=A;cert=ec;rtt=50;model=ge;p=0.05;dir=both,36,full,X25519MLKEM768:X25519,15,50.458,52.424,102.882,1440,1,1220,11ec/1216,0,1210,11ec,1120,0,0,0,1
pass=A;cert=ec;rtt=50;model=ge;p=0.05;dir=both,37,full,X25519MLKEM768:X25519,15,50.443,52.196,102.638,1440,1,1220,11ec/1216,0,1210,11ec,1120,0,0,0,1
pass=A;cert=ec;rtt=50;model=ge;p=0.05;dir=both,38,full,X25519MLKEM768:X25519,15,50.476,51.885,102.361,1440,1,1220,11ec/1216,0,1210,11ec,1120,0,0,0,1
pass=A;cert=ec;rtt=50;model=ge;p=0.05;dir=both,39,full,X25519MLKEM768:X25519,15,50.538,51.947,102.485,1440,1,1220,11ec/1216,0,1210,11ec,1120,0,0,0,1
pass=A;cert=ec;rtt=50;model=ge;p=0.05;dir=both,40,full,X25519MLKEM768:X25519,15,1073.133,51.823,1124.956,1440,1,1220,11ec/1216,0,1210,11ec,1120,0,0,1,1
pass=A;cert=ec;rtt=50;model=ge;p=0.05;dir=both,41,full,X25519MLKEM768:X25519,15,50.496,53.523,104.019,1440,1,1220,11ec/1216,0,1210,11ec,1120,0,0,0,1
pass=A;cert=ec;rtt=50;model=ge;p=0.05;dir=both,42,full,X25519MLKEM768:X25519,15,50.615,632.466,683.082,1440,1,1220,11ec/1216,0,1210,11ec,1120,0,0,0,1
pass=A;cert=ec;rtt=50;model=ge;p=0.05;dir=both,43,full,X25519MLKEM768:X25519,15,50.536,51.959,102.495,1440,1,1220,11ec/1216,0,1210,11ec,1120,0,0,0,1
pass=A;cert=ec;rtt=50;model=ge;p=0.05;dir=both,44,full,X25519MLKEM768:X25519,15,1074.096,53.757,1127.852,1440,1,1220,11ec/1216,0,1210,11ec,1120,0,0,1,1
pass=A;cert=ec;rtt=50;model=ge;p=0.05;dir=both,45,full,X25519MLKEM768:X25519,15,1066.156,614.972,1681.128,1440,1,1220,11ec/1216,0,1210,11ec,1120,0,0,1,1
pass=A;cert=ec;rtt=50;model=ge;p=0.05;dir=both,46,full,X25519MLKEM768:X25519,15,1080.844,51.804,1132.648,1440,1,1220,11ec/1216,0,1210,11ec,1120,0,0,1,1
pass=A;cert=ec;rtt=50;model=ge;p=0.05;dir=both,47,full,X25519MLKEM768:X25519,15,50.501,52.442,102.943,1440,1,1220,11ec/1216,0,1210,11ec,1120,0,0,0,1
pass=A;cert=ec;rtt=50;model=ge;p=0.05;dir=both,48,full,X25519MLKEM768:X25519,15,50.526,52.216,102.743,1440,1,1220,11ec/1216,0,1210,11ec,1120,0,0,0,1
pass=A;cert=ec;rtt=50;model=ge;p=0.05;dir=both,49,full,X25519MLKEM768:X25519,15,52.217,71.526,123.744,1440,1,1220,11ec/1216,0,1210,11ec,1120,0,0,0,1
pass=A;cert=ec;rtt=50;model=ge;p=0.05;dir=both,50,full,X25519MLKEM768:X25519,15,50.504,51.988,102.492,1440,1,1220,11ec/1216,0,1210,11ec,1120,0,0,0,1
pass=A;cert=ec;rtt=50;model=ge;p=0.05;dir=both,51,full,X25519MLKEM768:X25519,15,50.497,52.207,102.704,1440,1,1220,11ec/1216,0,1210,11ec,1120,0,0,0,1
pass=A;cert=ec;rtt=50;model=ge;p=0.05;dir=both,52,full,X25519MLKEM768:X25519,15,50.582,2083.130,2133.712,1440,1,1220,11ec/1216,0,1210,11ec,1120,0,0,2,1
pass=A;cert=ec;rtt=50;model=ge;p=0.05;dir=both,53,full,X25519MLKEM768:X25519,15,52.810,51.839,104.649,1440,1,1220,11ec/1216,0,1210,11ec,1120,0,0,0,1
pass=A;cert=ec;rtt=50;model=ge;p=0.05;dir=both,54,full,X25519MLKEM768:X25519,15,1084.371,52.102,1136.473,1440,1,1220,11ec/1216,0,1210,11ec,1120,0,0,1,1
pass=A;cert=ec;rtt=50;model=ge;p=0.05;dir=both,55,full,X25519MLKEM768:X25519,15,50.475,52.001,102.476,1440,1,1220,11ec/1216,0,1210,11ec,1120,0,0,0,1
pass=A;cert=ec;rtt=50;model=ge;p=0.05;dir=both,56,full,X25519MLKEM768:X25519,15,50.605,51.835,102.440,1440,1,1220,11ec/1216,0,1210,11ec,1120,0,0,0,1
pass=A;cert=ec;rtt=50;model=ge;p=0.05;dir=both,57,full,X25519MLKEM768:X25519,15,1054.949,103.098,1158.047,1440,1,1220,11ec/1216,0,1210,11ec,1120,0,0,1,1
pass=A;cert=ec;rtt=50;model=ge;p=0.05;dir=both,58,full,X25519MLKEM768:X25519,15,50.453,52.440,102.893,1440,1,1220,11ec/1216,0,1210,11ec,1120,0,0,0,1
pass=A;cert=ec;rtt=50;model=ge;p=0.05;dir=both,59,full,X25519MLKEM768:X25519,15,50.541,51.799,102.340,1440,1,1220,11ec/1216,0,1210,11ec,1120,0,0,0,1
pass=A;cert=ec;rtt=50;model=ge;p=0.05;dir=both,60,full,X25519MLKEM768:X25519,15,50.493,51.808,102.301,1440,1,1220,11ec/1216,0,1210,11ec,1120,0,0,0,1
pass=A;cert=ec;rtt=50;model=ge;p=0.05;dir=both,61,full,X25519MLKEM768:X25519,15,50.364,51.947,102.311,1440,1,1220,11ec/1216,0,1210,11ec,1120,0,0,0,1
pass=A;cert=ec;rtt=50;model=ge;p=0.05;dir=both,62,full,X25519MLKEM768:X25519,15,50.432,51.795,102.228,1440,1,1220,11ec/1216,0,1210,11ec,1120,0,0,0,1
pass=A;cert=ec;rtt=50;model=ge;p=0.05;dir=both,63,full,X25519MLKEM768:X25519,15,50.584,52.023,102.608,1440,1,1220,11ec/1216,0,1210,11ec,1120,0,0,0,1
pass=A;cert=ec;rtt=50;model=ge;p=0.05;dir=both,64,full,X25519MLKEM768:X25519,15,50.417,83.321,133.738,1440,1,1220,11ec/1216,0,1210,11ec,1120,0,0,0,1
pass=A;cert=ec;rtt=50;model=ge;p=0.05;dir=both,65,full,X25519MLKEM768:X25519,15,50.522,52.090,102.611,1440,1,1220,11ec/1216,0,1210,11ec,1120,0,0,0,1
pass=A;cert=ec;rtt=50;model=ge;p=0.05;dir=both,66,full,X25519MLKEM768:X25519,15,50.554,52.470,103.024,1440,1,1220,11ec/1216,0,1210,11ec,1120,0,0,0,1
pass=A;cert=ec;rtt=50;model=ge;p=0.05;dir=both,67,full,X25519MLKEM768:X25519,15,50.600,52.136,102.736,1440,1,1220,11ec/1216,0,1210,11ec,1120,0,0,0,1
pass=A;cert=ec;rtt=50;model=ge;p=0.05;dir=both,68,full,X25519MLKEM768:X25519,15,50.516,53.836,104.352,1440,1,1220,11ec/1216,0,1210,11ec,1120,0,0,0,1
pass=A;cert=ec;rtt=50;model=ge;p=0.05;dir=both,69,full,X25519MLKEM768:X25519,15,50.437,52.297,102.735,1440,1,1220,11ec/1216,0,1210,11ec,1120,0,0,0,1
pass=A;cert=ec;rtt=50;model=ge;p=0.05;dir=both,70,full,X25519MLKEM768:X25519,15,51.156,998.706,1049.863,1440,1,1220,11ec/1216,0,1210,11ec,1120,0,0,1,1
pass=A;cert=ec;rtt=50;model=ge;p=0.05;dir=both,71,full,X25519MLKEM768:X25519,15,50.347,51.802,102.149,1440,1,1220,11ec/1216,0,1210,11ec,1120,0,0,0,1
pass=A;cert=ec;rtt=50;model=ge;p=0.05;dir=both,72,full,X25519MLKEM768:X25519,15,50.430,51.897,102.327,1440,1,1220,11ec/1216,0,1210,11ec,1120,0,0,0,1
pass=A;cert=ec;rtt=50;model=ge;p=0.05;dir=both,73,full,X25519MLKEM768:X25519,15,1081.570,52.250,1133.820,1440,1,1220,11ec/1216,0,1210,11ec,1120,0,0,1,1
pass=A;cert=ec;rtt=50;model=ge;p=0.05;dir=both,74,full,X25519MLKEM768:X25519,15,50.537,52.275,102.812,1440,1,1220,11ec/1216,0,1210,11ec,1120,0,0,0,1
pass=A;cert=ec;rtt=50;model=ge;p=0.05;dir=both,75,full,X25519MLKEM768:X25519,15,1060.667,52.220,1112.887,1440,1,1220,11ec/1216,0,1210,11ec,1120,0,0,1,1
pass=A;cert=ec;rtt=50;model=ge;p=0.05;dir=both,76,full,X25519MLKEM768:X25519,15,50.512,52.139,102.650,1440,1,1220,11ec/1216,0,1210,11ec,1120,0,0,0,1
pass=A;cert=ec;rtt=50;model=ge;p=0.05;dir=both,77,full,X25519MLKEM768:X25519,15,50.434,51.829,102.263,1440,1,1220,11ec/1216,0,1210,11ec,1120,0,0,0,1
pass=A;cert=ec;rtt=50;model=ge;p=0.05;dir=both,78,full,X25519MLKEM768:X25519,15,50.460,51.903,102.363,1440,1,1220,11ec/1216,0,1210,11ec,1120,0,0,0,1
pass=A;cert=ec;rtt=50;model=ge;p=0.05;dir=both,79,full,X25519MLKEM768:X25519,15,50.455,52.416,102.871,1440,1,1220,11ec/1216,0,1210,11ec,1120,0,0,0,1
pass=A;cert=ec;rtt=50;model=ge;p=0.05;dir=both,80,full,X25519MLKEM768:X25519,15,50.395,51.900,102.295,1440,1,1220,11ec/1216,0,1210,11ec,1120,0,0,0,1
pass=A;cert=ec;rtt=50;model=ge;p=0.05;dir=both,81,full,X25519MLKEM768:X25519,15,50.443,52.019,102.462,1440,1,1220,11ec/1216,0,1210,11ec,1120,0,0,0,1
pass=A;cert=ec;rtt=50;model=ge;p=0.05;dir=both,82,full,X25519MLKEM768:X25519,15,50.456,51.868,102.324,1440,1,1220,11ec/1216,0,1210,11ec,1120,0,0,0,1
pass=A;cert=ec;rtt=50;model=ge;p=0.05;dir=both,83,full,X25519MLKEM768:X25519,15,1053.444,359.137,1412.581,1440,1,1220,11ec/1216,0,1210,11ec,1120,0,0,1,1
pass=A;cert=ec;rtt=50;model=ge;p=0.05;dir=both,84,full,X25519MLKEM768:X25519,15,50.619,52.034,102.653,1440,1,1220,11ec/1216,0,1210,11ec,1120,0,0,0,1
pass=A;cert=ec;rtt=50;model=ge;p=0.05;dir=both,85,full,X25519MLKEM768:X25519,15,50.465,52.044,102.509,1440,1,1220,11ec/1216,0,1210,11ec,1120,0,0,0,1
pass=A;cert=ec;rtt=50;model=ge;p=0.05;dir=both,86,full,X25519MLKEM768:X25519,15,1067.462,53.411,1120.873,1440,1,1220,11ec/1216,0,1210,11ec,1120,0,0,1,1
pass=A;cert=ec;rtt=50;model=ge;p=0.05;dir=both,87,full,X25519MLKEM768:X25519,15,50.541,51.735,102.276,1440,1,1220,11ec/1216,0,1210,11ec,1120,0,0,0,1
pass=A;cert=ec;rtt=50;model=ge;p=0.05;dir=both,88,full,X25519MLKEM768:X25519,15,56.117,51.967,108.085,1440,1,1220,11ec/1216,0,1210,11ec,1120,0,0,0,1
pass=A;cert=ec;rtt=50;model=ge;p=0.05;dir=both,89,full,X25519MLKEM768:X25519,15,1079.675,51.931,1131.606,1440,1,1220,11ec/1216,0,1210,11ec,1120,0,0,1,1
pass=A;cert=ec;rtt=50;model=ge;p=0.05;dir=both,90,full,X25519MLKEM768:X25519,15,50.434,378.986,429.420,1440,1,1220,11ec/1216,0,1210,11ec,1120,0,0,1,1
pass=A;cert=ec;rtt=50;model=ge;p=0.05;dir=both,91,full,X25519MLKEM768:X25519,15,50.578,119.246,169.825,1440,1,1220,11ec/1216,0,1210,11ec,1120,0,0,0,1
pass=A;cert=ec;rtt=50;model=ge;p=0.05;dir=both,92,full,X25519MLKEM768:X25519,15,50.520,51.889,102.409,1440,1,1220,11ec/1216,0,1210,11ec,1120,0,0,0,1
pass=A;cert=ec;rtt=50;model=ge;p=0.05;dir=both,93,full,X25519MLKEM768:X25519,15,50.437,52.004,102.441,1440,1,1220,11ec/1216,0,1210,11ec,1120,0,0,0,1
pass=A;cert=ec;rtt=50;model=ge;p=0.05;dir=both,94,full,X25519MLKEM768:X25519,15,50.504,1878.052,1928.556,1440,1,1220,11ec/1216,0,1210,11ec,1120,0,0,2,1
pass=A;cert=ec;rtt=50;model=ge;p=0.05;dir=both,95,full,X25519MLKEM768:X25519,15,50.438,51.979,102.417,1440,1,1220,11ec/1216,0,1210,11ec,1120,0,0,0,1
pass=A;cert=ec;rtt=50;model=ge;p=0.05;dir=both,96,full,X25519MLKEM768:X25519,15,50.476,52.363,102.839,1440,1,1220,11ec/1216,0,1210,11ec,1120,0,0,0,1
pass=A;cert=ec;rtt=50;model=ge;p=0.05;dir=both,97,full,X25519MLKEM768:X25519,15,50.462,52.331,102.794,1440,1,1220,11ec/1216,0,1210,11ec,1120,0,0,0,1
pass=A;cert=ec;rtt=50;model=ge;p=0.05;dir=both,98,full,X25519MLKEM768:X25519,15,50.533,51.882,102.415,1440,1,1220,11ec/1216,0,1210,11ec,1120,0,0,0,1
pass=A;cert=ec;rtt=50;model=ge;p=0.05;dir=both,99,full,X25519MLKEM768:X25519,15,50.555,52.304,102.859,1440,1,1220,11ec/1216,0,1210,11ec,1120,0,0,0,1
pass=A;cert=ec;rtt=50;model=ge;p=0.05;dir=both,100,full,X25519MLKEM768:X25519,15,50.474,51.981,102.455,1440,1,1220,11ec/1216,0,1210,11ec,1120,0,0,0,1
pass=A;cert=ec;rtt=50;model=ge;p=0.05;dir=both,101,full,X25519MLKEM768:X25519,15,50.490,52.105,102.595,1440,1,1220,11ec/1216,0,1210,11ec,1120,0,0,0,1
pass=A;cert=ec;rtt=50;model=ge;p=0.05;dir=both,102,full,X25519MLKEM768:X25519,15,50.571,119.988,170.559,1440,1,1220,11ec/1216,0,1210,11ec,1120,0,0,0,1
pass=A;cert=ec;rtt=50;model=ge;p=0.05;dir=both,103,full,X25519MLKEM768:X25519,15,50.470,51.756,102.227,1440,1,1220,11ec/1216,0,1210,11ec,1120,0,0,0,1
pass=A;cert=ec;rtt=50;model=ge;p=0.05;dir=both,104,full,X25519MLKEM768:X25519,15,50.604,51.864,102.468,1440,1,1220,11ec/1216,0,1210,11ec,1120,0,0,0,1
pass=A;cert=ec;rtt=50;model=ge;p=0.05;dir=both,105,full,X25519MLKEM768:X25519,15,1054.212,101.999,1156.211,1440,1,1220,11ec/1216,0,1210,11ec,1120,0,0,1,1
pass=A;cert=ec;rtt=50;model=ge;p=0.05;dir=both,106,full,X25519MLKEM768:X25519,15,50.447,52.070,102.517,1440,1,1220,11ec/1216,0,1210,11ec,1120,0,0,0,1
pass=A;cert=ec;rtt=50;model=ge;p=0.05;dir=both,107,full,X25519MLKEM768:X25519,15,50.474,51.999,102.473,1440,1,1220,11ec/1216,0,1210,11ec,1120,0,0,0,1
pass=A;cert=ec;rtt=50;model=ge;p=0.05;dir=both,108,full,X25519MLKEM768:X25519,15,50.314,415.116,465.430,1440,1,1220,11ec/1216,0,1210,11ec,1120,0,0,0,1
pass=A;cert=ec;rtt=50;model=ge;p=0.05;dir=both,109,full,X25519MLKEM768:X25519,15,50.465,51.848,102.313,1440,1,1220,11ec/1216,0,1210,11ec,1120,0,0,0,1
pass=A;cert=ec;rtt=50;model=ge;p=0.05;dir=both,110,full,X25519MLKEM768:X25519,15,50.442,52.048,102.490,1440,1,1220,11ec/1216,0,1210,11ec,1120,0,0,0,1
pass=A;cert=ec;rtt=50;model=ge;p=0.05;dir=both,111,full,X25519MLKEM768:X25519,15,50.506,52.032,102.537,1440,1,1220,11ec/1216,0,1210,11ec,1120,0,0,0,1
pass=A;cert=ec;rtt=50;model=ge;p=0.05;dir=both,112,full,X25519MLKEM768:X25519,15,1056.647,51.997,1108.644,1440,1,1220,11ec/1216,0,1210,11ec,1120,0,0,1,1
pass=A;cert=ec;rtt=50;model=ge;p=0.05;dir=both,113,full,X25519MLKEM768:X25519,15,50.526,51.843,102.369,1440,1,1220,11ec/1216,0,1210,11ec,1120,0,0,0,1
pass=A;cert=ec;rtt=50;model=ge;p=0.05;dir=both,114,full,X25519MLKEM768:X25519,15,50.430,52.251,102.681,1440,1,1220,11ec/1216,0,1210,11ec,1120,0,0,0,1
pass=A;cert=ec;rtt=50;model=ge;p=0.05;dir=both,115,full,X25519MLKEM768:X25519,15,50.539,365.419,415.957,1440,1,1220,11ec/1216,0,1210,11ec,1120,0,0,1,1
pass=A;cert=ec;rtt=50;model=ge;p=0.05;dir=both,116,full,X25519MLKEM768:X25519,15,50.542,4941.253,4991.795,1440,1,1220,11ec/1216,0,1210,11ec,1120,0,0,3,1
pass=A;cert=ec;rtt=50;model=ge;p=0.05;dir=both,117,full,X25519MLKEM768:X25519,15,50.492,52.064,102.556,1440,1,1220,11ec/1216,0,1210,11ec,1120,0,0,0,1
pass=A;cert=ec;rtt=50;model=ge;p=0.05;dir=both,118,full,X25519MLKEM768:X25519,15,50.449,51.891,102.340,1440,1,1220,11ec/1216,0,1210,11ec,1120,0,0,0,1
pass=A;cert=ec;rtt=50;model=ge;p=0.05;dir=both,119,full,X25519MLKEM768:X25519,15,50.502,51.943,102.445,1440,1,1220,11ec/1216,0,1210,11ec,1120,0,0,0,1
pass=A;cert=ec;rtt=50;model=ge;p=0.05;dir=both,120,full,X25519MLKEM768:X25519,15,1066.898,52.453,1119.351,1440,1,1220,11ec/1216,0,1210,11ec,1120,0,0,1,1
pass=A;cert=ec;rtt=50;model=ge;p=0.05;dir=both,121,full,X25519MLKEM768:X25519,15,50.455,51.823,102.278,1440,1,1220,11ec/1216,0,1210,11ec,1120,0,0,0,1
pass=A;cert=ec;rtt=50;model=ge;p=0.05;dir=both,122,full,X25519MLKEM768:X25519,15,50.416,51.999,102.415,1440,1,1220,11ec/1216,0,1210,11ec,1120,0,0,0,1
pass=A;cert=ec;rtt=50;model=ge;p=0.05;dir=both,123,full,X25519MLKEM768:X25519,15,50.486,51.814,102.300,1440,1,1220,11ec/1216,0,1210,11ec,1120,0,0,0,1
pass=A;cert=ec;rtt=50;model=ge;p=0.05;dir=both,124,full,X25519MLKEM768:X25519,15,50.416,51.813,102.230,1440,1,1220,11ec/1216,0,1210,11ec,1120,0,0,0,1
pass=A;cert=ec;rtt=50;model=ge;p=0.05;dir=both,125,full,X25519MLKEM768:X25519,15,50.440,51.826,102.266,1440,1,1220,11ec/1216,0,1210,11ec,1120,0,0,0,1
pass=A;cert=ec;rtt=50;model=ge;p=0.05;dir=both,126,full,X25519MLKEM768:X25519,15,50.556,156.856,207.412,1440,1,1220,11ec/1216,0,1210,11ec,1120,0,0,0,1
pass=A;cert=ec;rtt=50;model=ge;p=0.05;dir=both,127,full,X25519MLKEM768:X25519,15,50.407,70.623,121.030,1440,1,1220,11ec/1216,0,1210,11ec,1120,0,0,0,1
pass=A;cert=ec;rtt=50;model=ge;p=0.05;dir=both,128,full,X25519MLKEM768:X25519,15,50.586,369.362,419.948,1440,1,1220,11ec/1216,0,1210,11ec,1120,0,0,1,1
pass=A;cert=ec;rtt=50;model=ge;p=0.05;dir=both,129,full,X25519MLKEM768:X25519,15,50.547,52.251,102.798,1440,1,1220,11ec/1216,0,1210,11ec,1120,0,0,0,1
pass=A;cert=ec;rtt=50;model=ge;p=0.05;dir=both,130,full,X25519MLKEM768:X25519,15,50.435,51.732,102.167,1440,1,1220,11ec/1216,0,1210,11ec,1120,0,0,0,1
pass=A;cert=ec;rtt=50;model=ge;p=0.05;dir=both,131,full,X25519MLKEM768:X25519,15,51.042,121.724,172.766,1440,1,1220,11ec/1216,0,1210,11ec,1120,0,0,0,1
pass=A;cert=ec;rtt=50;model=ge;p=0.05;dir=both,132,full,X25519MLKEM768:X25519,15,50.551,51.969,102.520,1440,1,1220,11ec/1216,0,1210,11ec,1120,0,0,0,1
pass=A;cert=ec;rtt=50;model=ge;p=0.05;dir=both,133,full,X25519MLKEM768:X25519,15,50.489,51.979,102.469,1440,1,1220,11ec/1216,0,1210,11ec,1120,0,0,0,1
pass=A;cert=ec;rtt=50;model=ge;p=0.05;dir=both,134,full,X25519MLKEM768:X25519,15,50.560,51.914,102.474,1440,1,1220,11ec/1216,0,1210,11ec,1120,0,0,0,1
pass=A;cert=ec;rtt=50;model=ge;p=0.05;dir=both,135,full,X25519MLKEM768:X25519,15,2096.443,51.822,2148.265,1440,1,1220,11ec/1216,0,1210,11ec,1120,0,0,2,1
pass=A;cert=ec;rtt=50;model=ge;p=0.05;dir=both,136,full,X25519MLKEM768:X25519,15,50.430,51.768,102.197,1440,1,1220,11ec/1216,0,1210,11ec,1120,0,0,0,1
pass=A;cert=ec;rtt=50;model=ge;p=0.05;dir=both,137,full,X25519MLKEM768:X25519,15,51.263,51.883,103.146,1440,1,1220,11ec/1216,0,1210,11ec,1120,0,0,0,1
pass=A;cert=ec;rtt=50;model=ge;p=0.05;dir=both,138,full,X25519MLKEM768:X25519,15,50.460,51.956,102.416,1440,1,1220,11ec/1216,0,1210,11ec,1120,0,0,0,1
pass=A;cert=ec;rtt=50;model=ge;p=0.05;dir=both,139,full,X25519MLKEM768:X25519,15,50.453,51.738,102.191,1440,1,1220,11ec/1216,0,1210,11ec,1120,0,0,0,1
pass=A;cert=ec;rtt=50;model=ge;p=0.05;dir=both,140,full,X25519MLKEM768:X25519,15,50.484,52.041,102.524,1440,1,1220,11ec/1216,0,1210,11ec,1120,0,0,0,1
pass=A;cert=ec;rtt=50;model=ge;p=0.05;dir=both,141,full,X25519MLKEM768:X25519,15,1066.960,51.840,1118.799,1440,1,1220,11ec/1216,0,1210,11ec,1120,0,0,1,1
pass=A;cert=ec;rtt=50;model=ge;p=0.05;dir=both,142,full,X25519MLKEM768:X25519,15,50.416,53.388,103.804,1440,1,1220,11ec/1216,0,1210,11ec,1120,0,0,0,1
pass=A;cert=ec;rtt=50;model=ge;p=0.05;dir=both,143,full,X25519MLKEM768:X25519,15,50.476,52.307,102.783,1440,1,1220,11ec/1216,0,1210,11ec,1120,0,0,0,1
pass=A;cert=ec;rtt=50;model=ge;p=0.05;dir=both,144,full,X25519MLKEM768:X25519,15,50.449,657.931,708.379,1440,1,1220,11ec/1216,0,1210,11ec,1120,0,0,0,1
pass=A;cert=ec;rtt=50;model=ge;p=0.05;dir=both,145,full,X25519MLKEM768:X25519,15,50.426,53.377,103.803,1440,1,1220,11ec/1216,0,1210,11ec,1120,0,0,0,1
pass=A;cert=ec;rtt=50;model=ge;p=0.05;dir=both,146,full,X25519MLKEM768:X25519,15,50.723,51.834,102.558,1440,1,1220,11ec/1216,0,1210,11ec,1120,0,0,0,1
pass=A;cert=ec;rtt=50;model=ge;p=0.05;dir=both,147,full,X25519MLKEM768:X25519,15,50.693,52.531,103.224,1440,1,1220,11ec/1216,0,1210,11ec,1120,0,0,0,1
pass=A;cert=ec;rtt=50;model=ge;p=0.05;dir=both,148,full,X25519MLKEM768:X25519,15,50.513,52.119,102.632,1440,1,1220,11ec/1216,0,1210,11ec,1120,0,0,0,1
pass=A;cert=ec;rtt=50;model=ge;p=0.05;dir=both,149,full,X25519MLKEM768:X25519,15,50.411,120.805,171.217,1440,1,1220,11ec/1216,0,1210,11ec,1120,0,0,0,1
