label,iter,mode,group_cfg,sni_len,t_tcp_ms,t_tls_ms,t_total_ms,ch_len,ch_ks_n,ch_ks_bytes,ch_groups,ch_psk,sh_len,sh_group,sh_ks_len,sh_psk,reused,retrans,ok
pass=C;cert=rsa;rtt=50;model=bernoulli;p=0.0;dir=both,0,full,X25519,15,50.494,53.578,104.072,254,1,36,001d/32,0,122,001d,32,0,0,0,1
pass=C;cert=rsa;rtt=50;model=bernoulli;p=0.0;dir=both,1,full,X25519,15,50.606,51.851,102.457,254,1,36,001d/32,0,122,001d,32,0,0,0,1
pass=C;cert=rsa;rtt=50;model=bernoulli;p=0.0;dir=both,2,full,X25519,15,50.454,51.830,102.284,254,1,36,001d/32,0,122,001d,32,0,0,0,1
pass=C;cert=rsa;rtt=50;model=bernoulli;p=0.0;dir=both,3,full,X25519,15,50.429,51.841,102.271,254,1,36,001d/32,0,122,001d,32,0,0,0,1
pass=C;cert=rsa;rtt=50;model=bernoulli;p=0.0;dir=both,4,full,X25519,15,50.437,51.803,102.241,254,1,36,001d/32,0,122,001d,32,0,0,0,1
pass=C;cert=rsa;rtt=50;model=bernoulli;p=0.0;dir=both,5,full,X25519,15,50.460,51.985,102.446,254,1,36,001d/32,0,122,001d,32,0,0,0,1
pass=C;cert=rsa;rtt=50;model=bernoulli;p=0.0;dir=both,6,full,X25519,15,50.428,51.970,102.398,254,1,36,001d/32,0,122,001d,32,0,0,0,1
pass=C;cert=rsa;rtt=50;model=bernoulli;p=0.0;dir=both,7,full,X25519,15,50.471,52.065,102.537,254,1,36,001d/32,0,122,001d,32,0,0,0,1
pass=C;cert=rsa;rtt=50;model=bernoulli;p=0.0;dir=both,8,full,X25519,15,50.575,52.380,102.955,254,1,36,001d/32,0,122,001d,32,0,0,0,1
pass=C;cert=rsa;rtt=50;model=bernoulli;p=0.0;dir=both,9,full,X25519,15,50.460,52.593,103.053,254,1,36,001d/32,0,122,001d,32,0,0,0,1
pass=C;cert=rsa;rtt=50;model=bernoulli;p=0.0;dir=both,10,full,X25519,15,50.617,51.671,102.288,254,1,36,001d/32,0,122,001d,32,0,0,0,1
pass=C;cert=rsa;rtt=50;model=bernoulli;p=0.0;dir=both,11,full,X25519,15,50.604,52.190,102.794,254,1,36,001d/32,0,122,001d,32,0,0,0,1
pass=C;cert=rsa;rtt=50;model=bernoulli;p=0.0;dir=both,12,full,X25519,15,50.786,51.992,102.778,254,1,36,001d/32,0,122,001d,32,0,0,0,1
pass=C;cert=rsa;rtt=50;model=bernoulli;p=0.0;dir=both,13,full,X25519,15,50.504,52.193,102.697,254,1,36,001d/32,0,122,001d,32,0,0,0,1
pass=C;cert=rsa;rtt=50;model=bernoulli;p=0.0;dir=both,14,full,X25519,15,50.483,52.258,102.741,254,1,36,001d/32,0,122,001d,32,0,0,0,1
pass=C;cert=rsa;rtt=50;model=bernoulli;p=0.0;dir=both,15,full,X25519,15,50.474,52.071,102.545,254,1,36,001d/32,0,122,001d,32,0,0,0,1
pass=C;cert=rsa;rtt=50;model=bernoulli;p=0.0;dir=both,16,full,X25519,15,57.172,52.372,109.544,254,1,36,001d/32,0,122,001d,32,0,0,0,1
pass=C;cert=rsa;rtt=50;model=bernoulli;p=0.0;dir=both,17,full,X25519,15,50.565,52.620,103.185,254,1,36,001d/32,0,122,001d,32,0,0,0,1
pass=C;cert=rsa;rtt=50;model=bernoulli;p=0.0;dir=both,18,full,X25519,15,50.387,51.762,102.148,254,1,36,001d/32,0,122,001d,32,0,0,0,1
pass=C;cert=rsa;rtt=50;model=bernoulli;p=0.0;dir=both,19,full,X25519,15,50.471,51.947,102.418,254,1,36,001d/32,0,122,001d,32,0,0,0,1
pass=C;cert=rsa;rtt=50;model=bernoulli;p=0.0;dir=both,20,full,X25519,15,50.518,51.836,102.354,254,1,36,001d/32,0,122,001d,32,0,0,0,1
pass=C;cert=rsa;rtt=50;model=bernoulli;p=0.0;dir=both,21,full,X25519,15,50.511,53.199,103.710,254,1,36,001d/32,0,122,001d,32,0,0,0,1
pass=C;cert=rsa;rtt=50;model=bernoulli;p=0.0;dir=both,22,full,X25519,15,50.468,52.052,102.520,254,1,36,001d/32,0,122,001d,32,0,0,0,1
pass=C;cert=rsa;rtt=50;model=bernoulli;p=0.0;dir=both,23,full,X25519,15,50.418,51.991,102.409,254,1,36,001d/32,0,122,001d,32,0,0,0,1
pass=C;cert=rsa;rtt=50;model=bernoulli;p=0.0;dir=both,24,full,X25519,15,50.486,51.988,102.474,254,1,36,001d/32,0,122,001d,32,0,0,0,1
pass=C;cert=rsa;rtt=50;model=bernoulli;p=0.0;dir=both,25,full,X25519,15,50.515,52.543,103.058,254,1,36,001d/32,0,122,001d,32,0,0,0,1
pass=C;cert=rsa;rtt=50;model=bernoulli;p=0.0;dir=both,26,full,X25519,15,50.570,52.426,102.995,254,1,36,001d/32,0,122,001d,32,0,0,0,1
pass=C;cert=rsa;rtt=50;model=bernoulli;p=0.0;dir=both,27,full,X25519,15,50.554,52.437,102.991,254,1,36,001d/32,0,122,001d,32,0,0,0,1
pass=C;cert=rsa;rtt=50;model=bernoulli;p=0.0;dir=both,28,full,X25519,15,50.584,52.200,102.783,254,1,36,001d/32,0,122,001d,32,0,0,0,1
pass=C;cert=rsa;rtt=50;model=bernoulli;p=0.0;dir=both,29,full,X25519,15,50.569,52.532,103.101,254,1,36,001d/32,0,122,001d,32,0,0,0,1
pass=C;cert=rsa;rtt=50;model=bernoulli;p=0.0;dir=both,30,full,X25519,15,50.439,52.428,102.867,254,1,36,001d/32,0,122,001d,32,0,0,0,1
pass=C;cert=rsa;rtt=50;model=bernoulli;p=0.0;dir=both,31,full,X25519,15,50.433,52.260,102.693,254,1,36,001d/32,0,122,001d,32,0,0,0,1
pass=C;cert=rsa;rtt=50;model=bernoulli;p=0.0;dir=both,32,full,X25519,15,50.466,52.234,102.700,254,1,36,001d/32,0,122,001d,32,0,0,0,1
pass=C;cert=rsa;rtt=50;model=bernoulli;p=0.0;dir=both,33,full,X25519,15,50.430,55.650,106.080,254,1,36,001d/32,0,122,001d,32,0,0,0,1
pass=C;cert=rsa;rtt=50;model=bernoulli;p=0.0;dir=both,34,full,X25519,15,50.440,51.877,102.317,254,1,36,001d/32,0,122,001d,32,0,0,0,1
pass=C;cert=rsa;rtt=50;model=bernoulli;p=0.0;dir=both,35,full,X25519,15,50.495,51.706,102.201,254,1,36,001d/32,0,122,001d,32,0,0,0,1
pass=C;cert=rsa;rtt=50;model=bernoulli;p=0.0;dir=both,36,full,X25519,15,50.482,52.079,102.561,254,1,36,001d/32,0,122,001d,32,0,0,0,1
pass=C;cert=rsa;rtt=50;model=bernoulli;p=0.0;dir=both,37,full,X25519,15,50.464,51.918,102.381,254,1,36,001d/32,0,122,001d,32,0,0,0,1
pass=C;cert=rsa;rtt=50;model=bernoulli;p=0.0;dir=both,38,full,X25519,15,50.490,51.953,102.442,254,1,36,001d/32,0,122,001d,32,0,0,0,1
pass=C;cert=rsa;rtt=50;model=bernoulli;p=0.0;dir=both,39,full,X25519,15,50.510,51.955,102.465,254,1,36,001d/32,0,122,001d,32,0,0,0,1
pass=C;cert=rsa;rtt=50;model=bernoulli;p=0.0;dir=both,40,full,X25519,15,50.516,52.273,102.789,254,1,36,001d/32,0,122,001d,32,0,0,0,1
pass=C;cert=rsa;rtt=50;model=bernoulli;p=0.0;dir=both,41,full,X25519,15,50.298,52.460,102.759,254,1,36,001d/32,0,122,001d,32,0,0,0,1
pass=C;cert=rsa;rtt=50;model=bernoulli;p=0.0;dir=both,42,full,X25519,15,50.459,52.367,102.826,254,1,36,001d/32,0,122,001d,32,0,0,0,1
pass=C;cert=rsa;rtt=50;model=bernoulli;p=0.0;dir=both,43,full,X25519,15,50.418,51.847,102.265,254,1,36,001d/32,0,122,001d,32,0,0,0,1
pass=C;cert=rsa;rtt=50;model=bernoulli;p=0.0;dir=both,44,full,X25519,15,50.483,52.100,102.583,254,1,36,001d/32,0,122,001d,32,0,0,0,1
pass=C;cert=rsa;rtt=50;model=bernoulli;p=0.0;dir=both,45,full,X25519,15,50.465,52.303,102.768,254,1,36,001d/32,0,122,001d,32,0,0,0,1
pass=C;cert=rsa;rtt=50;model=bernoulli;p=0.0;dir=both,46,full,X25519,15,50.459,51.834,102.293,254,1,36,001d/32,0,122,001d,32,0,0,0,1
pass=C;cert=rsa;rtt=50;model=bernoulli;p=0.0;dir=both,47,full,X25519,15,50.482,52.495,102.977,254,1,36,001d/32,0,122,001d,32,0,0,0,1
pass=C;cert=rsa;rtt=50;model=bernoulli;p=0.0;dir=both,48,full,X25519,15,50.422,52.093,102.514,254,1,36,001d/32,0,122,001d,32,0,0,0,1
pass=C;cert=rsa;rtt=50;model=bernoulli;p=0.0;dir=both,49,full,X25519,15,50.548,52.686,103.234,254,1,36,001d/32,0,122,001d,32,0,0,0,1
pass=C;cert=rsa;rtt=50;model=bernoulli;p=0.0;dir=both,50,full,X25519,15,50.551,52.571,103.122,254,1,36,001d/32,0,122,001d,32,0,0,0,1
pass=C;cert=rsa;rtt=50;model=bernoulli;p=0.0;dir=both,51,full,X25519,15,50.473,52.194,102.667,254,1,36,001d/32,0,122,001d,32,0,0,0,1
pass=C;cert=rsa;rtt=50;model=bernoulli;p=0.0;dir=both,52,full,X25519,15,50.418,52.111,102.529,254,1,36,001d/32,0,122,001d,32,0,0,0,1
pass=C;cert=rsa;rtt=50;model=bernoulli;p=0.0;dir=both,53,full,X25519,15,50.479,52.069,102.548,254,1,36,001d/32,0,122,001d,32,0,0,0,1
pass=C;cert=rsa;rtt=50;model=bernoulli;p=0.0;dir=both,54,full,X25519,15,50.689,52.100,102.789,254,1,36,001d/32,0,122,001d,32,0,0,0,1
pass=C;cert=rsa;rtt=50;model=bernoulli;p=0.0;dir=both,55,full,X25519,15,50.463,51.781,102.243,254,1,36,001d/32,0,122,001d,32,0,0,0,1
pass=C;cert=rsa;rtt=50;model=bernoulli;p=0.0;dir=both,56,full,X25519,15,50.484,51.979,102.463,254,1,36,001d/32,0,122,001d,32,0,0,0,1
pass=C;cert=rsa;rtt=50;model=bernoulli;p=0.0;dir=both,57,full,X25519,15,50.486,52.118,102.604,254,1,36,001d/32,0,122,001d,32,0,0,0,1
pass=C;cert=rsa;rtt=50;model=bernoulli;p=0.0;dir=both,58,full,X25519,15,50.568,52.139,102.706,254,1,36,001d/32,0,122,001d,32,0,0,0,1
pass=C;cert=rsa;rtt=50;model=bernoulli;p=0.0;dir=both,59,full,X25519,15,50.376,51.926,102.302,254,1,36,001d/32,0,122,001d,32,0,0,0,1
pass=C;cert=rsa;rtt=50;model=bernoulli;p=0.0;dir=both,60,full,X25519,15,50.447,52.675,103.122,254,1,36,001d/32,0,122,001d,32,0,0,0,1
pass=C;cert=rsa;rtt=50;model=bernoulli;p=0.0;dir=both,61,full,X25519,15,50.505,52.047,102.552,254,1,36,001d/32,0,122,001d,32,0,0,0,1
pass=C;cert=rsa;rtt=50;model=bernoulli;p=0.0;dir=both,62,full,X25519,15,52.872,53.063,105.935,254,1,36,001d/32,0,122,001d,32,0,0,0,1
pass=C;cert=rsa;rtt=50;model=bernoulli;p=0.0;dir=both,63,full,X25519,15,50.537,52.510,103.047,254,1,36,001d/32,0,122,001d,32,0,0,0,1
pass=C;cert=rsa;rtt=50;model=bernoulli;p=0.0;dir=both,64,full,X25519,15,50.711,53.941,104.653,254,1,36,001d/32,0,122,001d,32,0,0,0,1
pass=C;cert=rsa;rtt=50;model=bernoulli;p=0.0;dir=both,65,full,X25519,15,50.768,51.962,102.730,254,1,36,001d/32,0,122,001d,32,0,0,0,1
pass=C;cert=rsa;rtt=50;model=bernoulli;p=0.0;dir=both,66,full,X25519,15,50.440,51.853,102.293,254,1,36,001d/32,0,122,001d,32,0,0,0,1
pass=C;cert=rsa;rtt=50;model=bernoulli;p=0.0;dir=both,67,full,X25519,15,50.466,52.116,102.581,254,1,36,001d/32,0,122,001d,32,0,0,0,1
pass=C;cert=rsa;rtt=50;model=bernoulli;p=0.0;dir=both,68,full,X25519,15,50.525,52.083,102.608,254,1,36,001d/32,0,122,001d,32,0,0,0,1
pass=C;cert=rsa;rtt=50;model=bernoulli;p=0.0;dir=both,69,full,X25519,15,50.451,52.048,102.499,254,1,36,001d/32,0,122,001d,32,0,0,0,1
pass=C;cert=rsa;rtt=50;model=bernoulli;p=0.0;dir=both,70,full,X25519,15,50.481,52.175,102.656,254,1,36,001d/32,0,122,001d,32,0,0,0,1
pass=C;cert=rsa;rtt=50;model=bernoulli;p=0.0;dir=both,71,full,X25519,15,50.509,52.239,102.748,254,1,36,001d/32,0,122,001d,32,0,0,0,1
pass=C;cert=rsa;rtt=50;model=bernoulli;p=0.0;dir=both,72,full,X25519,15,50.541,52.094,102.635,254,1,36,001d/32,0,122,001d,32,0,0,0,1
pass=C;cert=rsa;rtt=50;model=bernoulli;p=0.0;dir=both,73,full,X25519,15,50.445,52.563,103.008,254,1,36,001d/32,0,122,001d,32,0,0,0,1
pass=C;cert=rsa;rtt=50;model=bernoulli;p=0.0;dir=both,74,full,X25519,15,50.464,52.252,102.717,254,1,36,001d/32,0,122,001d,32,0,0,0,1
pass=C;cert=rsa;rtt=50;model=bernoulli;p=0.0;dir=both,75,full,X25519,15,50.474,52.380,102.853,254,1,36,001d/32,0,122,001d,32,0,0,0,1
pass=C;cert=rsa;rtt=50;model=bernoulli;p=0.0;dir=both,76,full,X25519,15,50.353,51.856,102.209,254,1,36,001d/32,0,122,001d,32,0,0,0,1
pass=C;cert=rsa;rtt=50;model=bernoulli;p=0.0;dir=both,77,full,X25519,15,50.441,51.993,102.434,254,1,36,001d/32,0,122,001d,32,0,0,0,1
pass=C;cert=rsa;rtt=50;model=bernoulli;p=0.0;dir=both,78,full,X25519,15,50.591,52.749,103.339,254,1,36,001d/32,0,122,001d,32,0,0,0,1
pass=C;cert=rsa;rtt=50;model=bernoulli;p=0.0;dir=both,79,full,X25519,15,50.538,52.196,102.734,254,1,36,001d/32,0,122,001d,32,0,0,0,1
pass=C;cert=rsa;rtt=50;model=bernoulli;p=0.0;dir=both,80,full,X25519,15,50.398,52.111,102.509,254,1,36,001d/32,0,122,001d,32,0,0,0,1
pass=C;cert=rsa;rtt=50;model=bernoulli;p=0.0;dir=both,81,full,X25519,15,50.669,52.090,102.759,254,1,36,001d/32,0,122,001d,32,0,0,0,1
pass=C;cert=rsa;rtt=50;model=bernoulli;p=0.0;dir=both,82,full,X25519,15,50.360,52.088,102.449,254,1,36,001d/32,0,122,001d,32,0,0,0,1
pass=C;cert=rsa;rtt=50;model=bernoulli;p=0.0;dir=both,83,full,X25519,15,50.488,51.926,102.414,254,1,36,001d/32,0,122,001d,32,0,0,0,1
pass=C;cert=rsa;rtt=50;model=bernoulli;p=0.0;dir=both,84,full,X25519,15,50.530,51.859,102.389,254,1,36,001d/32,0,122,001d,32,0,0,0,1
pass=C;cert=rsa;rtt=50;model=bernoulli;p=0.0;dir=both,85,full,X25519,15,50.490,51.808,102.298,254,1,36,001d/32,0,122,001d,32,0,0,0,1
pass=C;cert=rsa;rtt=50;model=bernoulli;p=0.0;dir=both,86,full,X25519,15,50.475,52.606,103.082,254,1,36,001d/32,0,122,001d,32,0,0,0,1
pass=C;cert=rsa;rtt=50;model=bernoulli;p=0.0;dir=both,87,full,X25519,15,50.482,52.323,102.805,254,1,36,001d/32,0,122,001d,32,0,0,0,1
pass=C;cert=rsa;rtt=50;model=bernoulli;p=0.0;dir=both,88,full,X25519,15,50.539,51.911,102.449,254,1,36,001d/32,0,122,001d,32,0,0,0,1
pass=C;cert=rsa;rtt=50;model=bernoulli;p=0.0;dir=both,89,full,X25519,15,50.418,51.844,102.262,254,1,36,001d/32,0,122,001d,32,0,0,0,1
pass=C;cert=rsa;rtt=50;model=bernoulli;p=0.0;dir=both,90,full,X25519,15,50.431,51.762,102.193,254,1,36,001d/32,0,122,001d,32,0,0,0,1
pass=C;cert=rsa;rtt=50;model=bernoulli;p=0.0;dir=both,91,full,X25519,15,50.508,51.812,102.321,254,1,36,001d/32,0,122,001d,32,0,0,0,1
pass=C;cert=rsa;rtt=50;model=bernoulli;p=0.0;dir=both,92,full,X25519,15,50.551,52.003,102.554,254,1,36,001d/32,0,122,001d,32,0,0,0,1
pass=C;cert=rsa;rtt=50;model=bernoulli;p=0.0;dir=both,93,full,X25519,15,50.437,51.965,102.401,254,1,36,001d/32,0,122,001d,32,0,0,0,1
pass=C;cert=rsa;rtt=50;model=bernoulli;p=0.0;dir=both,94,full,X25519,15,52.565,52.329,104.895,254,1,36,001d/32,0,122,001d,32,0,0,0,1
pass=C;cert=rsa;rtt=50;model=bernoulli;p=0.0;dir=both,95,full,X25519,15,50.448,51.931,102.379,254,1,36,001d/32,0,122,001d,32,0,0,0,1
pass=C;cert=rsa;rtt=50;model=bernoulli;p=0.0;dir=both,96,full,X25519,15,50.512,52.105,102.617,254,1,36,001d/32,0,122,001d,32,0,0,0,1
pass=C;cert=rsa;rtt=50;model=bernoulli;p=0.0;dir=both,97,full,X25519,15,50.470,52.312,102.782,254,1,36,001d/32,0,122,001d,32,0,0,0,1
pass=C;cert=rsa;rtt=50;model=bernoulli;p=0.0;dir=both,98,full,X25519,15,50.463,51.775,102.238,254,1,36,001d/32,0,122,001d,32,0,0,0,1
pass=C;cert=rsa;rtt=50;model=bernoulli;p=0.0;dir=both,99,full,X25519,15,50.369,52.004,102.373,254,1,36,001d/32,0,122,001d,32,0,0,0,1
pass=C;cert=rsa;rtt=50;model=bernoulli;p=0.0;dir=both,100,full,X25519,15,50.522,53.781,104.302,254,1,36,001d/32,0,122,001d,32,0,0,0,1
pass=C;cert=rsa;rtt=50;model=bernoulli;p=0.0;dir=both,101,full,X25519,15,50.467,51.713,102.180,254,1,36,001d/32,0,122,001d,32,0,0,0,1
pass=C;cert=rsa;rtt=50;model=bernoulli;p=0.0;dir=both,102,full,X25519,15,50.547,52.396,102.943,254,1,36,001d/32,0,122,001d,32,0,0,0,1
pass=C;cert=rsa;rtt=50;model=bernoulli;p=0.0;dir=both,103,full,X25519,15,50.401,51.721,102.123,254,1,36,001d/32,0,122,001d,32,0,0,0,1
pass=C;cert=rsa;rtt=50;model=bernoulli;p=0.0;dir=both,104,full,X25519,15,50.436,51.881,102.317,254,1,36,001d/32,0,122,001d,32,0,0,0,1
pass=C;cert=rsa;rtt=50;model=bernoulli;p=0.0;dir=both,105,full,X25519,15,50.460,52.509,102.969,254,1,36,001d/32,0,122,001d,32,0,0,0,1
pass=C;cert=rsa;rtt=50;model=bernoulli;p=0.0;dir=both,106,full,X25519,15,50.631,51.667,102.298,254,1,36,001d/32,0,122,001d,32,0,0,0,1
pass=C;cert=rsa;rtt=50;model=bernoulli;p=0.0;dir=both,107,full,X25519,15,50.396,51.820,102.216,254,1,36,001d/32,0,122,001d,32,0,0,0,1
pass=C;cert=rsa;rtt=50;model=bernoulli;p=0.0;dir=both,108,full,X25519,15,50.471,51.657,102.128,254,1,36,001d/32,0,122,001d,32,0,0,0,1
pass=C;cert=rsa;rtt=50;model=bernoulli;p=0.0;dir=both,109,full,X25519,15,50.383,51.620,102.003,254,1,36,001d/32,0,122,001d,32,0,0,0,1
pass=C;cert=rsa;rtt=50;model=bernoulli;p=0.0;dir=both,110,full,X25519,15,50.439,52.029,102.468,254,1,36,001d/32,0,122,001d,32,0,0,0,1
pass=C;cert=rsa;rtt=50;model=bernoulli;p=0.0;dir=both,111,full,X25519,15,50.384,52.000,102.384,254,1,36,001d/32,0,122,001d,32,0,0,0,1
pass=C;cert=rsa;rtt=50;model=bernoulli;p=0.0;dir=both,112,full,X25519,15,50.331,51.794,102.125,254,1,36,001d/32,0,122,001d,32,0,0,0,1
pass=C;cert=rsa;rtt=50;model=bernoulli;p=0.0;dir=both,113,full,X25519,15,50.464,51.756,102.220,254,1,36,001d/32,0,122,001d,32,0,0,0,1
pass=C;cert=rsa;rtt=50;model=bernoulli;p=0.0;dir=both,114,full,X25519,15,50.511,52.220,102.731,254,1,36,001d/32,0,122,001d,32,0,0,0,1
pass=C;cert=rsa;rtt=50;model=bernoulli;p=0.0;dir=both,115,full,X25519,15,50.347,51.807,102.153,254,1,36,001d/32,0,122,001d,32,0,0,0,1
pass=C;cert=rsa;rtt=50;model=bernoulli;p=0.0;dir=both,116,full,X25519,15,50.437,51.788,102.226,254,1,36,001d/32,0,122,001d,32,0,0,0,1
pass=C;cert=rsa;rtt=50;model=bernoulli;p=0.0;dir=both,117,full,X25519,15,50.411,51.733,102.144,254,1,36,001d/32,0,122,001d,32,0,0,0,1
pass=C;cert=rsa;rtt=50;model=bernoulli;p=0.0;dir=both,118,full,X25519,15,50.524,51.869,102.394,254,1,36,001d/32,0,122,001d,32,0,0,0,1
pass=C;cert=rsa;rtt=50;model=bernoulli;p=0.0;dir=both,119,full,X25519,15,50.371,51.717,102.087,254,1,36,001d/32,0,122,001d,32,0,0,0,1
pass=C;cert=rsa;rtt=50;model=bernoulli;p=0.0;dir=both,120,full,X25519,15,50.393,51.750,102.144,254,1,36,001d/32,0,122,001d,32,0,0,0,1
pass=C;cert=rsa;rtt=50;model=bernoulli;p=0.0;dir=both,121,full,X25519,15,50.393,51.988,102.381,254,1,36,001d/32,0,122,001d,32,0,0,0,1
pass=C;cert=rsa;rtt=50;model=bernoulli;p=0.0;dir=both,122,full,X25519,15,50.484,51.725,102.209,254,1,36,001d/32,0,122,001d,32,0,0,0,1
pass=C;cert=rsa;rtt=50;model=bernoulli;p=0.0;dir=both,123,full,X25519,15,50.425,52.053,102.478,254,1,36,001d/32,0,122,001d,32,0,0,0,1
pass=C;cert=rsa;rtt=50;model=bernoulli;p=0.0;dir=both,124,full,X25519,15,50.397,51.814,102.211,254,1,36,001d/32,0,122,001d,32,0,0,0,1
pass=C;cert=rsa;rtt=50;model=bernoulli;p=0.0;dir=both,125,full,X25519,15,50.541,52.321,102.862,254,1,36,001d/32,0,122,001d,32,0,0,0,1
pass=C;cert=rsa;rtt=50;model=bernoulli;p=0.0;dir=both,126,full,X25519,15,50.451,52.190,102.641,254,1,36,001d/32,0,122,001d,32,0,0,0,1
pass=C;cert=rsa;rtt=50;model=bernoulli;p=0.0;dir=both,127,full,X25519,15,50.474,52.153,102.627,254,1,36,001d/32,0,122,001d,32,0,0,0,1
pass=C;cert=rsa;rtt=50;model=bernoulli;p=0.0;dir=both,128,full,X25519,15,50.338,53.509,103.847,254,1,36,001d/32,0,122,001d,32,0,0,0,1
pass=C;cert=rsa;rtt=50;model=bernoulli;p=0.0;dir=both,129,full,X25519,15,50.537,51.742,102.279,254,1,36,001d/32,0,122,001d,32,0,0,0,1
pass=C;cert=rsa;rtt=50;model=bernoulli;p=0.0;dir=both,130,full,X25519,15,50.527,51.872,102.399,254,1,36,001d/32,0,122,001d,32,0,0,0,1
pass=C;cert=rsa;rtt=50;model=bernoulli;p=0.0;dir=both,131,full,X25519,15,50.434,51.657,102.091,254,1,36,001d/32,0,122,001d,32,0,0,0,1
pass=C;cert=rsa;rtt=50;model=bernoulli;p=0.0;dir=both,132,full,X25519,15,50.386,51.700,102.086,254,1,36,001d/32,0,122,001d,32,0,0,0,1
pass=C;cert=rsa;rtt=50;model=bernoulli;p=0.0;dir=both,133,full,X25519,15,50.454,51.692,102.147,254,1,36,001d/32,0,122,001d,32,0,0,0,1
pass=C;cert=rsa;rtt=50;model=bernoulli;p=0.0;dir=both,134,full,X25519,15,50.429,51.701,102.130,254,1,36,001d/32,0,122,001d,32,0,0,0,1
pass=C;cert=rsa;rtt=50;model=bernoulli;p=0.0;dir=both,135,full,X25519,15,50.367,52.591,102.959,254,1,36,001d/32,0,122,001d,32,0,0,0,1
pass=C;cert=rsa;rtt=50;model=bernoulli;p=0.0;dir=both,136,full,X25519,15,50.369,53.963,104.332,254,1,36,001d/32,0,122,001d,32,0,0,0,1
pass=C;cert=rsa;rtt=50;model=bernoulli;p=0.0;dir=both,137,full,X25519,15,50.462,51.620,102.082,254,1,36,001d/32,0,122,001d,32,0,0,0,1
pass=C;cert=rsa;rtt=50;model=bernoulli;p=0.0;dir=both,138,full,X25519,15,50.573,53.265,103.839,254,1,36,001d/32,0,122,001d,32,0,0,0,1
pass=C;cert=rsa;rtt=50;model=bernoulli;p=0.0;dir=both,139,full,X25519,15,50.379,51.811,102.191,254,1,36,001d/32,0,122,001d,32,0,0,0,1
pass=C;cert=rsa;rtt=50;model=bernoulli;p=0.0;dir=both,140,full,X25519,15,50.374,51.766,102.140,254,1,36,001d/32,0,122,001d,32,0,0,0,1
pass=C;cert=rsa;rtt=50;model=bernoulli;p=0.0;dir=both,141,full,X25519,15,50.412,51.985,102.397,254,1,36,001d/32,0,122,001d,32,0,0,0,1
pass=C;cert=rsa;rtt=50;model=bernoulli;p=0.0;dir=both,142,full,X25519,15,50.422,51.652,102.073,254,1,36,001d/32,0,122,001d,32,0,0,0,1
pass=C;cert=rsa;rtt=50;model=bernoulli;p=0.0;dir=both,143,full,X25519,15,50.430,51.719,102.149,254,1,36,001d/32,0,122,001d,32,0,0,0,1
pass=C;cert=rsa;rtt=50;model=bernoulli;p=0.0;dir=both,144,full,X25519,15,50.390,51.665,102.054,254,1,36,001d/32,0,122,001d,32,0,0,0,1
pass=C;cert=rsa;rtt=50;model=bernoulli;p=0.0;dir=both,145,full,X25519,15,50.396,51.694,102.090,254,1,36,001d/32,0,122,001d,32,0,0,0,1
pass=C;cert=rsa;rtt=50;model=bernoulli;p=0.0;dir=both,146,full,X25519,15,50.294,51.780,102.074,254,1,36,001d/32,0,122,001d,32,0,0,0,1
pass=C;cert=rsa;rtt=50;model=bernoulli;p=0.0;dir=both,147,full,X25519,15,50.386,51.654,102.039,254,1,36,001d/32,0,122,001d,32,0,0,0,1
pass=C;cert=rsa;rtt=50;model=bernoulli;p=0.0;dir=both,148,full,X25519,15,50.408,51.735,102.144,254,1,36,001d/32,0,122,001d,32,0,0,0,1
pass=C;cert=rsa;rtt=50;model=bernoulli;p=0.0;dir=both,149,full,X25519,15,50.447,51.673,102.120,254,1,36,001d/32,0,122,001d,32,0,0,0,1
pass=C;cert=rsa;rtt=50;model=bernoulli;p=0.0;dir=both,0,full,default,15,50.417,52.678,103.095,1488,2,1256,11ec/1216;001d/32,0,1210,11ec,1120,0,0,0,1
pass=C;cert=rsa;rtt=50;model=bernoulli;p=0.0;dir=both,1,full,default,15,50.409,52.106,102.514,1488,2,1256,11ec/1216;001d/32,0,1210,11ec,1120,0,0,0,1
pass=C;cert=rsa;rtt=50;model=bernoulli;p=0.0;dir=both,2,full,default,15,50.426,52.488,102.914,1488,2,1256,11ec/1216;001d/32,0,1210,11ec,1120,0,0,0,1
pass=C;cert=rsa;rtt=50;model=bernoulli;p=0.0;dir=both,3,full,default,15,50.403,52.179,102.582,1488,2,1256,11ec/1216;001d/32,0,1210,11ec,1120,0,0,0,1
pass=C;cert=rsa;rtt=50;model=bernoulli;p=0.0;dir=both,4,full,default,15,50.399,51.956,102.355,1488,2,1256,11ec/1216;001d/32,0,1210,11ec,1120,0,0,0,1
pass=C;cert=rsa;rtt=50;model=bernoulli;p=0.0;dir=both,5,full,default,15,50.423,52.192,102.615,1488,2,1256,11ec/1216;001d/32,0,1210,11ec,1120,0,0,0,1
pass=C;cert=rsa;rtt=50;model=bernoulli;p=0.0;dir=both,6,full,default,15,50.390,52.003,102.393,1488,2,1256,11ec/1216;001d/32,0,1210,11ec,1120,0,0,0,1
pass=C;cert=rsa;rtt=50;model=bernoulli;p=0.0;dir=both,7,full,default,15,50.406,52.077,102.483,1488,2,1256,11ec/1216;001d/32,0,1210,11ec,1120,0,0,0,1
pass=C;cert=rsa;rtt=50;model=bernoulli;p=0.0;dir=both,8,full,default,15,50.657,52.024,102.680,1488,2,1256,11ec/1216;001d/32,0,1210,11ec,1120,0,0,0,1
pass=C;cert=rsa;rtt=50;model=bernoulli;p=0.0;dir=both,9,full,default,15,50.439,52.302,102.741,1488,2,1256,11ec/1216;001d/32,0,1210,11ec,1120,0,0,0,1
pass=C;cert=rsa;rtt=50;model=bernoulli;p=0.0;dir=both,10,full,default,15,50.470,52.775,103.245,1488,2,1256,11ec/1216;001d/32,0,1210,11ec,1120,0,0,0,1
pass=C;cert=rsa;rtt=50;model=bernoulli;p=0.0;dir=both,11,full,default,15,50.412,53.051,103.463,1488,2,1256,11ec/1216;001d/32,0,1210,11ec,1120,0,0,0,1
pass=C;cert=rsa;rtt=50;model=bernoulli;p=0.0;dir=both,12,full,default,15,50.422,52.358,102.780,1488,2,1256,11ec/1216;001d/32,0,1210,11ec,1120,0,0,0,1
pass=C;cert=rsa;rtt=50;model=bernoulli;p=0.0;dir=both,13,full,default,15,50.475,52.125,102.600,1488,2,1256,11ec/1216;001d/32,0,1210,11ec,1120,0,0,0,1
pass=C;cert=rsa;rtt=50;model=bernoulli;p=0.0;dir=both,14,full,default,15,50.424,53.781,104.205,1488,2,1256,11ec/1216;001d/32,0,1210,11ec,1120,0,0,0,1
pass=C;cert=rsa;rtt=50;model=bernoulli;p=0.0;dir=both,15,full,default,15,50.483,52.120,102.603,1488,2,1256,11ec/1216;001d/32,0,1210,11ec,1120,0,0,0,1
pass=C;cert=rsa;rtt=50;model=bernoulli;p=0.0;dir=both,16,full,default,15,50.437,52.007,102.443,1488,2,1256,11ec/1216;001d/32,0,1210,11ec,1120,0,0,0,1
pass=C;cert=rsa;rtt=50;model=bernoulli;p=0.0;dir=both,17,full,default,15,50.600,52.041,102.641,1488,2,1256,11ec/1216;001d/32,0,1210,11ec,1120,0,0,0,1
pass=C;cert=rsa;rtt=50;model=bernoulli;p=0.0;dir=both,18,full,default,15,50.451,51.875,102.326,1488,2,1256,11ec/1216;001d/32,0,1210,11ec,1120,0,0,0,1
pass=C;cert=rsa;rtt=50;model=bernoulli;p=0.0;dir=both,19,full,default,15,50.366,52.121,102.487,1488,2,1256,11ec/1216;001d/32,0,1210,11ec,1120,0,0,0,1
pass=C;cert=rsa;rtt=50;model=bernoulli;p=0.0;dir=both,20,full,default,15,50.385,52.009,102.394,1488,2,1256,11ec/1216;001d/32,0,1210,11ec,1120,0,0,0,1
pass=C;cert=rsa;rtt=50;model=bernoulli;p=0.0;dir=both,21,full,default,15,50.382,52.139,102.521,1488,2,1256,11ec/1216;001d/32,0,1210,11ec,1120,0,0,0,1
pass=C;cert=rsa;rtt=50;model=bernoulli;p=0.0;dir=both,22,full,default,15,50.381,52.396,102.777,1488,2,1256,11ec/1216;001d/32,0,1210,11ec,1120,0,0,0,1
pass=C;cert=rsa;rtt=50;model=bernoulli;p=0.0;dir=both,23,full,default,15,50.410,51.995,102.406,1488,2,1256,11ec/1216;001d/32,0,1210,11ec,1120,0,0,0,1
pass=C;cert=rsa;rtt=50;model=bernoulli;p=0.0;dir=both,24,full,default,15,50.466,52.011,102.477,1488,2,1256,11ec/1216;001d/32,0,1210,11ec,1120,0,0,0,1
pass=C;cert=rsa;rtt=50;model=bernoulli;p=0.0;dir=both,25,full,default,15,50.515,52.213,102.728,1488,2,1256,11ec/1216;001d/32,0,1210,11ec,1120,0,0,0,1
pass=C;cert=rsa;rtt=50;model=bernoulli;p=0.0;dir=both,26,full,default,15,50.445,52.210,102.655,1488,2,1256,11ec/1216;001d/32,0,1210,11ec,1120,0,0,0,1
pass=C;cert=rsa;rtt=50;model=bernoulli;p=0.0;dir=both,27,full,default,15,50.325,52.135,102.460,1488,2,1256,11ec/1216;001d/32,0,1210,11ec,1120,0,0,0,1
pass=C;cert=rsa;rtt=50;model=bernoulli;p=0.0;dir=both,28,full,default,15,50.390,52.144,102.534,1488,2,1256,11ec/1216;001d/32,0,1210,11ec,1120,0,0,0,1
pass=C;cert=rsa;rtt=50;model=bernoulli;p=0.0;dir=both,29,full,default,15,50.400,52.082,102.482,1488,2,1256,11ec/1216;001d/32,0,1210,11ec,1120,0,0,0,1
pass=C;cert=rsa;rtt=50;model=bernoulli;p=0.0;dir=both,30,full,default,15,50.408,52.054,102.462,1488,2,1256,11ec/1216;001d/32,0,1210,11ec,1120,0,0,0,1
pass=C;cert=rsa;rtt=50;model=bernoulli;p=0.0;dir=both,31,full,default,15,50.429,52.083,102.512,1488,2,1256,11ec/1216;001d/32,0,1210,11ec,1120,0,0,0,1
pass=C;cert=rsa;rtt=50;model=bernoulli;p=0.0;dir=both,32,full,default,15,50.391,52.062,102.453,1488,2,1256,11ec/1216;001d/32,0,1210,11ec,1120,0,0,0,1
pass=C;cert=rsa;rtt=50;model=bernoulli;p=0.0;dir=both,33,full,default,15,50.455,53.010,103.465,1488,2,1256,11ec/1216;001d/32,0,1210,11ec,1120,0,0,0,1
pass=C;cert=rsa;rtt=50;model=bernoulli;p=0.0;dir=both,34,full,default,15,50.834,52.891,103.725,1488,2,1256,11ec/1216;001d/32,0,1210,11ec,1120,0,0,0,1
pass=C;cert=rsa;rtt=50;model=bernoulli;p=0.0;dir=both,35,full,default,15,50.501,52.552,103.052,1488,2,1256,11ec/1216;001d/32,0,1210,11ec,1120,0,0,0,1
pass=C;cert=rsa;rtt=50;model=bernoulli;p=0.0;dir=both,36,full,default,15,51.031,52.515,103.546,1488,2,1256,11ec/1216;001d/32,0,1210,11ec,1120,0,0,0,1
pass=C;cert=rsa;rtt=50;model=bernoulli;p=0.0;dir=both,37,full,default,15,50.380,52.151,102.530,1488,2,1256,11ec/1216;001d/32,0,1210,11ec,1120,0,0,0,1
pass=C;cert=rsa;rtt=50;model=bernoulli;p=0.0;dir=both,38,full,default,15,50.463,52.444,102.907,1488,2,1256,11ec/1216;001d/32,0,1210,11ec,1120,0,0,0,1
pass=C;cert=rsa;rtt=50;model=bernoulli;p=0.0;dir=both,39,full,default,15,50.494,52.050,102.545,1488,2,1256,11ec/1216;001d/32,0,1210,11ec,1120,0,0,0,1
pass=C;cert=rsa;rtt=50;model=bernoulli;p=0.0;dir=both,40,full,default,15,50.432,52.059,102.491,1488,2,1256,11ec/1216;001d/32,0,1210,11ec,1120,0,0,0,1
pass=C;cert=rsa;rtt=50;model=bernoulli;p=0.0;dir=both,41,full,default,15,50.469,52.316,102.785,1488,2,1256,11ec/1216;001d/32,0,1210,11ec,1120,0,0,0,1
pass=C;cert=rsa;rtt=50;model=bernoulli;p=0.0;dir=both,42,full,default,15,50.447,52.585,103.033,1488,2,1256,11ec/1216;001d/32,0,1210,11ec,1120,0,0,0,1
pass=C;cert=rsa;rtt=50;model=bernoulli;p=0.0;dir=both,43,full,default,15,50.439,52.158,102.597,1488,2,1256,11ec/1216;001d/32,0,1210,11ec,1120,0,0,0,1
pass=C;cert=rsa;rtt=50;model=bernoulli;p=0.0;dir=both,44,full,default,15,50.500,52.086,102.585,1488,2,1256,11ec/1216;001d/32,0,1210,11ec,1120,0,0,0,1
pass=C;cert=rsa;rtt=50;model=bernoulli;p=0.0;dir=both,45,full,default,15,50.414,52.245,102.659,1488,2,1256,11ec/1216;001d/32,0,1210,11ec,1120,0,0,0,1
pass=C;cert=rsa;rtt=50;model=bernoulli;p=0.0;dir=both,46,full,default,15,50.567,53.231,103.798,1488,2,1256,11ec/1216;001d/32,0,1210,11ec,1120,0,0,0,1
pass=C;cert=rsa;rtt=50;model=bernoulli;p=0.0;dir=both,47,full,default,15,50.418,52.003,102.422,1488,2,1256,11ec/1216;001d/32,0,1210,11ec,1120,0,0,0,1
pass=C;cert=rsa;rtt=50;model=bernoulli;p=0.0;dir=both,48,full,default,15,50.506,52.854,103.360,1488,2,1256,11ec/1216;001d/32,0,1210,11ec,1120,0,0,0,1
pass=C;cert=rsa;rtt=50;model=bernoulli;p=0.0;dir=both,49,full,default,15,50.595,53.561,104.156,1488,2,1256,11ec/1216;001d/32,0,1210,11ec,1120,0,0,0,1
pass=C;cert=rsa;rtt=50;model=bernoulli;p=0.0;dir=both,50,full,default,15,50.460,52.381,102.841,1488,2,1256,11ec/1216;001d/32,0,1210,11ec,1120,0,0,0,1
pass=C;cert=rsa;rtt=50;model=bernoulli;p=0.0;dir=both,51,full,default,15,50.483,52.457,102.940,1488,2,1256,11ec/1216;001d/32,0,1210,11ec,1120,0,0,0,1
pass=C;cert=rsa;rtt=50;model=bernoulli;p=0.0;dir=both,52,full,default,15,50.463,52.497,102.960,1488,2,1256,11ec/1216;001d/32,0,1210,11ec,1120,0,0,0,1
pass=C;cert=rsa;rtt=50;model=bernoulli;p=0.0;dir=both,53,full,default,15,50.450,52.149,102.599,1488,2,1256,11ec/1216;001d/32,0,1210,11ec,1120,0,0,0,1
pass=C;cert=rsa;rtt=50;model=bernoulli;p=0.0;dir=both,54,full,default,15,50.597,53.821,104.418,1488,2,1256,11ec/1216;001d/32,0,1210,11ec,1120,0,0,0,1
pass=C;cert=rsa;rtt=50;model=bernoulli;p=0.0;dir=both,55,full,default,15,50.442,52.359,102.801,1488,2,1256,11ec/1216;001d/32,0,1210,11ec,1120,0,0,0,1
pass=C;cert=rsa;rtt=50;model=bernoulli;p=0.0;dir=both,56,full,default,15,50.439,52.193,102.632,1488,2,1256,11ec/1216;001d/32,0,1210,11ec,1120,0,0,0,1
pass=C;cert=rsa;rtt=50;model=bernoulli;p=0.0;dir=both,57,full,default,15,50.481,54.161,104.642,1488,2,1256,11ec/1216;001d/32,0,1210,11ec,1120,0,0,0,1
pass=C;cert=rsa;rtt=50;model=bernoulli;p=0.0;dir=both,58,full,default,15,50.493,52.343,102.835,1488,2,1256,11ec/1216;001d/32,0,1210,11ec,1120,0,0,0,1
pass=C;cert=rsa;rtt=50;model=bernoulli;p=0.0;dir=both,59,full,default,15,50.481,52.122,102.603,1488,2,1256,11ec/1216;001d/32,0,1210,11ec,1120,0,0,0,1
pass=C;cert=rsa;rtt=50;model=bernoulli;p=0.0;dir=both,60,full,default,15,50.537,52.187,102.724,1488,2,1256,11ec/1216;001d/32,0,1210,11ec,1120,0,0,0,1
pass=C;cert=rsa;rtt=50;model=bernoulli;p=0.0;dir=both,61,full,default,15,50.521,52.155,102.676,1488,2,1256,11ec/1216;001d/32,0,1210,11ec,1120,0,0,0,1
pass=C;cert=rsa;rtt=50;model=bernoulli;p=0.0;dir=both,62,full,default,15,50.323,52.091,102.414,1488,2,1256,11ec/1216;001d/32,0,1210,11ec,1120,0,0,0,1
pass=C;cert=rsa;rtt=50;model=bernoulli;p=0.0;dir=both,63,full,default,15,50.458,52.213,102.671,1488,2,1256,11ec/1216;001d/32,0,1210,11ec,1120,0,0,0,1
pass=C;cert=rsa;rtt=50;model=bernoulli;p=0.0;dir=both,64,full,default,15,50.740,52.333,103.073,1488,2,1256,11ec/1216;001d/32,0,1210,11ec,1120,0,0,0,1
pass=C;cert=rsa;rtt=50;model=bernoulli;p=0.0;dir=both,65,full,default,15,50.419,52.442,102.862,1488,2,1256,11ec/1216;001d/32,0,1210,11ec,1120,0,0,0,1
pass=C;cert=rsa;rtt=50;model=bernoulli;p=0.0;dir=both,66,full,default,15,50.468,52.316,102.784,1488,2,1256,11ec/1216;001d/32,0,1210,11ec,1120,0,0,0,1
pass=C;cert=rsa;rtt=50;model=bernoulli;p=0.0;dir=both,67,full,default,15,50.515,53.680,104.195,1488,2,1256,11ec/1216;001d/32,0,1210,11ec,1120,0,0,0,1
pass=C;cert=rsa;rtt=50;model=bernoulli;p=0.0;dir=both,68,full,default,15,50.428,52.145,102.573,1488,2,1256,11ec/1216;001d/32,0,1210,11ec,1120,0,0,0,1
pass=C;cert=rsa;rtt=50;model=bernoulli;p=0.0;dir=both,69,full,default,15,50.413,52.237,102.650,1488,2,1256,11ec/1216;001d/32,0,1210,11ec,1120,0,0,0,1
pass=C;cert=rsa;rtt=50;model=bernoulli;p=0.0;dir=both,70,full,default,15,50.408,52.313,102.720,1488,2,1256,11ec/1216;001d/32,0,1210,11ec,1120,0,0,0,1
pass=C;cert=rsa;rtt=50;model=bernoulli;p=0.0;dir=both,71,full,default,15,50.439,52.701,103.141,1488,2,1256,11ec/1216;001d/32,0,1210,11ec,1120,0,0,0,1
pass=C;cert=rsa;rtt=50;model=bernoulli;p=0.0;dir=both,72,full,default,15,52.065,52.240,104.305,1488,2,1256,11ec/1216;001d/32,0,1210,11ec,1120,0,0,0,1
pass=C;cert=rsa;rtt=50;model=bernoulli;p=0.0;dir=both,73,full,default,15,50.501,52.685,103.186,1488,2,1256,11ec/1216;001d/32,0,1210,11ec,1120,0,0,0,1
pass=C;cert=rsa;rtt=50;model=bernoulli;p=0.0;dir=both,74,full,default,15,50.461,52.756,103.217,1488,2,1256,11ec/1216;001d/32,0,1210,11ec,1120,0,0,0,1
pass=C;cert=rsa;rtt=50;model=bernoulli;p=0.0;dir=both,75,full,default,15,50.580,52.253,102.833,1488,2,1256,11ec/1216;001d/32,0,1210,11ec,1120,0,0,0,1
pass=C;cert=rsa;rtt=50;model=bernoulli;p=0.0;dir=both,76,full,default,15,50.469,52.467,102.935,1488,2,1256,11ec/1216;001d/32,0,1210,11ec,1120,0,0,0,1
pass=C;cert=rsa;rtt=50;model=bernoulli;p=0.0;dir=both,77,full,default,15,50.460,53.069,103.529,1488,2,1256,11ec/1216;001d/32,0,1210,11ec,1120,0,0,0,1
pass=C;cert=rsa;rtt=50;model=bernoulli;p=0.0;dir=both,78,full,default,15,50.501,52.776,103.277,1488,2,1256,11ec/1216;001d/32,0,1210,11ec,1120,0,0,0,1
pass=C;cert=rsa;rtt=50;model=bernoulli;p=0.0;dir=both,79,full,default,15,50.583,52.495,103.078,1488,2,1256,11ec/1216;001d/32,0,1210,11ec,1120,0,0,0,1
pass=C;cert=rsa;rtt=50;model=bernoulli;p=0.0;dir=both,80,full,default,15,50.476,52.169,102.645,1488,2,1256,11ec/1216;001d/32,0,1210,11ec,1120,0,0,0,1
pass=C;cert=rsa;rtt=50;model=bernoulli;p=0.0;dir=both,81,full,default,15,50.518,53.271,103.789,1488,2,1256,11ec/1216;001d/32,0,1210,11ec,1120,0,0,0,1
pass=C;cert=rsa;rtt=50;model=bernoulli;p=0.0;dir=both,82,full,default,15,50.487,52.112,102.599,1488,2,1256,11ec/1216;001d/32,0,1210,11ec,1120,0,0,0,1
pass=C;cert=rsa;rtt=50;model=bernoulli;p=0.0;dir=both,83,full,default,15,50.423,52.496,102.919,1488,2,1256,11ec/1216;001d/32,0,1210,11ec,1120,0,0,0,1
pass=C;cert=rsa;rtt=50;model=bernoulli;p=0.0;dir=both,84,full,default,15,50.460,52.325,102.784,1488,2,1256,11ec/1216;001d/32,0,1210,11ec,1120,0,0,0,1
pass=C;cert=rsa;rtt=50;model=bernoulli;p=0.0;dir=both,85,full,default,15,50.699,52.766,103.465,1488,2,1256,11ec/1216;001d/32,0,1210,11ec,1120,0,0,0,1
pass=C;cert=rsa;rtt=50;model=bernoulli;p=0.0;dir=both,86,full,default,15,51.592,52.904,104.496,1488,2,1256,11ec/1216;001d/32,0,1210,11ec,1120,0,0,0,1
pass=C;cert=rsa;rtt=50;model=bernoulli;p=0.0;dir=both,87,full,default,15,50.513,52.687,103.199,1488,2,1256,11ec/1216;001d/32,0,1210,11ec,1120,0,0,0,1
pass=C;cert=rsa;rtt=50;model=bernoulli;p=0.0;dir=both,88,full,default,15,50.566,52.265,102.831,1488,2,1256,11ec/1216;001d/32,0,1210,11ec,1120,0,0,0,1
pass=C;cert=rsa;rtt=50;model=bernoulli;p=0.0;dir=both,89,full,default,15,50.650,53.002,103.653,1488,2,1256,11ec/1216;001d/32,0,1210,11ec,1120,0,0,0,1
pass=C;cert=rsa;rtt=50;model=bernoulli;p=0.0;dir=both,90,full,default,15,50.708,52.753,103.461,1488,2,1256,11ec/1216;001d/32,0,1210,11ec,1120,0,0,0,1
pass=C;cert=rsa;rtt=50;model=bernoulli;p=0.0;dir=both,91,full,default,15,50.430,52.272,102.702,1488,2,1256,11ec/1216;001d/32,0,1210,11ec,1120,0,0,0,1
pass=C;cert=rsa;rtt=50;model=bernoulli;p=0.0;dir=both,92,full,default,15,50.420,52.294,102.713,1488,2,1256,11ec/1216;001d/32,0,1210,11ec,1120,0,0,0,1
pass=C;cert=rsa;rtt=50;model=bernoulli;p=0.0;dir=both,93,full,default,15,50.527,52.777,103.305,1488,2,1256,11ec/1216;001d/32,0,1210,11ec,1120,0,0,0,1
pass=C;cert=rsa;rtt=50;model=bernoulli;p=0.0;dir=both,94,full,default,15,50.706,53.660,104.366,1488,2,1256,11ec/1216;001d/32,0,1210,11ec,1120,0,0,0,1
pass=C;cert=rsa;rtt=50;model=bernoulli;p=0.0;dir=both,95,full,default,15,50.570,52.756,103.326,1488,2,1256,11ec/1216;001d/32,0,1210,11ec,1120,0,0,0,1
pass=C;cert=rsa;rtt=50;model=bernoulli;p=0.0;dir=both,96,full,default,15,50.536,53.450,103.985,1488,2,1256,11ec/1216;001d/32,0,1210,11ec,1120,0,0,0,1
pass=C;cert=rsa;rtt=50;model=bernoulli;p=0.0;dir=both,97,full,default,15,50.577,52.443,103.021,1488,2,1256,11ec/1216;001d/32,0,1210,11ec,1120,0,0,0,1
pass=C;cert=rsa;rtt=50;model=bernoulli;p=0.0;dir=both,98,full,default,15,50.559,52.630,103.190,1488,2,1256,11ec/1216;001d/32,0,1210,11ec,1120,0,0,0,1
pass=C;cert=rsa;rtt=50;model=bernoulli;p=0.0;dir=both,99,full,default,15,50.579,53.023,103.602,1488,2,1256,11ec/1216;001d/32,0,1210,11ec,1120,0,0,0,1
pass=C;cert=rsa;rtt=50;model=bernoulli;p=0.0;dir=both,100,full,default,15,50.371,52.896,103.267,1488,2,1256,11ec/1216;001d/32,0,1210,11ec,1120,0,0,0,1
pass=C;cert=rsa;rtt=50;model=bernoulli;p=0.0;dir=both,101,full,default,15,50.426,52.253,102.679,1488,2,1256,11ec/1216;001d/32,0,1210,11ec,1120,0,0,0,1
pass=C;cert=rsa;rtt=50;model=bernoulli;p=0.0;dir=both,102,full,default,15,50.434,52.966,103.400,1488,2,1256,11ec/1216;001d/32,0,1210,11ec,1120,0,0,0,1
pass=C;cert=rsa;rtt=50;model=bernoulli;p=0.0;dir=both,103,full,default,15,50.499,53.155,103.654,1488,2,1256,11ec/1216;001d/32,0,1210,11ec,1120,0,0,0,1
pass=C;cert=rsa;rtt=50;model=bernoulli;p=0.0;dir=both,104,full,default,15,50.390,52.370,102.761,1488,2,1256,11ec/1216;001d/32,0,1210,11ec,1120,0,0,0,1
pass=C;cert=rsa;rtt=50;model=bernoulli;p=0.0;dir=both,105,full,default,15,50.419,51.989,102.408,1488,2,1256,11ec/1216;001d/32,0,1210,11ec,1120,0,0,0,1
pass=C;cert=rsa;rtt=50;model=bernoulli;p=0.0;dir=both,106,full,default,15,50.372,52.541,102.914,1488,2,1256,11ec/1216;001d/32,0,1210,11ec,1120,0,0,0,1
pass=C;cert=rsa;rtt=50;model=bernoulli;p=0.0;dir=both,107,full,default,15,50.366,52.630,102.996,1488,2,1256,11ec/1216;001d/32,0,1210,11ec,1120,0,0,0,1
pass=C;cert=rsa;rtt=50;model=bernoulli;p=0.0;dir=both,108,full,default,15,52.030,52.794,104.825,1488,2,1256,11ec/1216;001d/32,0,1210,11ec,1120,0,0,0,1
pass=C;cert=rsa;rtt=50;model=bernoulli;p=0.0;dir=both,109,full,default,15,50.495,52.717,103.212,1488,2,1256,11ec/1216;001d/32,0,1210,11ec,1120,0,0,0,1
pass=C;cert=rsa;rtt=50;model=bernoulli;p=0.0;dir=both,110,full,default,15,50.506,52.684,103.190,1488,2,1256,11ec/1216;001d/32,0,1210,11ec,1120,0,0,0,1
pass=C;cert=rsa;rtt=50;model=bernoulli;p=0.0;dir=both,111,full,default,15,50.467,52.687,103.154,1488,2,1256,11ec/1216;001d/32,0,1210,11ec,1120,0,0,0,1
pass=C;cert=rsa;rtt=50;model=bernoulli;p=0.0;dir=both,112,full,default,15,50.379,53.167,103.546,1488,2,1256,11ec/1216;001d/32,0,1210,11ec,1120,0,0,0,1
pass=C;cert=rsa;rtt=50;model=bernoulli;p=0.0;dir=both,113,full,default,15,50.519,52.851,103.370,1488,2,1256,11ec/1216;001d/32,0,1210,11ec,1120,0,0,0,1
pass=C;cert=rsa;rtt=50;model=bernoulli;p=0.0;dir=both,114,full,default,15,50.497,52.277,102.774,1488,2,1256,11ec/1216;001d/32,0,1210,11ec,1120,0,0,0,1
pass=C;cert=rsa;rtt=50;model=bernoulli;p=0.0;dir=both,115,full,default,15,50.353,52.107,102.460,1488,2,1256,11ec/1216;001d/32,0,1210,11ec,1120,0,0,0,1
pass=C;cert=rsa;rtt=50;model=bernoulli;p=0.0;dir=both,116,full,default,15,50.417,51.973,102.390,1488,2,1256,11ec/1216;001d/32,0,1210,11ec,1120,0,0,0,1
pass=C;cert=rsa;rtt=50;model=bernoulli;p=0.0;dir=both,117,full,default,15,50.453,52.103,102.557,1488,2,1256,11ec/1216;001d/32,0,1210,11ec,1120,0,0,0,1
pass=C;cert=rsa;rtt=50;model=bernoulli;p=0.0;dir=both,118,full,default,15,50.502,52.109,102.611,1488,2,1256,11ec/1216;001d/32,0,1210,11ec,1120,0,0,0,1
pass=C;cert=rsa;rtt=50;model=bernoulli;p=0.0;dir=both,119,full,default,15,50.393,52.150,102.542,1488,2,1256,11ec/1216;001d/32,0,1210,11ec,1120,0,0,0,1
pass=C;cert=rsa;rtt=50;model=bernoulli;p=0.0;dir=both,120,full,default,15,50.451,52.067,102.518,1488,2,1256,11ec/1216;001d/32,0,1210,11ec,1120,0,0,0,1
pass=C;cert=rsa;rtt=50;model=bernoulli;p=0.0;dir=both,121,full,default,15,50.422,52.321,102.743,1488,2,1256,11ec/1216;001d/32,0,1210,11ec,1120,0,0,0,1
pass=C;cert=rsa;rtt=50;model=bernoulli;p=0.0;dir=both,122,full,default,15,50.381,52.050,102.432,1488,2,1256,11ec/1216;001d/32,0,1210,11ec,1120,0,0,0,1
pass=C;cert=rsa;rtt=50;model=bernoulli;p=0.0;dir=both,123,full,default,15,50.391,52.073,102.464,1488,2,1256,11ec/1216;001d/32,0,1210,11ec,1120,0,0,0,1
pass=C;cert=rsa;rtt=50;model=bernoulli;p=0.0;dir=both,124,full,default,15,50.511,52.266,102.777,1488,2,1256,11ec/1216;001d/32,0,1210,11ec,1120,0,0,0,1
pass=C;cert=rsa;rtt=50;model=bernoulli;p=0.0;dir=both,125,full,default,15,50.422,52.150,102.572,1488,2,1256,11ec/1216;001d/32,0,1210,11ec,1120,0,0,0,1
pass=C;cert=rsa;rtt=50;model=bernoulli;p=0.0;dir=both,126,full,default,15,50.366,52.096,102.462,1488,2,1256,11ec/1216;001d/32,0,1210,11ec,1120,0,0,0,1
pass=C;cert=rsa;rtt=50;model=bernoulli;p=0.0;dir=both,127,full,default,15,50.457,52.419,102.876,1488,2,1256,11ec/1216;001d/32,0,1210,11ec,1120,0,0,0,1
pass=C;cert=rsa;rtt=50;model=bernoulli;p=0.0;dir=both,128,full,default,15,50.343,52.089,102.432,1488,2,1256,11ec/1216;001d/32,0,1210,11ec,1120,0,0,0,1
pass=C;cert=rsa;rtt=50;model=bernoulli;p=0.0;dir=both,129,full,default,15,50.382,52.190,102.572,1488,2,1256,11ec/1216;001d/32,0,1210,11ec,1120,0,0,0,1
pass=C;cert=rsa;rtt=50;model=bernoulli;p=0.0;dir=both,130,full,default,15,50.437,51.946,102.383,1488,2,1256,11ec/1216;001d/32,0,1210,11ec,1120,0,0,0,1
pass=C;cert=rsa;rtt=50;model=bernoulli;p=0.0;dir=both,131,full,default,15,50.360,51.978,102.339,1488,2,1256,11ec/1216;001d/32,0,1210,11ec,1120,0,0,0,1
pass=C;cert=rsa;rtt=50;model=bernoulli;p=0.0;dir=both,132,full,default,15,50.444,53.122,103.565,1488,2,1256,11ec/1216;001d/32,0,1210,11ec,1120,0,0,0,1
pass=C;cert=rsa;rtt=50;model=bernoulli;p=0.0;dir=both,133,full,default,15,50.434,52.187,102.621,1488,2,1256,11ec/1216;001d/32,0,1210,11ec,1120,0,0,0,1
pass=C;cert=rsa;rtt=50;model=bernoulli;p=0.0;dir=both,134,full,default,15,50.446,52.112,102.558,1488,2,1256,11ec/1216;001d/32,0,1210,11ec,1120,0,0,0,1
pass=C;cert=rsa;rtt=50;model=bernoulli;p=0.0;dir=both,135,full,default,15,50.409,52.132,102.541,1488,2,1256,11ec/1216;001d/32,0,1210,11ec,1120,0,0,0,1
pass=C;cert=rsa;rtt=50;model=bernoulli;p=0.0;dir=both,136,full,default,15,50.495,52.326,102.821,1488,2,1256,11ec/1216;001d/32,0,1210,11ec,1120,0,0,0,1
pass=C;cert=rsa;rtt=50;model=bernoulli;p=0.0;dir=both,137,full,default,15,50.491,52.618,103.109,1488,2,1256,11ec/1216;001d/32,0,1210,11ec,1120,0,0,0,1
pass=C;cert=rsa;rtt=50;model=bernoulli;p=0.0;dir=both,138,full,default,15,50.345,52.340,102.685,1488,2,1256,11ec/1216;001d/32,0,1210,11ec,1120,0,0,0,1
pass=C;cert=rsa;rtt=50;model=bernoulli;p=0.0;dir=both,139,full,default,15,50.389,52.057,102.446,1488,2,1256,11ec/1216;001d/32,0,1210,11ec,1120,0,0,0,1
pass=C;cert=rsa;rtt=50;model=bernoulli;p=0.0;dir=both,140,full,default,15,50.350,52.301,102.651,1488,2,1256,11ec/1216;001d/32,0,1210,11ec,1120,0,0,0,1
pass=C;cert=rsa;rtt=50;model=bernoulli;p=0.0;dir=both,141,full,default,15,50.398,53.349,103.748,1488,2,1256,11ec/1216;001d/32,0,1210,11ec,1120,0,0,0,1
pass=C;cert=rsa;rtt=50;model=bernoulli;p=0.0;dir=both,142,full,default,15,50.475,52.104,102.578,1488,2,1256,11ec/1216;001d/32,0,1210,11ec,1120,0,0,0,1
pass=C;cert=rsa;rtt=50;model=bernoulli;p=0.0;dir=both,143,full,default,15,50.370,51.955,102.325,1488,2,1256,11ec/1216;001d/32,0,1210,11ec,1120,0,0,0,1
pass=C;cert=rsa;rtt=50;model=bernoulli;p=0.0;dir=both,144,full,default,15,50.401,52.014,102.415,1488,2,1256,11ec/1216;001d/32,0,1210,11ec,1120,0,0,0,1
pass=C;cert=rsa;rtt=50;model=bernoulli;p=0.0;dir=both,145,full,default,15,50.356,52.036,102.392,1488,2,1256,11ec/1216;001d/32,0,1210,11ec,1120,0,0,0,1
pass=C;cert=rsa;rtt=50;model=bernoulli;p=0.0;dir=both,146,full,default,15,50.386,52.002,102.388,1488,2,1256,11ec/1216;001d/32,0,1210,11ec,1120,0,0,0,1
pass=C;cert=rsa;rtt=50;model=bernoulli;p=0.0;dir=both,147,full,default,15,50.359,52.145,102.504,1488,2,1256,11ec/1216;001d/32,0,1210,11ec,1120,0,0,0,1
pass=C;cert=rsa;rtt=50;model=bernoulli;p=0.0;dir=both,148,full,default,15,50.379,51.922,102.301,1488,2,1256,11ec/1216;001d/32,0,1210,11ec,1120,0,0,0,1
pass=C;cert=rsa;rtt=50;model=bernoulli;p=0.0;dir=both,149,full,default,15,50.425,52.188,102.613,1488,2,1256,11ec/1216;001d/32,0,1210,11ec,1120,0,0,0,1
pass=C;cert=rsa;rtt=50;model=bernoulli;p=0.02;dir=both,0,full,X25519,15,50.665,52.589,103.254,254,1,36,001d/32,0,122,001d,32,0,0,0,1
pass=C;cert=rsa;rtt=50;model=bernoulli;p=0.02;dir=both,1,full,X25519,15,50.486,52.352,102.838,254,1,36,001d/32,0,122,001d,32,0,0,0,1
pass=C;cert=rsa;rtt=50;model=bernoulli;p=0.02;dir=both,2,full,X25519,15,50.472,52.009,102.482,254,1,36,001d/32,0,122,001d,32,0,0,0,1
pass=C;cert=rsa;rtt=50;model=bernoulli;p=0.02;dir=both,3,full,X25519,15,50.378,52.046,102.424,254,1,36,001d/32,0,122,001d,32,0,0,0,1
pass=C;cert=rsa;rtt=50;model=bernoulli;p=0.02;dir=both,4,full,X25519,15,50.581,52.284,102.865,254,1,36,001d/32,0,122,001d,32,0,0,0,1
pass=C;cert=rsa;rtt=50;model=bernoulli;p=0.02;dir=both,5,full,X25519,15,50.452,52.194,102.646,254,1,36,001d/32,0,122,001d,32,0,0,0,1
pass=C;cert=rsa;rtt=50;model=bernoulli;p=0.02;dir=both,6,full,X25519,15,50.486,52.285,102.771,254,1,36,001d/32,0,122,001d,32,0,0,0,1
pass=C;cert=rsa;rtt=50;model=bernoulli;p=0.02;dir=both,7,full,X25519,15,50.458,52.072,102.530,254,1,36,001d/32,0,122,001d,32,0,0,0,1
pass=C;cert=rsa;rtt=50;model=bernoulli;p=0.02;dir=both,8,full,X25519,15,50.484,68.906,119.391,254,1,36,001d/32,0,122,001d,32,0,0,0,1
pass=C;cert=rsa;rtt=50;model=bernoulli;p=0.02;dir=both,9,full,X25519,15,50.493,52.223,102.716,254,1,36,001d/32,0,122,001d,32,0,0,0,1
pass=C;cert=rsa;rtt=50;model=bernoulli;p=0.02;dir=both,10,full,X25519,15,50.509,52.090,102.599,254,1,36,001d/32,0,122,001d,32,0,0,0,1
pass=C;cert=rsa;rtt=50;model=bernoulli;p=0.02;dir=both,11,full,X25519,15,50.452,388.663,439.115,254,1,36,001d/32,0,122,001d,32,0,0,1,1
pass=C;cert=rsa;rtt=50;model=bernoulli;p=0.02;dir=both,12,full,X25519,15,50.381,51.660,102.042,254,1,36,001d/32,0,122,001d,32,0,0,0,1
pass=C;cert=rsa;rtt=50;model=bernoulli;p=0.02;dir=both,13,full,X25519,15,50.421,51.833,102.254,254,1,36,001d/32,0,122,001d,32,0,0,0,1
pass=C;cert=rsa;rtt=50;model=bernoulli;p=0.02;dir=both,14,full,X25519,15,50.482,52.022,102.504,254,1,36,001d/32,0,122,001d,32,0,0,0,1
pass=C;cert=rsa;rtt=50;model=bernoulli;p=0.02;dir=both,15,full,X25519,15,50.393,51.889,102.282,254,1,36,001d/32,0,122,001d,32,0,0,0,1
pass=C;cert=rsa;rtt=50;model=bernoulli;p=0.02;dir=both,16,full,X25519,15,50.434,51.741,102.176,254,1,36,001d/32,0,122,001d,32,0,0,0,1
pass=C;cert=rsa;rtt=50;model=bernoulli;p=0.02;dir=both,17,full,X25519,15,50.403,52.769,103.172,254,1,36,001d/32,0,122,001d,32,0,0,0,1
pass=C;cert=rsa;rtt=50;model=bernoulli;p=0.02;dir=both,18,full,X25519,15,50.411,52.246,102.657,254,1,36,001d/32,0,122,001d,32,0,0,0,1
pass=C;cert=rsa;rtt=50;model=bernoulli;p=0.02;dir=both,19,full,X25519,15,50.357,51.560,101.917,254,1,36,001d/32,0,122,001d,32,0,0,0,1
pass=C;cert=rsa;rtt=50;model=bernoulli;p=0.02;dir=both,20,full,X25519,15,52.369,52.105,104.474,254,1,36,001d/32,0,122,001d,32,0,0,0,1
pass=C;cert=rsa;rtt=50;model=bernoulli;p=0.02;dir=both,21,full,X25519,15,50.396,51.898,102.294,254,1,36,001d/32,0,122,001d,32,0,0,0,1
pass=C;cert=rsa;rtt=50;model=bernoulli;p=0.02;dir=both,22,full,X25519,15,50.349,69.224,119.573,254,1,36,001d/32,0,122,001d,32,0,0,0,1
pass=C;cert=rsa;rtt=50;model=bernoulli;p=0.02;dir=both,23,full,X25519,15,50.446,52.113,102.559,254,1,36,001d/32,0,122,001d,32,0,0,0,1
pass=C;cert=rsa;rtt=50;model=bernoulli;p=0.02;dir=both,24,full,X25519,15,50.829,52.537,103.366,254,1,36,001d/32,0,122,001d,32,0,0,0,1
pass=C;cert=rsa;rtt=50;model=bernoulli;p=0.02;dir=both,25,full,X25519,15,50.397,51.908,102.306,254,1,36,001d/32,0,122,001d,32,0,0,0,1
pass=C;cert=rsa;rtt=50;model=bernoulli;p=0.02;dir=both,26,full,X25519,15,50.349,51.828,102.177,254,1,36,001d/32,0,122,001d,32,0,0,0,1
pass=C;cert=rsa;rtt=50;model=bernoulli;p=0.02;dir=both,27,full,X25519,15,50.440,51.848,102.288,254,1,36,001d/32,0,122,001d,32,0,0,0,1
pass=C;cert=rsa;rtt=50;model=bernoulli;p=0.02;dir=both,28,full,X25519,15,50.389,51.901,102.291,254,1,36,001d/32,0,122,001d,32,0,0,0,1
pass=C;cert=rsa;rtt=50;model=bernoulli;p=0.02;dir=both,29,full,X25519,15,1050.591,66.609,1117.201,254,1,36,001d/32,0,122,001d,32,0,0,1,1
pass=C;cert=rsa;rtt=50;model=bernoulli;p=0.02;dir=both,30,full,X25519,15,50.447,53.612,104.059,254,1,36,001d/32,0,122,001d,32,0,0,0,1
pass=C;cert=rsa;rtt=50;model=bernoulli;p=0.02;dir=both,31,full,X25519,15,50.540,52.335,102.875,254,1,36,001d/32,0,122,001d,32,0,0,0,1
pass=C;cert=rsa;rtt=50;model=bernoulli;p=0.02;dir=both,32,full,X25519,15,50.469,52.241,102.710,254,1,36,001d/32,0,122,001d,32,0,0,0,1
pass=C;cert=rsa;rtt=50;model=bernoulli;p=0.02;dir=both,33,full,X25519,15,50.473,54.560,105.032,254,1,36,001d/32,0,122,001d,32,0,0,0,1
pass=C;cert=rsa;rtt=50;model=bernoulli;p=0.02;dir=both,34,full,X25519,15,50.425,52.284,102.709,254,1,36,001d/32,0,122,001d,32,0,0,0,1
pass=C;cert=rsa;rtt=50;model=bernoulli;p=0.02;dir=both,35,full,X25519,15,50.394,120.131,170.525,254,1,36,001d/32,0,122,001d,32,0,0,0,1
pass=C;cert=rsa;rtt=50;model=bernoulli;p=0.02;dir=both,36,full,X25519,15,50.359,51.915,102.274,254,1,36,001d/32,0,122,001d,32,0,0,0,1
pass=C;cert=rsa;rtt=50;model=bernoulli;p=0.02;dir=both,37,full,X25519,15,50.408,51.658,102.065,254,1,36,001d/32,0,122,001d,32,0,0,0,1
pass=C;cert=rsa;rtt=50;model=bernoulli;p=0.02;dir=both,38,full,X25519,15,50.358,367.541,417.899,254,1,36,001d/32,0,122,001d,32,0,0,1,1
pass=C;cert=rsa;rtt=50;model=bernoulli;p=0.02;dir=both,39,full,X25519,15,50.460,370.440,420.900,254,1,36,001d/32,0,122,001d,32,0,0,0,1
pass=C;cert=rsa;rtt=50;model=bernoulli;p=0.02;dir=both,40,full,X25519,15,50.387,51.805,102.192,254,1,36,001d/32,0,122,001d,32,0,0,0,1
pass=C;cert=rsa;rtt=50;model=bernoulli;p=0.02;dir=both,41,full,X25519,15,50.344,51.663,102.007,254,1,36,001d/32,0,122,001d,32,0,0,0,1
pass=C;cert=rsa;rtt=50;model=bernoulli;p=0.02;dir=both,42,full,X25519,15,50.534,52.362,102.895,254,1,36,001d/32,0,122,001d,32,0,0,0,1
pass=C;cert=rsa;rtt=50;model=bernoulli;p=0.02;dir=both,43,full,X25519,15,50.467,51.930,102.397,254,1,36,001d/32,0,122,001d,32,0,0,0,1
pass=C;cert=rsa;rtt=50;model=bernoulli;p=0.02;dir=both,44,full,X25519,15,50.355,51.882,102.237,254,1,36,001d/32,0,122,001d,32,0,0,0,1
pass=C;cert=rsa;rtt=50;model=bernoulli;p=0.02;dir=both,45,full,X25519,15,50.382,51.645,102.027,254,1,36,001d/32,0,122,001d,32,0,0,0,1
pass=C;cert=rsa;rtt=50;model=bernoulli;p=0.02;dir=both,46,full,X25519,15,50.368,51.543,101.911,254,1,36,001d/32,0,122,001d,32,0,0,0,1
pass=C;cert=rsa;rtt=50;model=bernoulli;p=0.02;dir=both,47,full,X25519,15,50.401,51.531,101.932,254,1,36,001d/32,0,122,001d,32,0,0,0,1
pass=C;cert=rsa;rtt=50;model=bernoulli;p=0.02;dir=both,48,full,X25519,15,50.461,51.816,102.277,254,1,36,001d/32,0,122,001d,32,0,0,0,1
pass=C;cert=rsa;rtt=50;model=bernoulli;p=0.02;dir=both,49,full,X25519,15,50.430,51.799,102.229,254,1,36,001d/32,0,122,001d,32,0,0,0,1
pass=C;cert=rsa;rtt=50;model=bernoulli;p=0.02;dir=both,50,full,X25519,15,50.381,51.524,101.906,254,1,36,001d/32,0,122,001d,32,0,0,0,1
pass=C;cert=rsa;rtt=50;model=bernoulli;p=0.02;dir=both,51,full,X25519,15,50.324,51.683,102.007,254,1,36,001d/32,0,122,001d,32,0,0,0,1
pass=C;cert=rsa;rtt=50;model=bernoulli;p=0.02;dir=both,52,full,X25519,15,50.392,51.963,102.355,254,1,36,001d/32,0,122,001d,32,0,0,0,1
pass=C;cert=rsa;rtt=50;model=bernoulli;p=0.02;dir=both,53,full,X25519,15,50.561,51.789,102.350,254,1,36,001d/32,0,122,001d,32,0,0,0,1
pass=C;cert=rsa;rtt=50;model=bernoulli;p=0.02;dir=both,54,full,X25519,15,50.512,51.843,102.355,254,1,36,001d/32,0,122,001d,32,0,0,0,1
pass=C;cert=rsa;rtt=50;model=bernoulli;p=0.02;dir=both,55,full,X25519,15,50.409,51.616,102.024,254,1,36,001d/32,0,122,001d,32,0,0,0,1
pass=C;cert=rsa;rtt=50;model=bernoulli;p=0.02;dir=both,56,full,X25519,15,50.432,51.938,102.370,254,1,36,001d/32,0,122,001d,32,0,0,0,1
pass=C;cert=rsa;rtt=50;model=bernoulli;p=0.02;dir=both,57,full,X25519,15,50.431,53.454,103.885,254,1,36,001d/32,0,122,001d,32,0,0,0,1
pass=C;cert=rsa;rtt=50;model=bernoulli;p=0.02;dir=both,58,full,X25519,15,50.464,55.538,106.002,254,1,36,001d/32,0,122,001d,32,0,0,0,1
pass=C;cert=rsa;rtt=50;model=bernoulli;p=0.02;dir=both,59,full,X25519,15,50.461,52.347,102.808,254,1,36,001d/32,0,122,001d,32,0,0,0,1
pass=C;cert=rsa;rtt=50;model=bernoulli;p=0.02;dir=both,60,full,X25519,15,50.373,51.892,102.265,254,1,36,001d/32,0,122,001d,32,0,0,0,1
pass=C;cert=rsa;rtt=50;model=bernoulli;p=0.02;dir=both,61,full,X25519,15,50.543,51.731,102.274,254,1,36,001d/32,0,122,001d,32,0,0,0,1
pass=C;cert=rsa;rtt=50;model=bernoulli;p=0.02;dir=both,62,full,X25519,15,50.470,120.150,170.620,254,1,36,001d/32,0,122,001d,32,0,0,0,1
pass=C;cert=rsa;rtt=50;model=bernoulli;p=0.02;dir=both,63,full,X25519,15,50.478,51.755,102.233,254,1,36,001d/32,0,122,001d,32,0,0,0,1
pass=C;cert=rsa;rtt=50;model=bernoulli;p=0.02;dir=both,64,full,X25519,15,50.398,51.953,102.351,254,1,36,001d/32,0,122,001d,32,0,0,0,1
pass=C;cert=rsa;rtt=50;model=bernoulli;p=0.02;dir=both,65,full,X25519,15,50.406,52.005,102.411,254,1,36,001d/32,0,122,001d,32,0,0,0,1
pass=C;cert=rsa;rtt=50;model=bernoulli;p=0.02;dir=both,66,full,X25519,15,50.462,51.796,102.258,254,1,36,001d/32,0,122,001d,32,0,0,0,1
pass=C;cert=rsa;rtt=50;model=bernoulli;p=0.02;dir=both,67,full,X25519,15,50.459,51.903,102.362,254,1,36,001d/32,0,122,001d,32,0,0,0,1
pass=C;cert=rsa;rtt=50;model=bernoulli;p=0.02;dir=both,68,full,X25519,15,1052.453,51.861,1104.313,254,1,36,001d/32,0,122,001d,32,0,0,1,1
pass=C;cert=rsa;rtt=50;model=bernoulli;p=0.02;dir=both,69,full,X25519,15,1068.008,52.026,1120.033,254,1,36,001d/32,0,122,001d,32,0,0,1,1
pass=C;cert=rsa;rtt=50;model=bernoulli;p=0.02;dir=both,70,full,X25519,15,50.357,52.158,102.515,254,1,36,001d/32,0,122,001d,32,0,0,0,1
pass=C;cert=rsa;rtt=50;model=bernoulli;p=0.02;dir=both,71,full,X25519,15,50.482,51.816,102.297,254,1,36,001d/32,0,122,001d,32,0,0,0,1
pass=C;cert=rsa;rtt=50;model=bernoulli;p=0.02;dir=both,72,full,X25519,15,50.416,51.822,102.239,254,1,36,001d/32,0,122,001d,32,0,0,0,1
pass=C;cert=rsa;rtt=50;model=bernoulli;p=0.02;dir=both,73,full,X25519,15,50.522,52.091,102.614,254,1,36,001d/32,0,122,001d,32,0,0,0,1
pass=C;cert=rsa;rtt=50;model=bernoulli;p=0.02;dir=both,74,full,X25519,15,50.567,52.168,102.734,254,1,36,001d/32,0,122,001d,32,0,0,0,1
pass=C;cert=rsa;rtt=50;model=bernoulli;p=0.02;dir=both,75,full,X25519,15,50.406,51.755,102.161,254,1,36,001d/32,0,122,001d,32,0,0,0,1
pass=C;cert=rsa;rtt=50;model=bernoulli;p=0.02;dir=both,76,full,X25519,15,50.392,51.613,102.005,254,1,36,001d/32,0,122,001d,32,0,0,0,1
pass=C;cert=rsa;rtt=50;model=bernoulli;p=0.02;dir=both,77,full,X25519,15,50.570,51.767,102.337,254,1,36,001d/32,0,122,001d,32,0,0,0,1
pass=C;cert=rsa;rtt=50;model=bernoulli;p=0.02;dir=both,78,full,X25519,15,50.443,51.786,102.228,254,1,36,001d/32,0,122,001d,32,0,0,0,1
pass=C;cert=rsa;rtt=50;model=bernoulli;p=0.02;dir=both,79,full,X25519,15,50.410,53.307,103.716,254,1,36,001d/32,0,122,001d,32,0,0,0,1
pass=C;cert=rsa;rtt=50;model=bernoulli;p=0.02;dir=both,80,full,X25519,15,50.542,51.784,102.326,254,1,36,001d/32,0,122,001d,32,0,0,0,1
pass=C;cert=rsa;rtt=50;model=bernoulli;p=0.02;dir=both,81,full,X25519,15,50.754,51.799,102.554,254,1,36,001d/32,0,122,001d,32,0,0,0,1
pass=C;cert=rsa;rtt=50;model=bernoulli;p=0.02;dir=both,82,full,X25519,15,50.434,51.789,102.223,254,1,36,001d/32,0,122,001d,32,0,0,0,1
pass=C;cert=rsa;rtt=50;model=bernoulli;p=0.02;dir=both,83,full,X25519,15,50.418,362.729,413.147,254,1,36,001d/32,0,122,001d,32,0,0,0,1
pass=C;cert=rsa;rtt=50;model=bernoulli;p=0.02;dir=both,84,full,X25519,15,50.387,121.644,172.030,254,1,36,001d/32,0,122,001d,32,0,0,0,1
pass=C;cert=rsa;rtt=50;model=bernoulli;p=0.02;dir=both,85,full,X25519,15,50.429,51.737,102.166,254,1,36,001d/32,0,122,001d,32,0,0,0,1
pass=C;cert=rsa;rtt=50;model=bernoulli;p=0.02;dir=both,86,full,X25519,15,50.440,51.675,102.115,254,1,36,001d/32,0,122,001d,32,0,0,0,1
pass=C;cert=rsa;rtt=50;model=bernoulli;p=0.02;dir=both,87,full,X25519,15,50.387,51.735,102.122,254,1,36,001d/32,0,122,001d,32,0,0,0,1
pass=C;cert=rsa;rtt=50;model=bernoulli;p=0.02;dir=both,88,full,X25519,15,50.451,51.785,102.236,254,1,36,001d/32,0,122,001d,32,0,0,0,1
pass=C;cert=rsa;rtt=50;model=bernoulli;p=0.02;dir=both,89,full,X25519,15,50.470,51.798,102.268,254,1,36,001d/32,0,122,001d,32,0,0,0,1
pass=C;cert=rsa;rtt=50;model=bernoulli;p=0.02;dir=both,90,full,X25519,15,50.314,68.108,118.423,254,1,36,001d/32,0,122,001d,32,0,0,0,1
pass=C;cert=rsa;rtt=50;model=bernoulli;p=0.02;dir=both,91,full,X25519,15,50.378,51.681,102.060,254,1,36,001d/32,0,122,001d,32,0,0,0,1
pass=C;cert=rsa;rtt=50;model=bernoulli;p=0.02;dir=both,92,full,X25519,15,50.386,51.788,102.174,254,1,36,001d/32,0,122,001d,32,0,0,0,1
pass=C;cert=rsa;rtt=50;model=bernoulli;p=0.02;dir=both,93,full,X25519,15,50.409,51.768,102.177,254,1,36,001d/32,0,122,001d,32,0,0,0,1
pass=C;cert=rsa;rtt=50;model=bernoulli;p=0.02;dir=both,94,full,X25519,15,50.297,51.698,101.995,254,1,36,001d/32,0,122,001d,32,0,0,0,1
pass=C;cert=rsa;rtt=50;model=bernoulli;p=0.02;dir=both,95,full,X25519,15,50.430,52.263,102.692,254,1,36,001d/32,0,122,001d,32,0,0,0,1
pass=C;cert=rsa;rtt=50;model=bernoulli;p=0.02;dir=both,96,full,X25519,15,50.349,69.861,120.209,254,1,36,001d/32,0,122,001d,32,0,0,0,1
pass=C;cert=rsa;rtt=50;model=bernoulli;p=0.02;dir=both,97,full,X25519,15,50.398,52.023,102.421,254,1,36,001d/32,0,122,001d,32,0,0,0,1
pass=C;cert=rsa;rtt=50;model=bernoulli;p=0.02;dir=both,98,full,X25519,15,50.426,120.665,171.091,254,1,36,001d/32,0,122,001d,32,0,0,0,1
pass=C;cert=rsa;rtt=50;model=bernoulli;p=0.02;dir=both,99,full,X25519,15,51.271,51.922,103.192,254,1,36,001d/32,0,122,001d,32,0,0,0,1
pass=C;cert=rsa;rtt=50;model=bernoulli;p=0.02;dir=both,100,full,X25519,15,50.449,52.044,102.493,254,1,36,001d/32,0,122,001d,32,0,0,0,1
pass=C;cert=rsa;rtt=50;model=bernoulli;p=0.02;dir=both,101,full,X25519,15,50.391,56.338,106.730,254,1,36,001d/32,0,122,001d,32,0,0,0,1
pass=C;cert=rsa;rtt=50;model=bernoulli;p=0.02;dir=both,102,full,X25519,15,50.473,51.726,102.198,254,1,36,001d/32,0,122,001d,32,0,0,0,1
pass=C;cert=rsa;rtt=50;model=bernoulli;p=0.02;dir=both,103,full,X25519,15,50.419,52.058,102.477,254,1,36,001d/32,0,122,001d,32,0,0,0,1
pass=C;cert=rsa;rtt=50;model=bernoulli;p=0.02;dir=both,104,full,X25519,15,50.484,119.723,170.207,254,1,36,001d/32,0,122,001d,32,0,0,0,1
pass=C;cert=rsa;rtt=50;model=bernoulli;p=0.02;dir=both,105,full,X25519,15,50.454,52.082,102.536,254,1,36,001d/32,0,122,001d,32,0,0,0,1
pass=C;cert=rsa;rtt=50;model=bernoulli;p=0.02;dir=both,106,full,X25519,15,50.448,51.620,102.068,254,1,36,001d/32,0,122,001d,32,0,0,0,1
pass=C;cert=rsa;rtt=50;model=bernoulli;p=0.02;dir=both,107,full,X25519,15,50.323,51.787,102.110,254,1,36,001d/32,0,122,001d,32,0,0,0,1
pass=C;cert=rsa;rtt=50;model=bernoulli;p=0.02;dir=both,108,full,X25519,15,50.380,51.711,102.091,254,1,36,001d/32,0,122,001d,32,0,0,0,1
pass=C;cert=rsa;rtt=50;model=bernoulli;p=0.02;dir=both,109,full,X25519,15,50.434,51.840,102.275,254,1,36,001d/32,0,122,001d,32,0,0,0,1
pass=C;cert=rsa;rtt=50;model=bernoulli;p=0.02;dir=both,110,full,X25519,15,50.413,51.819,102.233,254,1,36,001d/32,0,122,001d,32,0,0,0,1
pass=C;cert=rsa;rtt=50;model=bernoulli;p=0.02;dir=both,111,full,X25519,15,50.384,51.752,102.136,254,1,36,001d/32,0,122,001d,32,0,0,0,1
pass=C;cert=rsa;rtt=50;model=bernoulli;p=0.02;dir=both,112,full,X25519,15,50.490,51.955,102.446,254,1,36,001d/32,0,122,001d,32,0,0,0,1
pass=C;cert=rsa;rtt=50;model=bernoulli;p=0.02;dir=both,113,full,X25519,15,50.429,51.688,102.118,254,1,36,001d/32,0,122,001d,32,0,0,0,1
pass=C;cert=rsa;rtt=50;model=bernoulli;p=0.02;dir=both,114,full,X25519,15,50.360,120.361,170.720,254,1,36,001d/32,0,122,001d,32,0,0,0,1
pass=C;cert=rsa;rtt=50;model=bernoulli;p=0.02;dir=both,115,full,X25519,15,50.446,51.864,102.310,254,1,36,001d/32,0,122,001d,32,0,0,0,1
pass=C;cert=rsa;rtt=50;model=bernoulli;p=0.02;dir=both,116,full,X25519,15,50.452,52.442,102.894,254,1,36,001d/32,0,122,001d,32,0,0,0,1
pass=C;cert=rsa;rtt=50;model=bernoulli;p=0.02;dir=both,117,full,X25519,15,50.368,51.952,102.319,254,1,36,001d/32,0,122,001d,32,0,0,0,1
pass=C;cert=rsa;rtt=50;model=bernoulli;p=0.02;dir=both,118,full,X25519,15,50.401,52.499,102.900,254,1,36,001d/32,0,122,001d,32,0,0,0,1
pass=C;cert=rsa;rtt=50;model=bernoulli;p=0.02;dir=both,119,full,X25519,15,50.429,51.917,102.346,254,1,36,001d/32,0,122,001d,32,0,0,0,1
pass=C;cert=rsa;rtt=50;model=bernoulli;p=0.02;dir=both,120,full,X25519,15,50.492,52.036,102.528,254,1,36,001d/32,0,122,001d,32,0,0,0,1
pass=C;cert=rsa;rtt=50;model=bernoulli;p=0.02;dir=both,121,full,X25519,15,50.469,51.841,102.310,254,1,36,001d/32,0,122,001d,32,0,0,0,1
pass=C;cert=rsa;rtt=50;model=bernoulli;p=0.02;dir=both,122,full,X25519,15,50.530,51.769,102.300,254,1,36,001d/32,0,122,001d,32,0,0,0,1
pass=C;cert=rsa;rtt=50;model=bernoulli;p=0.02;dir=both,123,full,X25519,15,50.368,120.650,171.019,254,1,36,001d/32,0,122,001d,32,0,0,0,1
pass=C;cert=rsa;rtt=50;model=bernoulli;p=0.02;dir=both,124,full,X25519,15,50.519,52.839,103.358,254,1,36,001d/32,0,122,001d,32,0,0,0,1
pass=C;cert=rsa;rtt=50;model=bernoulli;p=0.02;dir=both,125,full,X25519,15,50.526,51.803,102.329,254,1,36,001d/32,0,122,001d,32,0,0,0,1
pass=C;cert=rsa;rtt=50;model=bernoulli;p=0.02;dir=both,126,full,X25519,15,50.383,52.153,102.536,254,1,36,001d/32,0,122,001d,32,0,0,0,1
pass=C;cert=rsa;rtt=50;model=bernoulli;p=0.02;dir=both,127,full,X25519,15,50.418,51.796,102.213,254,1,36,001d/32,0,122,001d,32,0,0,0,1
pass=C;cert=rsa;rtt=50;model=bernoulli;p=0.02;dir=both,128,full,X25519,15,50.384,51.959,102.343,254,1,36,001d/32,0,122,001d,32,0,0,0,1
pass=C;cert=rsa;rtt=50;model=bernoulli;p=0.02;dir=both,129,full,X25519,15,50.491,52.127,102.618,254,1,36,001d/32,0,122,001d,32,0,0,0,1
pass=C;cert=rsa;rtt=50;model=bernoulli;p=0.02;dir=both,130,full,X25519,15,50.409,52.264,102.672,254,1,36,001d/32,0,122,001d,32,0,0,0,1
pass=C;cert=rsa;rtt=50;model=bernoulli;p=0.02;dir=both,131,full,X25519,15,50.496,51.936,102.432,254,1,36,001d/32,0,122,001d,32,0,0,0,1
pass=C;cert=rsa;rtt=50;model=bernoulli;p=0.02;dir=both,132,full,X25519,15,50.358,51.796,102.154,254,1,36,001d/32,0,122,001d,32,0,0,0,1
pass=C;cert=rsa;rtt=50;model=bernoulli;p=0.02;dir=both,133,full,X25519,15,50.395,51.732,102.127,254,1,36,001d/32,0,122,001d,32,0,0,0,1
pass=C;cert=rsa;rtt=50;model=bernoulli;p=0.02;dir=both,134,full,X25519,15,50.439,51.684,102.123,254,1,36,001d/32,0,122,001d,32,0,0,0,1
pass=C;cert=rsa;rtt=50;model=bernoulli;p=0.02;dir=both,135,full,X25519,15,50.466,51.795,102.260,254,1,36,001d/32,0,122,001d,32,0,0,0,1
pass=C;cert=rsa;rtt=50;model=bernoulli;p=0.02;dir=both,136,full,X25519,15,50.433,51.870,102.302,254,1,36,001d/32,0,122,001d,32,0,0,0,1
pass=C;cert=rsa;rtt=50;model=bernoulli;p=0.02;dir=both,137,full,X25519,15,50.501,123.979,174.479,254,1,36,001d/32,0,122,001d,32,0,0,0,1
pass=C;cert=rsa;rtt=50;model=bernoulli;p=0.02;dir=both,138,full,X25519,15,50.601,51.882,102.483,254,1,36,001d/32,0,122,001d,32,0,0,0,1
pass=C;cert=rsa;rtt=50;model=bernoulli;p=0.02;dir=both,139,full,X25519,15,50.656,52.026,102.682,254,1,36,001d/32,0,122,001d,32,0,0,0,1
pass=C;cert=rsa;rtt=50;model=bernoulli;p=0.02;dir=both,140,full,X25519,15,50.487,52.377,102.864,254,1,36,001d/32,0,122,001d,32,0,0,0,1
pass=C;cert=rsa;rtt=50;model=bernoulli;p=0.02;dir=both,141,full,X25519,15,50.417,52.391,102.808,254,1,36,001d/32,0,122,001d,32,0,0,0,1
pass=C;cert=rsa;rtt=50;model=bernoulli;p=0.02;dir=both,142,full,X25519,15,50.538,52.454,102.992,254,1,36,001d/32,0,122,001d,32,0,0,0,1
pass=C;cert=rsa;rtt=50;model=bernoulli;p=0.02;dir=both,143,full,X25519,15,50.506,52.372,102.878,254,1,36,001d/32,0,122,001d,32,0,0,0,1
pass=C;cert=rsa;rtt=50;model=bernoulli;p=0.02;dir=both,144,full,X25519,15,50.548,51.824,102.372,254,1,36,001d/32,0,122,001d,32,0,0,0,1
pass=C;cert=rsa;rtt=50;model=bernoulli;p=0.02;dir=both,145,full,X25519,15,1060.862,52.141,1113.003,254,1,36,001d/32,0,122,001d,32,0,0,1,1
pass=C;cert=rsa;rtt=50;model=bernoulli;p=0.02;dir=both,146,full,X25519,15,50.376,51.886,102.263,254,1,36,001d/32,0,122,001d,32,0,0,0,1
pass=C;cert=rsa;rtt=50;model=bernoulli;p=0.02;dir=both,147,full,X25519,15,50.423,52.085,102.509,254,1,36,001d/32,0,122,001d,32,0,0,0,1
pass=C;cert=rsa;rtt=50;model=bernoulli;p=0.02;dir=both,148,full,X25519,15,1054.679,52.704,1107.383,254,1,36,001d/32,0,122,001d,32,0,0,1,1
pass=C;cert=rsa;rtt=50;model=bernoulli;p=0.02;dir=both,149,full,X25519,15,50.420,51.893,102.313,254,1,36,001d/32,0,122,001d,32,0,0,0,1
pass=C;cert=rsa;rtt=50;model=bernoulli;p=0.02;dir=both,0,full,default,15,50.788,52.972,103.760,1488,2,1256,11ec/1216;001d/32,0,1210,11ec,1120,0,0,0,1
pass=C;cert=rsa;rtt=50;model=bernoulli;p=0.02;dir=both,1,full,default,15,50.452,52.355,102.807,1488,2,1256,11ec/1216;001d/32,0,1210,11ec,1120,0,0,0,1
pass=C;cert=rsa;rtt=50;model=bernoulli;p=0.02;dir=both,2,full,default,15,50.491,52.566,103.057,1488,2,1256,11ec/1216;001d/32,0,1210,11ec,1120,0,0,0,1
pass=C;cert=rsa;rtt=50;model=bernoulli;p=0.02;dir=both,3,full,default,15,50.427,54.789,105.215,1488,2,1256,11ec/1216;001d/32,0,1210,11ec,1120,0,0,0,1
pass=C;cert=rsa;rtt=50;model=bernoulli;p=0.02;dir=both,4,full,default,15,50.590,52.491,103.081,1488,2,1256,11ec/1216;001d/32,0,1210,11ec,1120,0,0,0,1
pass=C;cert=rsa;rtt=50;model=bernoulli;p=0.02;dir=both,5,full,default,15,50.363,52.244,102.606,1488,2,1256,11ec/1216;001d/32,0,1210,11ec,1120,0,0,0,1
pass=C;cert=rsa;rtt=50;model=bernoulli;p=0.02;dir=both,6,full,default,15,50.524,52.657,103.180,1488,2,1256,11ec/1216;001d/32,0,1210,11ec,1120,0,0,0,1
pass=C;cert=rsa;rtt=50;model=bernoulli;p=0.02;dir=both,7,full,default,15,50.337,52.331,102.667,1488,2,1256,11ec/1216;001d/32,0,1210,11ec,1120,0,0,0,1
pass=C;cert=rsa;rtt=50;model=bernoulli;p=0.02;dir=both,8,full,default,15,50.451,373.598,424.049,1488,2,1256,11ec/1216;001d/32,0,1210,11ec,1120,0,0,0,1
pass=C;cert=rsa;rtt=50;model=bernoulli;p=0.02;dir=both,9,full,default,15,50.406,52.336,102.742,1488,2,1256,11ec/1216;001d/32,0,1210,11ec,1120,0,0,0,1
pass=C;cert=rsa;rtt=50;model=bernoulli;p=0.02;dir=both,10,full,default,15,50.332,52.436,102.769,1488,2,1256,11ec/1216;001d/32,0,1210,11ec,1120,0,0,0,1
pass=C;cert=rsa;rtt=50;model=bernoulli;p=0.02;dir=both,11,full,default,15,50.452,51.990,102.442,1488,2,1256,11ec/1216;001d/32,0,1210,11ec,1120,0,0,0,1
pass=C;cert=rsa;rtt=50;model=bernoulli;p=0.02;dir=both,12,full,default,15,50.469,52.044,102.513,1488,2,1256,11ec/1216;001d/32,0,1210,11ec,1120,0,0,0,1
pass=C;cert=rsa;rtt=50;model=bernoulli;p=0.02;dir=both,13,full,default,15,50.504,52.332,102.837,1488,2,1256,11ec/1216;001d/32,0,1210,11ec,1120,0,0,0,1
pass=C;cert=rsa;rtt=50;model=bernoulli;p=0.02;dir=both,14,full,default,15,50.402,52.284,102.685,1488,2,1256,11ec/1216;001d/32,0,1210,11ec,1120,0,0,0,1
pass=C;cert=rsa;rtt=50;model=bernoulli;p=0.02;dir=both,15,full,default,15,50.558,53.009,103.567,1488,2,1256,11ec/1216;001d/32,0,1210,11ec,1120,0,0,0,1
pass=C;cert=rsa;rtt=50;model=bernoulli;p=0.02;dir=both,16,full,default,15,50.556,52.509,103.065,1488,2,1256,11ec/1216;001d/32,0,1210,11ec,1120,0,0,0,1
pass=C;cert=rsa;rtt=50;model=bernoulli;p=0.02;dir=both,17,full,default,15,50.468,52.370,102.838,1488,2,1256,11ec/1216;001d/32,0,1210,11ec,1120,0,0,0,1
pass=C;cert=rsa;rtt=50;model=bernoulli;p=0.02;dir=both,18,full,default,15,50.437,52.307,102.744,1488,2,1256,11ec/1216;001d/32,0,1210,11ec,1120,0,0,0,1
pass=C;cert=rsa;rtt=50;model=bernoulli;p=0.02;dir=both,19,full,default,15,50.443,52.286,102.729,1488,2,1256,11ec/1216;001d/32,0,1210,11ec,1120,0,0,0,1
pass=C;cert=rsa;rtt=50;model=bernoulli;p=0.02;dir=both,20,full,default,15,50.441,52.319,102.759,1488,2,1256,11ec/1216;001d/32,0,1210,11ec,1120,0,0,0,1
pass=C;cert=rsa;rtt=50;model=bernoulli;p=0.02;dir=both,21,full,default,15,50.479,52.452,102.931,1488,2,1256,11ec/1216;001d/32,0,1210,11ec,1120,0,0,0,1
pass=C;cert=rsa;rtt=50;model=bernoulli;p=0.02;dir=both,22,full,default,15,50.494,52.143,102.637,1488,2,1256,11ec/1216;001d/32,0,1210,11ec,1120,0,0,0,1
pass=C;cert=rsa;rtt=50;model=bernoulli;p=0.02;dir=both,23,full,default,15,50.472,52.971,103.443,1488,2,1256,11ec/1216;001d/32,0,1210,11ec,1120,0,0,0,1
pass=C;cert=rsa;rtt=50;model=bernoulli;p=0.02;dir=both,24,full,default,15,50.376,51.967,102.343,1488,2,1256,11ec/1216;001d/32,0,1210,11ec,1120,0,0,0,1
pass=C;cert=rsa;rtt=50;model=bernoulli;p=0.02;dir=both,25,full,default,15,50.377,52.241,102.618,1488,2,1256,11ec/1216;001d/32,0,1210,11ec,1120,0,0,0,1
pass=C;cert=rsa;rtt=50;model=bernoulli;p=0.02;dir=both,26,full,default,15,50.385,52.151,102.536,1488,2,1256,11ec/1216;001d/32,0,1210,11ec,1120,0,0,0,1
pass=C;cert=rsa;rtt=50;model=bernoulli;p=0.02;dir=both,27,full,default,15,50.459,52.873,103.332,1488,2,1256,11ec/1216;001d/32,0,1210,11ec,1120,0,0,0,1
pass=C;cert=rsa;rtt=50;model=bernoulli;p=0.02;dir=both,28,full,default,15,50.423,52.365,102.788,1488,2,1256,11ec/1216;001d/32,0,1210,11ec,1120,0,0,0,1
pass=C;cert=rsa;rtt=50;model=bernoulli;p=0.02;dir=both,29,full,default,15,50.530,53.198,103.727,1488,2,1256,11ec/1216;001d/32,0,1210,11ec,1120,0,0,0,1
pass=C;cert=rsa;rtt=50;model=bernoulli;p=0.02;dir=both,30,full,default,15,50.427,52.536,102.963,1488,2,1256,11ec/1216;001d/32,0,1210,11ec,1120,0,0,0,1
pass=C;cert=rsa;rtt=50;model=bernoulli;p=0.02;dir=both,31,full,default,15,50.409,52.118,102.527,1488,2,1256,11ec/1216;001d/32,0,1210,11ec,1120,0,0,0,1
pass=C;cert=rsa;rtt=50;model=bernoulli;p=0.02;dir=both,32,full,default,15,50.458,52.085,102.542,1488,2,1256,11ec/1216;001d/32,0,1210,11ec,1120,0,0,0,1
pass=C;cert=rsa;rtt=50;model=bernoulli;p=0.02;dir=both,33,full,default,15,50.436,52.268,102.704,1488,2,1256,11ec/1216;001d/32,0,1210,11ec,1120,0,0,0,1
pass=C;cert=rsa;rtt=50;model=bernoulli;p=0.02;dir=both,34,full,default,15,50.439,52.673,103.113,1488,2,1256,11ec/1216;001d/32,0,1210,11ec,1120,0,0,0,1
pass=C;cert=rsa;rtt=50;model=bernoulli;p=0.02;dir=both,35,full,default,15,50.441,52.098,102.539,1488,2,1256,11ec/1216;001d/32,0,1210,11ec,1120,0,0,0,1
pass=C;cert=rsa;rtt=50;model=bernoulli;p=0.02;dir=both,36,full,default,15,50.415,52.193,102.608,1488,2,1256,11ec/1216;001d/32,0,1210,11ec,1120,0,0,0,1
pass=C;cert=rsa;rtt=50;model=bernoulli;p=0.02;dir=both,37,full,default,15,50.481,70.705,121.187,1488,2,1256,11ec/1216;001d/32,0,1210,11ec,1120,0,0,0,1
pass=C;cert=rsa;rtt=50;model=bernoulli;p=0.02;dir=both,38,full,default,15,1057.214,102.401,1159.615,1488,2,1256,11ec/1216;001d/32,0,1210,11ec,1120,0,0,1,1
pass=C;cert=rsa;rtt=50;model=bernoulli;p=0.02;dir=both,39,full,default,15,50.485,52.867,103.352,1488,2,1256,11ec/1216;001d/32,0,1210,11ec,1120,0,0,0,1
pass=C;cert=rsa;rtt=50;model=bernoulli;p=0.02;dir=both,40,full,default,15,51.662,52.093,103.755,1488,2,1256,11ec/1216;001d/32,0,1210,11ec,1120,0,0,0,1
pass=C;cert=rsa;rtt=50;model=bernoulli;p=0.02;dir=both,41,full,default,15,50.519,52.057,102.576,1488,2,1256,11ec/1216;001d/32,0,1210,11ec,1120,0,0,0,1
pass=C;cert=rsa;rtt=50;model=bernoulli;p=0.02;dir=both,42,full,default,15,50.545,52.297,102.843,1488,2,1256,11ec/1216;001d/32,0,1210,11ec,1120,0,0,0,1
pass=C;cert=rsa;rtt=50;model=bernoulli;p=0.02;dir=both,43,full,default,15,50.500,52.292,102.792,1488,2,1256,11ec/1216;001d/32,0,1210,11ec,1120,0,0,0,1
pass=C;cert=rsa;rtt=50;model=bernoulli;p=0.02;dir=both,44,full,default,15,50.487,52.340,102.827,1488,2,1256,11ec/1216;001d/32,0,1210,11ec,1120,0,0,0,1
pass=C;cert=rsa;rtt=50;model=bernoulli;p=0.02;dir=both,45,full,default,15,50.474,52.383,102.857,1488,2,1256,11ec/1216;001d/32,0,1210,11ec,1120,0,0,0,1
pass=C;cert=rsa;rtt=50;model=bernoulli;p=0.02;dir=both,46,full,default,15,51.068,52.188,103.257,1488,2,1256,11ec/1216;001d/32,0,1210,11ec,1120,0,0,0,1
pass=C;cert=rsa;rtt=50;model=bernoulli;p=0.02;dir=both,47,full,default,15,50.458,360.672,411.130,1488,2,1256,11ec/1216;001d/32,0,1210,11ec,1120,0,0,1,1
pass=C;cert=rsa;rtt=50;model=bernoulli;p=0.02;dir=both,48,full,default,15,50.467,52.171,102.637,1488,2,1256,11ec/1216;001d/32,0,1210,11ec,1120,0,0,0,1
pass=C;cert=rsa;rtt=50;model=bernoulli;p=0.02;dir=both,49,full,default,15,50.288,52.533,102.821,1488,2,1256,11ec/1216;001d/32,0,1210,11ec,1120,0,0,0,1
pass=C;cert=rsa;rtt=50;model=bernoulli;p=0.02;dir=both,50,full,default,15,50.413,52.084,102.496,1488,2,1256,11ec/1216;001d/32,0,1210,11ec,1120,0,0,0,1
pass=C;cert=rsa;rtt=50;model=bernoulli;p=0.02;dir=both,51,full,default,15,50.440,52.886,103.326,1488,2,1256,11ec/1216;001d/32,0,1210,11ec,1120,0,0,0,1
pass=C;cert=rsa;rtt=50;model=bernoulli;p=0.02;dir=both,52,full,default,15,50.505,69.454,119.959,1488,2,1256,11ec/1216;001d/32,0,1210,11ec,1120,0,0,0,1
pass=C;cert=rsa;rtt=50;model=bernoulli;p=0.02;dir=both,53,full,default,15,1066.478,52.977,1119.455,1488,2,1256,11ec/1216;001d/32,0,1210,11ec,1120,0,0,1,1
pass=C;cert=rsa;rtt=50;model=bernoulli;p=0.02;dir=both,54,full,default,15,50.468,52.167,102.635,1488,2,1256,11ec/1216;001d/32,0,1210,11ec,1120,0,0,0,1
pass=C;cert=rsa;rtt=50;model=bernoulli;p=0.02;dir=both,55,full,default,15,50.431,51.980,102.411,1488,2,1256,11ec/1216;001d/32,0,1210,11ec,1120,0,0,0,1
pass=C;cert=rsa;rtt=50;model=bernoulli;p=0.02;dir=both,56,full,default,15,50.485,52.252,102.737,1488,2,1256,11ec/1216;001d/32,0,1210,11ec,1120,0,0,0,1
pass=C;cert=rsa;rtt=50;model=bernoulli;p=0.02;dir=both,57,full,default,15,50.487,52.763,103.250,1488,2,1256,11ec/1216;001d/32,0,1210,11ec,1120,0,0,0,1
pass=C;cert=rsa;rtt=50;model=bernoulli;p=0.02;dir=both,58,full,default,15,50.475,52.308,102.783,1488,2,1256,11ec/1216;001d/32,0,1210,11ec,1120,0,0,0,1
pass=C;cert=rsa;rtt=50;model=bernoulli;p=0.02;dir=both,59,full,default,15,50.389,52.053,102.442,1488,2,1256,11ec/1216;001d/32,0,1210,11ec,1120,0,0,0,1
pass=C;cert=rsa;rtt=50;model=bernoulli;p=0.02;dir=both,60,full,default,15,50.346,52.096,102.442,1488,2,1256,11ec/1216;001d/32,0,1210,11ec,1120,0,0,0,1
pass=C;cert=rsa;rtt=50;model=bernoulli;p=0.02;dir=both,61,full,default,15,50.421,52.068,102.489,1488,2,1256,11ec/1216;001d/32,0,1210,11ec,1120,0,0,0,1
pass=C;cert=rsa;rtt=50;model=bernoulli;p=0.02;dir=both,62,full,default,15,50.498,52.515,103.013,1488,2,1256,11ec/1216;001d/32,0,1210,11ec,1120,0,0,0,1
pass=C;cert=rsa;rtt=50;model=bernoulli;p=0.02;dir=both,63,full,default,15,50.407,52.113,102.521,1488,2,1256,11ec/1216;001d/32,0,1210,11ec,1120,0,0,0,1
pass=C;cert=rsa;rtt=50;model=bernoulli;p=0.02;dir=both,64,full,default,15,50.388,51.916,102.304,1488,2,1256,11ec/1216;001d/32,0,1210,11ec,1120,0,0,0,1
pass=C;cert=rsa;rtt=50;model=bernoulli;p=0.02;dir=both,65,full,default,15,50.414,52.234,102.648,1488,2,1256,11ec/1216;001d/32,0,1210,11ec,1120,0,0,0,1
pass=C;cert=rsa;rtt=50;model=bernoulli;p=0.02;dir=both,66,full,default,15,50.398,52.281,102.679,1488,2,1256,11ec/1216;001d/32,0,1210,11ec,1120,0,0,0,1
pass=C;cert=rsa;rtt=50;model=bernoulli;p=0.02;dir=both,67,full,default,15,50.574,52.942,103.516,1488,2,1256,11ec/1216;001d/32,0,1210,11ec,1120,0,0,0,1
pass=C;cert=rsa;rtt=50;model=bernoulli;p=0.02;dir=both,68,full,default,15,50.387,52.163,102.550,1488,2,1256,11ec/1216;001d/32,0,1210,11ec,1120,0,0,0,1
pass=C;cert=rsa;rtt=50;model=bernoulli;p=0.02;dir=both,69,full,default,15,50.502,52.015,102.517,1488,2,1256,11ec/1216;001d/32,0,1210,11ec,1120,0,0,0,1
pass=C;cert=rsa;rtt=50;model=bernoulli;p=0.02;dir=both,70,full,default,15,50.371,122.474,172.846,1488,2,1256,11ec/1216;001d/32,0,1210,11ec,1120,0,0,0,1
pass=C;cert=rsa;rtt=50;model=bernoulli;p=0.02;dir=both,71,full,default,15,50.708,52.558,103.266,1488,2,1256,11ec/1216;001d/32,0,1210,11ec,1120,0,0,0,1
pass=C;cert=rsa;rtt=50;model=bernoulli;p=0.02;dir=both,72,full,default,15,50.469,52.144,102.613,1488,2,1256,11ec/1216;001d/32,0,1210,11ec,1120,0,0,0,1
pass=C;cert=rsa;rtt=50;model=bernoulli;p=0.02;dir=both,73,full,default,15,50.435,54.599,105.034,1488,2,1256,11ec/1216;001d/32,0,1210,11ec,1120,0,0,0,1
pass=C;cert=rsa;rtt=50;model=bernoulli;p=0.02;dir=both,74,full,default,15,50.476,52.147,102.623,1488,2,1256,11ec/1216;001d/32,0,1210,11ec,1120,0,0,0,1
pass=C;cert=rsa;rtt=50;model=bernoulli;p=0.02;dir=both,75,full,default,15,53.889,52.343,106.232,1488,2,1256,11ec/1216;001d/32,0,1210,11ec,1120,0,0,0,1
pass=C;cert=rsa;rtt=50;model=bernoulli;p=0.02;dir=both,76,full,default,15,50.397,121.801,172.198,1488,2,1256,11ec/1216;001d/32,0,1210,11ec,1120,0,0,1,1
pass=C;cert=rsa;rtt=50;model=bernoulli;p=0.02;dir=both,77,full,default,15,52.758,122.206,174.964,1488,2,1256,11ec/1216;001d/32,0,1210,11ec,1120,0,0,0,1
pass=C;cert=rsa;rtt=50;model=bernoulli;p=0.02;dir=both,78,full,default,15,50.403,52.310,102.713,1488,2,1256,11ec/1216;001d/32,0,1210,11ec,1120,0,0,0,1
pass=C;cert=rsa;rtt=50;model=bernoulli;p=0.02;dir=both,79,full,default,15,50.426,52.318,102.744,1488,2,1256,11ec/1216;001d/32,0,1210,11ec,1120,0,0,0,1
pass=C;cert=rsa;rtt=50;model=bernoulli;p=0.02;dir=both,80,full,default,15,50.462,52.094,102.556,1488,2,1256,11ec/1216;001d/32,0,1210,11ec,1120,0,0,0,1
pass=C;cert=rsa;rtt=50;model=bernoulli;p=0.02;dir=both,81,full,default,15,1054.937,102.452,1157.389,1488,2,1256,11ec/1216;001d/32,0,1210,11ec,1120,0,0,1,1
pass=C;cert=rsa;rtt=50;model=bernoulli;p=0.02;dir=both,82,full,default,15,50.904,52.299,103.203,1488,2,1256,11ec/1216;001d/32,0,1210,11ec,1120,0,0,0,1
pass=C;cert=rsa;rtt=50;model=bernoulli;p=0.02;dir=both,83,full,default,15,50.402,52.423,102.825,1488,2,1256,11ec/1216;001d/32,0,1210,11ec,1120,0,0,0,1
pass=C;cert=rsa;rtt=50;model=bernoulli;p=0.02;dir=both,84,full,default,15,50.508,52.651,103.159,1488,2,1256,11ec/1216;001d/32,0,1210,11ec,1120,0,0,0,1
pass=C;cert=rsa;rtt=50;model=bernoulli;p=0.02;dir=both,85,full,default,15,50.535,52.451,102.987,1488,2,1256,11ec/1216;001d/32,0,1210,11ec,1120,0,0,0,1
pass=C;cert=rsa;rtt=50;model=bernoulli;p=0.02;dir=both,86,full,default,15,50.482,52.675,103.157,1488,2,1256,11ec/1216;001d/32,0,1210,11ec,1120,0,0,0,1
pass=C;cert=rsa;rtt=50;model=bernoulli;p=0.02;dir=both,87,full,default,15,50.410,52.974,103.384,1488,2,1256,11ec/1216;001d/32,0,1210,11ec,1120,0,0,0,1
pass=C;cert=rsa;rtt=50;model=bernoulli;p=0.02;dir=both,88,full,default,15,50.537,52.150,102.687,1488,2,1256,11ec/1216;001d/32,0,1210,11ec,1120,0,0,0,1
pass=C;cert=rsa;rtt=50;model=bernoulli;p=0.02;dir=both,89,full,default,15,50.552,52.203,102.755,1488,2,1256,11ec/1216;001d/32,0,1210,11ec,1120,0,0,0,1
pass=C;cert=rsa;rtt=50;model=bernoulli;p=0.02;dir=both,90,full,default,15,50.460,52.180,102.640,1488,2,1256,11ec/1216;001d/32,0,1210,11ec,1120,0,0,0,1
pass=C;cert=rsa;rtt=50;model=bernoulli;p=0.02;dir=both,91,full,default,15,50.492,52.460,102.952,1488,2,1256,11ec/1216;001d/32,0,1210,11ec,1120,0,0,0,1
pass=C;cert=rsa;rtt=50;model=bernoulli;p=0.02;dir=both,92,full,default,15,50.647,52.353,103.000,1488,2,1256,11ec/1216;001d/32,0,1210,11ec,1120,0,0,0,1
pass=C;cert=rsa;rtt=50;model=bernoulli;p=0.02;dir=both,93,full,default,15,50.440,52.019,102.459,1488,2,1256,11ec/1216;001d/32,0,1210,11ec,1120,0,0,0,1
pass=C;cert=rsa;rtt=50;model=bernoulli;p=0.02;dir=both,94,full,default,15,50.396,52.800,103.196,1488,2,1256,11ec/1216;001d/32,0,1210,11ec,1120,0,0,0,1
pass=C;cert=rsa;rtt=50;model=bernoulli;p=0.02;dir=both,95,full,default,15,50.646,52.203,102.849,1488,2,1256,11ec/1216;001d/32,0,1210,11ec,1120,0,0,0,1
pass=C;cert=rsa;rtt=50;model=bernoulli;p=0.02;dir=both,96,full,default,15,1071.510,52.909,1124.419,1488,2,1256,11ec/1216;001d/32,0,1210,11ec,1120,0,0,1,1
pass=C;cert=rsa;rtt=50;model=bernoulli;p=0.02;dir=both,97,full,default,15,50.390,51.979,102.369,1488,2,1256,11ec/1216;001d/32,0,1210,11ec,1120,0,0,0,1
pass=C;cert=rsa;rtt=50;model=bernoulli;p=0.02;dir=both,98,full,default,15,50.646,52.356,103.002,1488,2,1256,11ec/1216;001d/32,0,1210,11ec,1120,0,0,0,1
pass=C;cert=rsa;rtt=50;model=bernoulli;p=0.02;dir=both,99,full,default,15,50.487,52.136,102.623,1488,2,1256,11ec/1216;001d/32,0,1210,11ec,1120,0,0,0,1
pass=C;cert=rsa;rtt=50;model=bernoulli;p=0.02;dir=both,100,full,default,15,50.495,52.150,102.645,1488,2,1256,11ec/1216;001d/32,0,1210,11ec,1120,0,0,0,1
pass=C;cert=rsa;rtt=50;model=bernoulli;p=0.02;dir=both,101,full,default,15,50.521,52.603,103.123,1488,2,1256,11ec/1216;001d/32,0,1210,11ec,1120,0,0,0,1
pass=C;cert=rsa;rtt=50;model=bernoulli;p=0.02;dir=both,102,full,default,15,50.413,380.616,431.028,1488,2,1256,11ec/1216;001d/32,0,1210,11ec,1120,0,0,0,1
pass=C;cert=rsa;rtt=50;model=bernoulli;p=0.02;dir=both,103,full,default,15,51.406,259.058,310.465,1488,2,1256,11ec/1216;001d/32,0,1210,11ec,1120,0,0,0,1
pass=C;cert=rsa;rtt=50;model=bernoulli;p=0.02;dir=both,104,full,default,15,50.486,369.119,419.605,1488,2,1256,11ec/1216;001d/32,0,1210,11ec,1120,0,0,1,1
pass=C;cert=rsa;rtt=50;model=bernoulli;p=0.02;dir=both,105,full,default,15,50.447,52.277,102.724,1488,2,1256,11ec/1216;001d/32,0,1210,11ec,1120,0,0,0,1
pass=C;cert=rsa;rtt=50;model=bernoulli;p=0.02;dir=both,106,full,default,15,50.383,120.500,170.883,1488,2,1256,11ec/1216;001d/32,0,1210,11ec,1120,0,0,0,1
pass=C;cert=rsa;rtt=50;model=bernoulli;p=0.02;dir=both,107,full,default,15,50.481,52.612,103.093,1488,2,1256,11ec/1216;001d/32,0,1210,11ec,1120,0,0,0,1
pass=C;cert=rsa;rtt=50;model=bernoulli;p=0.02;dir=both,108,full,default,15,50.495,52.668,103.163,1488,2,1256,11ec/1216;001d/32,0,1210,11ec,1120,0,0,0,1
pass=C;cert=rsa;rtt=50;model=bernoulli;p=0.02;dir=both,109,full,default,15,50.513,52.103,102.617,1488,2,1256,11ec/1216;001d/32,0,1210,11ec,1120,0,0,0,1
pass=C;cert=rsa;rtt=50;model=bernoulli;p=0.02;dir=both,110,full,default,15,50.515,52.719,103.234,1488,2,1256,11ec/1216;001d/32,0,1210,11ec,1120,0,0,0,1
pass=C;cert=rsa;rtt=50;model=bernoulli;p=0.02;dir=both,111,full,default,15,50.486,52.664,103.149,1488,2,1256,11ec/1216;001d/32,0,1210,11ec,1120,0,0,0,1
pass=C;cert=rsa;rtt=50;model=bernoulli;p=0.02;dir=both,112,full,default,15,50.437,51.844,102.280,1488,2,1256,11ec/1216;001d/32,0,1210,11ec,1120,0,0,0,1
pass=C;cert=rsa;rtt=50;model=bernoulli;p=0.02;dir=both,113,full,default,15,50.417,51.946,102.363,1488,2,1256,11ec/1216;001d/32,0,1210,11ec,1120,0,0,0,1
pass=C;cert=rsa;rtt=50;model=bernoulli;p=0.02;dir=both,114,full,default,15,50.490,52.251,102.741,1488,2,1256,11ec/1216;001d/32,0,1210,11ec,1120,0,0,0,1
pass=C;cert=rsa;rtt=50;model=bernoulli;p=0.02;dir=both,115,full,default,15,50.392,52.386,102.778,1488,2,1256,11ec/1216;001d/32,0,1210,11ec,1120,0,0,0,1
pass=C;cert=rsa;rtt=50;model=bernoulli;p=0.02;dir=both,116,full,default,15,50.570,52.060,102.630,1488,2,1256,11ec/1216;001d/32,0,1210,11ec,1120,0,0,0,1
pass=C;cert=rsa;rtt=50;model=bernoulli;p=0.02;dir=both,117,full,default,15,50.352,54.401,104.753,1488,2,1256,11ec/1216;001d/32,0,1210,11ec,1120,0,0,0,1
pass=C;cert=rsa;rtt=50;model=bernoulli;p=0.02;dir=both,118,full,default,15,50.388,52.011,102.399,1488,2,1256,11ec/1216;001d/32,0,1210,11ec,1120,0,0,0,1
pass=C;cert=rsa;rtt=50;model=bernoulli;p=0.02;dir=both,119,full,default,15,50.542,364.650,415.193,1488,2,1256,11ec/1216;001d/32,0,1210,11ec,1120,0,0,0,1
pass=C;cert=rsa;rtt=50;model=bernoulli;p=0.02;dir=both,120,full,default,15,50.582,52.703,103.285,1488,2,1256,11ec/1216;001d/32,0,1210,11ec,1120,0,0,0,1
pass=C;cert=rsa;rtt=50;model=bernoulli;p=0.02;dir=both,121,full,default,15,50.393,52.195,102.588,1488,2,1256,11ec/1216;001d/32,0,1210,11ec,1120,0,0,0,1
pass=C;cert=rsa;rtt=50;model=bernoulli;p=0.02;dir=both,122,full,default,15,50.377,52.103,102.480,1488,2,1256,11ec/1216;001d/32,0,1210,11ec,1120,0,0,0,1
pass=C;cert=rsa;rtt=50;model=bernoulli;p=0.02;dir=both,123,full,default,15,50.453,52.834,103.287,1488,2,1256,11ec/1216;001d/32,0,1210,11ec,1120,0,0,0,1
pass=C;cert=rsa;rtt=50;model=bernoulli;p=0.02;dir=both,124,full,default,15,50.456,52.558,103.014,1488,2,1256,11ec/1216;001d/32,0,1210,11ec,1120,0,0,0,1
pass=C;cert=rsa;rtt=50;model=bernoulli;p=0.02;dir=both,125,full,default,15,50.475,52.431,102.906,1488,2,1256,11ec/1216;001d/32,0,1210,11ec,1120,0,0,0,1
pass=C;cert=rsa;rtt=50;model=bernoulli;p=0.02;dir=both,126,full,default,15,50.534,52.640,103.174,1488,2,1256,11ec/1216;001d/32,0,1210,11ec,1120,0,0,0,1
pass=C;cert=rsa;rtt=50;model=bernoulli;p=0.02;dir=both,127,full,default,15,50.481,52.347,102.829,1488,2,1256,11ec/1216;001d/32,0,1210,11ec,1120,0,0,0,1
pass=C;cert=rsa;rtt=50;model=bernoulli;p=0.02;dir=both,128,full,default,15,50.369,52.011,102.380,1488,2,1256,11ec/1216;001d/32,0,1210,11ec,1120,0,0,0,1
pass=C;cert=rsa;rtt=50;model=bernoulli;p=0.02;dir=both,129,full,default,15,50.408,52.075,102.484,1488,2,1256,11ec/1216;001d/32,0,1210,11ec,1120,0,0,0,1
pass=C;cert=rsa;rtt=50;model=bernoulli;p=0.02;dir=both,130,full,default,15,50.396,52.210,102.606,1488,2,1256,11ec/1216;001d/32,0,1210,11ec,1120,0,0,0,1
pass=C;cert=rsa;rtt=50;model=bernoulli;p=0.02;dir=both,131,full,default,15,50.464,52.228,102.692,1488,2,1256,11ec/1216;001d/32,0,1210,11ec,1120,0,0,0,1
pass=C;cert=rsa;rtt=50;model=bernoulli;p=0.02;dir=both,132,full,default,15,50.413,52.091,102.504,1488,2,1256,11ec/1216;001d/32,0,1210,11ec,1120,0,0,0,1
pass=C;cert=rsa;rtt=50;model=bernoulli;p=0.02;dir=both,133,full,default,15,50.342,52.561,102.904,1488,2,1256,11ec/1216;001d/32,0,1210,11ec,1120,0,0,0,1
pass=C;cert=rsa;rtt=50;model=bernoulli;p=0.02;dir=both,134,full,default,15,50.441,52.133,102.574,1488,2,1256,11ec/1216;001d/32,0,1210,11ec,1120,0,0,0,1
pass=C;cert=rsa;rtt=50;model=bernoulli;p=0.02;dir=both,135,full,default,15,50.420,51.936,102.356,1488,2,1256,11ec/1216;001d/32,0,1210,11ec,1120,0,0,0,1
pass=C;cert=rsa;rtt=50;model=bernoulli;p=0.02;dir=both,136,full,default,15,1066.212,52.199,1118.410,1488,2,1256,11ec/1216;001d/32,0,1210,11ec,1120,0,0,1,1
pass=C;cert=rsa;rtt=50;model=bernoulli;p=0.02;dir=both,137,full,default,15,51.234,52.111,103.345,1488,2,1256,11ec/1216;001d/32,0,1210,11ec,1120,0,0,0,1
pass=C;cert=rsa;rtt=50;model=bernoulli;p=0.02;dir=both,138,full,default,15,50.388,52.153,102.541,1488,2,1256,11ec/1216;001d/32,0,1210,11ec,1120,0,0,0,1
pass=C;cert=rsa;rtt=50;model=bernoulli;p=0.02;dir=both,139,full,default,15,50.392,121.159,171.550,1488,2,1256,11ec/1216;001d/32,0,1210,11ec,1120,0,0,1,1
pass=C;cert=rsa;rtt=50;model=bernoulli;p=0.02;dir=both,140,full,default,15,50.608,52.325,102.933,1488,2,1256,11ec/1216;001d/32,0,1210,11ec,1120,0,0,0,1
pass=C;cert=rsa;rtt=50;model=bernoulli;p=0.02;dir=both,141,full,default,15,50.380,52.329,102.709,1488,2,1256,11ec/1216;001d/32,0,1210,11ec,1120,0,0,0,1
pass=C;cert=rsa;rtt=50;model=bernoulli;p=0.02;dir=both,142,full,default,15,1059.679,52.202,1111.881,1488,2,1256,11ec/1216;001d/32,0,1210,11ec,1120,0,0,1,1
pass=C;cert=rsa;rtt=50;model=bernoulli;p=0.02;dir=both,143,full,default,15,50.418,384.561,434.979,1488,2,1256,11ec/1216;001d/32,0,1210,11ec,1120,0,0,0,1
pass=C;cert=rsa;rtt=50;model=bernoulli;p=0.02;dir=both,144,full,default,15,50.479,52.037,102.517,1488,2,1256,11ec/1216;001d/32,0,1210,11ec,1120,0,0,0,1
pass=C;cert=rsa;rtt=50;model=bernoulli;p=0.02;dir=both,145,full,default,15,1074.010,52.436,1126.446,1488,2,1256,11ec/1216;001d/32,0,1210,11ec,1120,0,0,1,1
pass=C;cert=rsa;rtt=50;model=bernoulli;p=0.02;dir=both,146,full,default,15,50.449,54.527,104.976,1488,2,1256,11ec/1216;001d/32,0,1210,11ec,1120,0,0,0,1
pass=C;cert=rsa;rtt=50;model=bernoulli;p=0.02;dir=both,147,full,default,15,50.455,52.040,102.494,1488,2,1256,11ec/1216;001d/32,0,1210,11ec,1120,0,0,0,1
pass=C;cert=rsa;rtt=50;model=bernoulli;p=0.02;dir=both,148,full,default,15,50.411,52.173,102.583,1488,2,1256,11ec/1216;001d/32,0,1210,11ec,1120,0,0,0,1
pass=C;cert=rsa;rtt=50;model=bernoulli;p=0.02;dir=both,149,full,default,15,50.325,52.059,102.384,1488,2,1256,11ec/1216;001d/32,0,1210,11ec,1120,0,0,0,1
pass=C;cert=rsa;rtt=50;model=bernoulli;p=0.05;dir=both,0,full,X25519,15,50.528,52.392,102.920,254,1,36,001d/32,0,122,001d,32,0,0,0,1
pass=C;cert=rsa;rtt=50;model=bernoulli;p=0.05;dir=both,1,full,X25519,15,50.417,51.704,102.122,254,1,36,001d/32,0,122,001d,32,0,0,0,1
pass=C;cert=rsa;rtt=50;model=bernoulli;p=0.05;dir=both,2,full,X25519,15,50.536,52.016,102.552,254,1,36,001d/32,0,122,001d,32,0,0,0,1
pass=C;cert=rsa;rtt=50;model=bernoulli;p=0.05;dir=both,3,full,X25519,15,50.396,52.805,103.201,254,1,36,001d/32,0,122,001d,32,0,0,0,1
pass=C;cert=rsa;rtt=50;model=bernoulli;p=0.05;dir=both,4,full,X25519,15,1081.163,51.793,1132.956,254,1,36,001d/32,0,122,001d,32,0,0,1,1
pass=C;cert=rsa;rtt=50;model=bernoulli;p=0.05;dir=both,5,full,X25519,15,50.424,51.954,102.378,254,1,36,001d/32,0,122,001d,32,0,0,0,1
pass=C;cert=rsa;rtt=50;model=bernoulli;p=0.05;dir=both,6,full,X25519,15,50.434,119.196,169.631,254,1,36,001d/32,0,122,001d,32,0,0,0,1
pass=C;cert=rsa;rtt=50;model=bernoulli;p=0.05;dir=both,7,full,X25519,15,50.455,51.745,102.200,254,1,36,001d/32,0,122,001d,32,0,0,0,1
pass=C;cert=rsa;rtt=50;model=bernoulli;p=0.05;dir=both,8,full,X25519,15,50.406,52.367,102.773,254,1,36,001d/32,0,122,001d,32,0,0,0,1
pass=C;cert=rsa;rtt=50;model=bernoulli;p=0.05;dir=both,9,full,X25519,15,50.488,52.232,102.720,254,1,36,001d/32,0,122,001d,32,0,0,0,1
pass=C;cert=rsa;rtt=50;model=bernoulli;p=0.05;dir=both,10,full,X25519,15,50.491,371.153,421.645,254,1,36,001d/32,0,122,001d,32,0,0,1,1
pass=C;cert=rsa;rtt=50;model=bernoulli;p=0.05;dir=both,11,full,X25519,15,50.320,51.919,102.239,254,1,36,001d/32,0,122,001d,32,0,0,0,1
pass=C;cert=rsa;rtt=50;model=bernoulli;p=0.05;dir=both,12,full,X25519,15,50.475,51.787,102.263,254,1,36,001d/32,0,122,001d,32,0,0,0,1
pass=C;cert=rsa;rtt=50;model=bernoulli;p=0.05;dir=both,13,full,X25519,15,50.492,384.752,435.244,254,1,36,001d/32,0,122,001d,32,0,0,1,1
pass=C;cert=rsa;rtt=50;model=bernoulli;p=0.05;dir=both,14,full,X25519,15,50.575,51.866,102.441,254,1,36,001d/32,0,122,001d,32,0,0,0,1
pass=C;cert=rsa;rtt=50;model=bernoulli;p=0.05;dir=both,15,full,X25519,15,50.464,120.614,171.078,254,1,36,001d/32,0,122,001d,32,0,0,0,1
pass=C;cert=rsa;rtt=50;model=bernoulli;p=0.05;dir=both,16,full,X25519,15,50.440,121.425,171.865,254,1,36,001d/32,0,122,001d,32,0,0,0,1
pass=C;cert=rsa;rtt=50;model=bernoulli;p=0.05;dir=both,17,full,X25519,15,50.437,51.990,102.428,254,1,36,001d/32,0,122,001d,32,0,0,0,1
pass=C;cert=rsa;rtt=50;model=bernoulli;p=0.05;dir=both,18,full,X25519,15,50.839,52.000,102.839,254,1,36,001d/32,0,122,001d,32,0,0,0,1
pass=C;cert=rsa;rtt=50;model=bernoulli;p=0.05;dir=both,19,full,X25519,15,50.397,51.914,102.311,254,1,36,001d/32,0,122,001d,32,0,0,0,1
pass=C;cert=rsa;rtt=50;model=bernoulli;p=0.05;dir=both,20,full,X25519,15,50.397,52.447,102.844,254,1,36,001d/32,0,122,001d,32,0,0,0,1
pass=C;cert=rsa;rtt=50;model=bernoulli;p=0.05;dir=both,21,full,X25519,15,52.180,51.752,103.931,254,1,36,001d/32,0,122,001d,32,0,0,0,1
pass=C;cert=rsa;rtt=50;model=bernoulli;p=0.05;dir=both,22,full,X25519,15,50.544,52.082,102.626,254,1,36,001d/32,0,122,001d,32,0,0,0,1
pass=C;cert=rsa;rtt=50;model=bernoulli;p=0.05;dir=both,23,full,X25519,15,50.323,119.837,170.160,254,1,36,001d/32,0,122,001d,32,0,0,0,1
pass=C;cert=rsa;rtt=50;model=bernoulli;p=0.05;dir=both,24,full,X25519,15,50.440,52.297,102.737,254,1,36,001d/32,0,122,001d,32,0,0,0,1
pass=C;cert=rsa;rtt=50;model=bernoulli;p=0.05;dir=both,25,full,X25519,15,1061.481,119.188,1180.669,254,1,36,001d/32,0,122,001d,32,0,0,1,1
pass=C;cert=rsa;rtt=50;model=bernoulli;p=0.05;dir=both,26,full,X25519,15,50.440,51.777,102.217,254,1,36,001d/32,0,122,001d,32,0,0,0,1
pass=C;cert=rsa;rtt=50;model=bernoulli;p=0.05;dir=both,27,full,X25519,15,50.461,51.821,102.283,254,1,36,001d/32,0,122,001d,32,0,0,0,1
pass=C;cert=rsa;rtt=50;model=bernoulli;p=0.05;dir=both,28,full,X25519,15,1052.099,51.907,1104.006,254,1,36,001d/32,0,122,001d,32,0,0,1,1
pass=C;cert=rsa;rtt=50;model=bernoulli;p=0.05;dir=both,29,full,X25519,15,50.320,120.655,170.976,254,1,36,001d/32,0,122,001d,32,0,0,0,1
pass=C;cert=rsa;rtt=50;model=bernoulli;p=0.05;dir=both,30,full,X25519,15,50.451,367.574,418.026,254,1,36,001d/32,0,122,001d,32,0,0,1,1
pass=C;cert=rsa;rtt=50;model=bernoulli;p=0.05;dir=both,31,full,X25519,15,50.420,51.780,102.200,254,1,36,001d/32,0,122,001d,32,0,0,0,1
pass=C;cert=rsa;rtt=50;model=bernoulli;p=0.05;dir=both,32,full,X25519,15,1080.435,119.004,1199.439,254,1,36,001d/32,0,122,001d,32,0,0,1,1
pass=C;cert=rsa;rtt=50;model=bernoulli;p=0.05;dir=both,33,full,X25519,15,50.411,375.466,425.876,254,1,36,001d/32,0,122,001d,32,0,0,1,1
pass=C;cert=rsa;rtt=50;model=bernoulli;p=0.05;dir=both,34,full,X25519,15,50.433,51.893,102.326,254,1,36,001d/32,0,122,001d,32,0,0,0,1
pass=C;cert=rsa;rtt=50;model=bernoulli;p=0.05;dir=both,35,full,X25519,15,50.474,364.839,415.313,254,1,36,001d/32,0,122,001d,32,0,0,0,1
pass=C;cert=rsa;rtt=50;model=bernoulli;p=0.05;dir=both,36,full,X25519,15,50.502,377.429,427.931,254,1,36,001d/32,0,122,001d,32,0,0,0,1
pass=C;cert=rsa;rtt=50;model=bernoulli;p=0.05;dir=both,37,full,X25519,15,51.806,52.368,104.174,254,1,36,001d/32,0,122,001d,32,0,0,0,1
pass=C;cert=rsa;rtt=50;model=bernoulli;p=0.05;dir=both,38,full,X25519,15,50.532,52.258,102.789,254,1,36,001d/32,0,122,001d,32,0,0,0,1
pass=C;cert=rsa;rtt=50;model=bernoulli;p=0.05;dir=both,39,full,X25519,15,50.507,52.315,102.822,254,1,36,001d/32,0,122,001d,32,0,0,0,1
pass=C;cert=rsa;rtt=50;model=bernoulli;p=0.05;dir=both,40,full,X25519,15,50.462,52.532,102.994,254,1,36,001d/32,0,122,001d,32,0,0,0,1
pass=C;cert=rsa;rtt=50;model=bernoulli;p=0.05;dir=both,41,full,X25519,15,50.379,51.783,102.162,254,1,36,001d/32,0,122,001d,32,0,0,0,1
pass=C;cert=rsa;rtt=50;model=bernoulli;p=0.05;dir=both,42,full,X25519,15,50.528,51.819,102.348,254,1,36,001d/32,0,122,001d,32,0,0,0,1
pass=C;cert=rsa;rtt=50;model=bernoulli;p=0.05;dir=both,43,full,X25519,15,50.469,51.919,102.388,254,1,36,001d/32,0,122,001d,32,0,0,0,1
pass=C;cert=rsa;rtt=50;model=bernoulli;p=0.05;dir=both,44,full,X25519,15,50.387,368.711,419.098,254,1,36,001d/32,0,122,001d,32,0,0,0,1
pass=C;cert=rsa;rtt=50;model=bernoulli;p=0.05;dir=both,45,full,X25519,15,50.503,52.561,103.063,254,1,36,001d/32,0,122,001d,32,0,0,0,1
pass=C;cert=rsa;rtt=50;model=bernoulli;p=0.05;dir=both,46,full,X25519,15,50.410,52.600,103.010,254,1,36,001d/32,0,122,001d,32,0,0,0,1
pass=C;cert=rsa;rtt=50;model=bernoulli;p=0.05;dir=both,47,full,X25519,15,50.476,52.503,102.978,254,1,36,001d/32,0,122,001d,32,0,0,0,1
pass=C;cert=rsa;rtt=50;model=bernoulli;p=0.05;dir=both,48,full,X25519,15,50.468,52.456,102.924,254,1,36,001d/32,0,122,001d,32,0,0,0,1
pass=C;cert=rsa;rtt=50;model=bernoulli;p=0.05;dir=both,49,full,X25519,15,50.433,51.760,102.193,254,1,36,001d/32,0,122,001d,32,0,0,0,1
pass=C;cert=rsa;rtt=50;model=bernoulli;p=0.05;dir=both,50,full,X25519,15,50.426,69.494,119.920,254,1,36,001d/32,0,122,001d,32,0,0,0,1
pass=C;cert=rsa;rtt=50;model=bernoulli;p=0.05;dir=both,51,full,X25519,15,50.534,370.344,420.878,254,1,36,001d/32,0,122,001d,32,0,0,0,1
pass=C;cert=rsa;rtt=50;model=bernoulli;p=0.05;dir=both,52,full,X25519,15,50.512,52.602,103.114,254,1,36,001d/32,0,122,001d,32,0,0,0,1
pass=C;cert=rsa;rtt=50;model=bernoulli;p=0.05;dir=both,53,full,X25519,15,50.468,52.616,103.084,254,1,36,001d/32,0,122,001d,32,0,0,0,1
pass=C;cert=rsa;rtt=50;model=bernoulli;p=0.05;dir=both,54,full,X25519,15,50.401,69.644,120.045,254,1,36,001d/32,0,122,001d,32,0,0,0,1
pass=C;cert=rsa;rtt=50;model=bernoulli;p=0.05;dir=both,55,full,X25519,15,50.376,52.668,103.043,254,1,36,001d/32,0,122,001d,32,0,0,0,1
pass=C;cert=rsa;rtt=50;model=bernoulli;p=0.05;dir=both,56,full,X25519,15,50.473,52.581,103.054,254,1,36,001d/32,0,122,001d,32,0,0,0,1
pass=C;cert=rsa;rtt=50;model=bernoulli;p=0.05;dir=both,57,full,X25519,15,50.409,52.431,102.839,254,1,36,001d/32,0,122,001d,32,0,0,0,1
pass=C;cert=rsa;rtt=50;model=bernoulli;p=0.05;dir=both,58,full,X25519,15,50.353,121.622,171.975,254,1,36,001d/32,0,122,001d,32,0,0,0,1
pass=C;cert=rsa;rtt=50;model=bernoulli;p=0.05;dir=both,59,full,X25519,15,50.533,52.333,102.865,254,1,36,001d/32,0,122,001d,32,0,0,0,1
pass=C;cert=rsa;rtt=50;model=bernoulli;p=0.05;dir=both,60,full,X25519,15,50.473,51.952,102.425,254,1,36,001d/32,0,122,001d,32,0,0,0,1
pass=C;cert=rsa;rtt=50;model=bernoulli;p=0.05;dir=both,61,full,X25519,15,50.386,52.000,102.386,254,1,36,001d/32,0,122,001d,32,0,0,0,1
pass=C;cert=rsa;rtt=50;model=bernoulli;p=0.05;dir=both,62,full,X25519,15,50.235,52.524,102.759,254,1,36,001d/32,0,122,001d,32,0,0,0,1
pass=C;cert=rsa;rtt=50;model=bernoulli;p=0.05;dir=both,63,full,X25519,15,50.890,51.799,102.689,254,1,36,001d/32,0,122,001d,32,0,0,0,1
pass=C;cert=rsa;rtt=50;model=bernoulli;p=0.05;dir=both,64,full,X25519,15,51.993,51.798,103.791,254,1,36,001d/32,0,122,001d,32,0,0,0,1
pass=C;cert=rsa;rtt=50;model=bernoulli;p=0.05;dir=both,65,full,X25519,15,50.459,51.712,102.171,254,1,36,001d/32,0,122,001d,32,0,0,0,1
pass=C;cert=rsa;rtt=50;model=bernoulli;p=0.05;dir=both,66,full,X25519,15,50.432,51.839,102.271,254,1,36,001d/32,0,122,001d,32,0,0,0,1
pass=C;cert=rsa;rtt=50;model=bernoulli;p=0.05;dir=both,67,full,X25519,15,50.391,51.847,102.238,254,1,36,001d/32,0,122,001d,32,0,0,0,1
pass=C;cert=rsa;rtt=50;model=bernoulli;p=0.05;dir=both,68,full,X25519,15,50.531,52.422,102.954,254,1,36,001d/32,0,122,001d,32,0,0,0,1
pass=C;cert=rsa;rtt=50;model=bernoulli;p=0.05;dir=both,69,full,X25519,15,50.466,121.091,171.557,254,1,36,001d/32,0,122,001d,32,0,0,0,1
pass=C;cert=rsa;rtt=50;model=bernoulli;p=0.05;dir=both,70,full,X25519,15,51.389,51.969,103.359,254,1,36,001d/32,0,122,001d,32,0,0,0,1
pass=C;cert=rsa;rtt=50;model=bernoulli;p=0.05;dir=both,71,full,X25519,15,50.394,360.428,410.822,254,1,36,001d/32,0,122,001d,32,0,0,1,1
pass=C;cert=rsa;rtt=50;model=bernoulli;p=0.05;dir=both,72,full,X25519,15,50.410,69.685,120.094,254,1,36,001d/32,0,122,001d,32,0,0,0,1
pass=C;cert=rsa;rtt=50;model=bernoulli;p=0.05;dir=both,73,full,X25519,15,50.456,52.030,102.486,254,1,36,001d/32,0,122,001d,32,0,0,0,1
pass=C;cert=rsa;rtt=50;model=bernoulli;p=0.05;dir=both,74,full,X25519,15,50.425,51.919,102.345,254,1,36,001d/32,0,122,001d,32,0,0,0,1
pass=C;cert=rsa;rtt=50;model=bernoulli;p=0.05;dir=both,75,full,X25519,15,50.412,365.773,416.185,254,1,36,001d/32,0,122,001d,32,0,0,0,1
pass=C;cert=rsa;rtt=50;model=bernoulli;p=0.05;dir=both,76,full,X25519,15,50.412,396.808,447.220,254,1,36,001d/32,0,122,001d,32,0,0,0,1
pass=C;cert=rsa;rtt=50;model=bernoulli;p=0.05;dir=both,77,full,X25519,15,50.559,52.240,102.799,254,1,36,001d/32,0,122,001d,32,0,0,0,1
pass=C;cert=rsa;rtt=50;model=bernoulli;p=0.05;dir=both,78,full,X25519,15,50.553,51.931,102.485,254,1,36,001d/32,0,122,001d,32,0,0,0,1
pass=C;cert=rsa;rtt=50;model=bernoulli;p=0.05;dir=both,79,full,X25519,15,50.476,52.560,103.036,254,1,36,001d/32,0,122,001d,32,0,0,0,1
pass=C;cert=rsa;rtt=50;model=bernoulli;p=0.05;dir=both,80,full,X25519,15,50.464,52.276,102.740,254,1,36,001d/32,0,122,001d,32,0,0,0,1
pass=C;cert=rsa;rtt=50;model=bernoulli;p=0.05;dir=both,81,full,X25519,15,50.510,52.164,102.674,254,1,36,001d/32,0,122,001d,32,0,0,0,1
pass=C;cert=rsa;rtt=50;model=bernoulli;p=0.05;dir=both,82,full,X25519,15,50.477,119.208,169.685,254,1,36,001d/32,0,122,001d,32,0,0,0,1
pass=C;cert=rsa;rtt=50;model=bernoulli;p=0.05;dir=both,83,full,X25519,15,50.429,51.873,102.302,254,1,36,001d/32,0,122,001d,32,0,0,0,1
pass=C;cert=rsa;rtt=50;model=bernoulli;p=0.05;dir=both,84,full,X25519,15,1062.169,51.734,1113.903,254,1,36,001d/32,0,122,001d,32,0,0,1,1
pass=C;cert=rsa;rtt=50;model=bernoulli;p=0.05;dir=both,85,full,X25519,15,50.432,51.918,102.350,254,1,36,001d/32,0,122,001d,32,0,0,0,1
pass=C;cert=rsa;rtt=50;model=bernoulli;p=0.05;dir=both,86,full,X25519,15,50.370,52.010,102.380,254,1,36,001d/32,0,122,001d,32,0,0,0,1
pass=C;cert=rsa;rtt=50;model=bernoulli;p=0.05;dir=both,87,full,X25519,15,1055.038,51.838,1106.877,254,1,36,001d/32,0,122,001d,32,0,0,1,1
pass=C;cert=rsa;rtt=50;model=bernoulli;p=0.05;dir=both,88,full,X25519,15,50.361,51.682,102.043,254,1,36,001d/32,0,122,001d,32,0,0,0,1
pass=C;cert=rsa;rtt=50;model=bernoulli;p=0.05;dir=both,89,full,X25519,15,50.405,51.948,102.353,254,1,36,001d/32,0,122,001d,32,0,0,0,1
pass=C;cert=rsa;rtt=50;model=bernoulli;p=0.05;dir=both,90,full,X25519,15,50.417,51.509,101.927,254,1,36,001d/32,0,122,001d,32,0,0,0,1
pass=C;cert=rsa;rtt=50;model=bernoulli;p=0.05;dir=both,91,full,X25519,15,50.419,122.191,172.610,254,1,36,001d/32,0,122,001d,32,0,0,0,1
pass=C;cert=rsa;rtt=50;model=bernoulli;p=0.05;dir=both,92,full,X25519,15,1068.751,52.004,1120.754,254,1,36,001d/32,0,122,001d,32,0,0,1,1
pass=C;cert=rsa;rtt=50;model=bernoulli;p=0.05;dir=both,93,full,X25519,15,50.415,52.069,102.484,254,1,36,001d/32,0,122,001d,32,0,0,0,1
pass=C;cert=rsa;rtt=50;model=bernoulli;p=0.05;dir=both,94,full,X25519,15,50.400,51.795,102.195,254,1,36,001d/32,0,122,001d,32,0,0,0,1
pass=C;cert=rsa;rtt=50;model=bernoulli;p=0.05;dir=both,95,full,X25519,15,50.426,51.966,102.392,254,1,36,001d/32,0,122,001d,32,0,0,0,1
pass=C;cert=rsa;rtt=50;model=bernoulli;p=0.05;dir=both,96,full,X25519,15,50.444,121.176,171.620,254,1,36,001d/32,0,122,001d,32,0,0,0,1
pass=C;cert=rsa;rtt=50;model=bernoulli;p=0.05;dir=both,97,full,X25519,15,50.610,384.815,435.425,254,1,36,001d/32,0,122,001d,32,0,0,0,1
pass=C;cert=rsa;rtt=50;model=bernoulli;p=0.05;dir=both,98,full,X25519,15,1081.084,51.813,1132.897,254,1,36,001d/32,0,122,001d,32,0,0,1,1
pass=C;cert=rsa;rtt=50;model=bernoulli;p=0.05;dir=both,99,full,X25519,15,50.495,52.070,102.565,254,1,36,001d/32,0,122,001d,32,0,0,0,1
pass=C;cert=rsa;rtt=50;model=bernoulli;p=0.05;dir=both,100,full,X25519,15,50.454,52.006,102.461,254,1,36,001d/32,0,122,001d,32,0,0,0,1
pass=C;cert=rsa;rtt=50;model=bernoulli;p=0.05;dir=both,101,full,X25519,15,50.501,119.276,169.776,254,1,36,001d/32,0,122,001d,32,0,0,0,1
pass=C;cert=rsa;rtt=50;model=bernoulli;p=0.05;dir=both,102,full,X25519,15,50.486,51.826,102.312,254,1,36,001d/32,0,122,001d,32,0,0,0,1
pass=C;cert=rsa;rtt=50;model=bernoulli;p=0.05;dir=both,103,full,X25519,15,50.468,52.385,102.853,254,1,36,001d/32,0,122,001d,32,0,0,0,1
pass=C;cert=rsa;rtt=50;model=bernoulli;p=0.05;dir=both,104,full,X25519,15,50.431,52.403,102.834,254,1,36,001d/32,0,122,001d,32,0,0,0,1
pass=C;cert=rsa;rtt=50;model=bernoulli;p=0.05;dir=both,105,full,X25519,15,50.449,51.782,102.231,254,1,36,001d/32,0,122,001d,32,0,0,0,1
pass=C;cert=rsa;rtt=50;model=bernoulli;p=0.05;dir=both,106,full,X25519,15,51.827,51.805,103.632,254,1,36,001d/32,0,122,001d,32,0,0,0,1
pass=C;cert=rsa;rtt=50;model=bernoulli;p=0.05;dir=both,107,full,X25519,15,50.476,52.115,102.591,254,1,36,001d/32,0,122,001d,32,0,0,0,1
pass=C;cert=rsa;rtt=50;model=bernoulli;p=0.05;dir=both,108,full,X25519,15,50.384,51.720,102.103,254,1,36,001d/32,0,122,001d,32,0,0,0,1
pass=C;cert=rsa;rtt=50;model=bernoulli;p=0.05;dir=both,109,full,X25519,15,50.406,394.382,444.788,254,1,36,001d/32,0,122,001d,32,0,0,0,1
pass=C;cert=rsa;rtt=50;model=bernoulli;p=0.05;dir=both,110,full,X25519,15,50.467,52.320,102.787,254,1,36,001d/32,0,122,001d,32,0,0,0,1
pass=C;cert=rsa;rtt=50;model=bernoulli;p=0.05;dir=both,111,full,X25519,15,50.544,52.479,103.023,254,1,36,001d/32,0,122,001d,32,0,0,0,1
pass=C;cert=rsa;rtt=50;model=bernoulli;p=0.05;dir=both,112,full,X25519,15,50.435,51.812,102.247,254,1,36,001d/32,0,122,001d,32,0,0,0,1
pass=C;cert=rsa;rtt=50;model=bernoulli;p=0.05;dir=both,113,full,X25519,15,50.403,51.935,102.338,254,1,36,001d/32,0,122,001d,32,0,0,0,1
pass=C;cert=rsa;rtt=50;model=bernoulli;p=0.05;dir=both,114,full,X25519,15,50.496,52.027,102.523,254,1,36,001d/32,0,122,001d,32,0,0,0,1
pass=C;cert=rsa;rtt=50;model=bernoulli;p=0.05;dir=both,115,full,X25519,15,50.415,51.928,102.344,254,1,36,001d/32,0,122,001d,32,0,0,0,1
pass=C;cert=rsa;rtt=50;model=bernoulli;p=0.05;dir=both,116,full,X25519,15,50.464,51.970,102.434,254,1,36,001d/32,0,122,001d,32,0,0,0,1
pass=C;cert=rsa;rtt=50;model=bernoulli;p=0.05;dir=both,117,full,X25519,15,50.324,51.667,101.990,254,1,36,001d/32,0,122,001d,32,0,0,0,1
pass=C;cert=rsa;rtt=50;model=bernoulli;p=0.05;dir=both,118,full,X25519,15,50.436,70.504,120.940,254,1,36,001d/32,0,122,001d,32,0,0,0,1
pass=C;cert=rsa;rtt=50;model=bernoulli;p=0.05;dir=both,119,full,X25519,15,50.404,119.364,169.768,254,1,36,001d/32,0,122,001d,32,0,0,0,1
pass=C;cert=rsa;rtt=50;model=bernoulli;p=0.05;dir=both,120,full,X25519,15,1072.800,52.050,1124.850,254,1,36,001d/32,0,122,001d,32,0,0,1,1
pass=C;cert=rsa;rtt=50;model=bernoulli;p=0.05;dir=both,121,full,X25519,15,50.408,52.836,103.243,254,1,36,001d/32,0,122,001d,32,0,0,0,1
pass=C;cert=rsa;rtt=50;model=bernoulli;p=0.05;dir=both,122,full,X25519,15,50.531,51.919,102.450,254,1,36,001d/32,0,122,001d,32,0,0,0,1
pass=C;cert=rsa;rtt=50;model=bernoulli;p=0.05;dir=both,123,full,X25519,15,50.531,51.883,102.414,254,1,36,001d/32,0,122,001d,32,0,0,0,1
pass=C;cert=rsa;rtt=50;model=bernoulli;p=0.05;dir=both,124,full,X25519,15,50.410,375.985,426.396,254,1,36,001d/32,0,122,001d,32,0,0,0,1
pass=C;cert=rsa;rtt=50;model=bernoulli;p=0.05;dir=both,125,full,X25519,15,50.523,327.906,378.429,254,1,36,001d/32,0,122,001d,32,0,0,0,1
pass=C;cert=rsa;rtt=50;model=bernoulli;p=0.05;dir=both,126,full,X25519,15,50.316,122.903,173.219,254,1,36,001d/32,0,122,001d,32,0,0,0,1
pass=C;cert=rsa;rtt=50;model=bernoulli;p=0.05;dir=both,127,full,X25519,15,1060.934,52.087,1113.022,254,1,36,001d/32,0,122,001d,32,0,0,1,1
pass=C;cert=rsa;rtt=50;model=bernoulli;p=0.05;dir=both,128,full,X25519,15,50.477,346.386,396.863,254,1,36,001d/32,0,122,001d,32,0,0,1,1
pass=C;cert=rsa;rtt=50;model=bernoulli;p=0.05;dir=both,129,full,X25519,15,50.447,51.871,102.318,254,1,36,001d/32,0,122,001d,32,0,0,0,1
pass=C;cert=rsa;rtt=50;model=bernoulli;p=0.05;dir=both,130,full,X25519,15,50.331,72.039,122.371,254,1,36,001d/32,0,122,001d,32,0,0,0,1
pass=C;cert=rsa;rtt=50;model=bernoulli;p=0.05;dir=both,131,full,X25519,15,50.472,52.554,103.026,254,1,36,001d/32,0,122,001d,32,0,0,0,1
pass=C;cert=rsa;rtt=50;model=bernoulli;p=0.05;dir=both,132,full,X25519,15,50.532,60.421,110.953,254,1,36,001d/32,0,122,001d,32,0,0,0,1
pass=C;cert=rsa;rtt=50;model=bernoulli;p=0.05;dir=both,133,full,X25519,15,50.441,52.294,102.734,254,1,36,001d/32,0,122,001d,32,0,0,0,1
pass=C;cert=rsa;rtt=50;model=bernoulli;p=0.05;dir=both,134,full,X25519,15,1056.554,51.958,1108.511,254,1,36,001d/32,0,122,001d,32,0,0,1,1
pass=C;cert=rsa;rtt=50;model=bernoulli;p=0.05;dir=both,135,full,X25519,15,50.599,346.534,397.133,254,1,36,001d/32,0,122,001d,32,0,0,1,1
pass=C;cert=rsa;rtt=50;model=bernoulli;p=0.05;dir=both,136,full,X25519,15,50.486,52.214,102.700,254,1,36,001d/32,0,122,001d,32,0,0,0,1
pass=C;cert=rsa;rtt=50;model=bernoulli;p=0.05;dir=both,137,full,X25519,15,1054.609,102.911,1157.520,254,1,36,001d/32,0,122,001d,32,0,0,1,1
pass=C;cert=rsa;rtt=50;model=bernoulli;p=0.05;dir=both,138,full,X25519,15,51.570,121.750,173.320,254,1,36,001d/32,0,122,001d,32,0,0,0,1
pass=C;cert=rsa;rtt=50;model=bernoulli;p=0.05;dir=both,139,full,X25519,15,50.716,52.358,103.074,254,1,36,001d/32,0,122,001d,32,0,0,0,1
pass=C;cert=rsa;rtt=50;model=bernoulli;p=0.05;dir=both,140,full,X25519,15,50.716,121.846,172.561,254,1,36,001d/32,0,122,001d,32,0,0,0,1
pass=C;cert=rsa;rtt=50;model=bernoulli;p=0.05;dir=both,141,full,X25519,15,1073.066,52.140,1125.206,254,1,36,001d/32,0,122,001d,32,0,0,1,1
pass=C;cert=rsa;rtt=50;model=bernoulli;p=0.05;dir=both,142,full,X25519,15,50.794,52.862,103.657,254,1,36,001d/32,0,122,001d,32,0,0,0,1
pass=C;cert=rsa;rtt=50;model=bernoulli;p=0.05;dir=both,143,full,X25519,15,1059.603,52.060,1111.664,254,1,36,001d/32,0,122,001d,32,0,0,1,1
pass=C;cert=rsa;rtt=50;model=bernoulli;p=0.05;dir=both,144,full,X25519,15,50.516,52.575,103.091,254,1,36,001d/32,0,122,001d,32,0,0,0,1
pass=C;cert=rsa;rtt=50;model=bernoulli;p=0.05;dir=both,145,full,X25519,15,50.397,52.010,102.408,254,1,36,001d/32,0,122,001d,32,0,0,0,1
pass=C;cert=rsa;rtt=50;model=bernoulli;p=0.05;dir=both,146,full,X25519,15,50.486,370.788,421.274,254,1,36,001d/32,0,122,001d,32,0,0,0,1
pass=C;cert=rsa;rtt=50;model=bernoulli;p=0.05;dir=both,147,full,X25519,15,50.479,52.147,102.627,254,1,36,001d/32,0,122,001d,32,0,0,0,1
pass=C;cert=rsa;rtt=50;model=bernoulli;p=0.05;dir=both,148,full,X25519,15,50.440,52.052,102.492,254,1,36,001d/32,0,122,001d,32,0,0,0,1
pass=C;cert=rsa;rtt=50;model=bernoulli;p=0.05;dir=both,149,full,X25519,15,50.650,52.013,102.663,254,1,36,001d/32,0,122,001d,32,0,0,0,1
pass=C;cert=rsa;rtt=50;model=bernoulli;p=0.05;dir=both,0,full,default,15,50.547,52.984,103.530,1488,2,1256,11ec/1216;001d/32,0,1210,11ec,1120,0,0,0,1
pass=C;cert=rsa;rtt=50;model=bernoulli;p=0.05;dir=both,1,full,default,15,1075.087,52.805,1127.891,1488,2,1256,11ec/1216;001d/32,0,1210,11ec,1120,0,0,1,1
pass=C;cert=rsa;rtt=50;model=bernoulli;p=0.05;dir=both,2,full,default,15,50.540,52.265,102.805,1488,2,1256,11ec/1216;001d/32,0,1210,11ec,1120,0,0,0,1
pass=C;cert=rsa;rtt=50;model=bernoulli;p=0.05;dir=both,3,full,default,15,50.444,52.143,102.587,1488,2,1256,11ec/1216;001d/32,0,1210,11ec,1120,0,0,0,1
pass=C;cert=rsa;rtt=50;model=bernoulli;p=0.05;dir=both,4,full,default,15,50.431,363.346,413.778,1488,2,1256,11ec/1216;001d/32,0,1210,11ec,1120,0,0,1,1
pass=C;cert=rsa;rtt=50;model=bernoulli;p=0.05;dir=both,5,full,default,15,50.472,371.106,421.577,1488,2,1256,11ec/1216;001d/32,0,1210,11ec,1120,0,0,0,1
pass=C;cert=rsa;rtt=50;model=bernoulli;p=0.05;dir=both,6,full,default,15,54.068,52.715,106.783,1488,2,1256,11ec/1216;001d/32,0,1210,11ec,1120,0,0,0,1
pass=C;cert=rsa;rtt=50;model=bernoulli;p=0.05;dir=both,7,full,default,15,50.446,52.216,102.661,1488,2,1256,11ec/1216;001d/32,0,1210,11ec,1120,0,0,0,1
pass=C;cert=rsa;rtt=50;model=bernoulli;p=0.05;dir=both,8,full,default,15,50.373,52.032,102.405,1488,2,1256,11ec/1216;001d/32,0,1210,11ec,1120,0,0,0,1
pass=C;cert=rsa;rtt=50;model=bernoulli;p=0.05;dir=both,9,full,default,15,50.467,120.947,171.413,1488,2,1256,11ec/1216;001d/32,0,1210,11ec,1120,0,0,0,1
pass=C;cert=rsa;rtt=50;model=bernoulli;p=0.05;dir=both,10,full,default,15,50.445,52.334,102.780,1488,2,1256,11ec/1216;001d/32,0,1210,11ec,1120,0,0,0,1
pass=C;cert=rsa;rtt=50;model=bernoulli;p=0.05;dir=both,11,full,default,15,1069.951,119.223,1189.174,1488,2,1256,11ec/1216;001d/32,0,1210,11ec,1120,0,0,1,1
pass=C;cert=rsa;rtt=50;model=bernoulli;p=0.05;dir=both,12,full,default,15,50.456,52.069,102.524,1488,2,1256,11ec/1216;001d/32,0,1210,11ec,1120,0,0,0,1
pass=C;cert=rsa;rtt=50;model=bernoulli;p=0.05;dir=both,13,full,default,15,50.459,52.240,102.699,1488,2,1256,11ec/1216;001d/32,0,1210,11ec,1120,0,0,0,1
pass=C;cert=rsa;rtt=50;model=bernoulli;p=0.05;dir=both,14,full,default,15,50.495,266.382,316.877,1488,2,1256,11ec/1216;001d/32,0,1210,11ec,1120,0,0,0,1
pass=C;cert=rsa;rtt=50;model=bernoulli;p=0.05;dir=both,15,full,default,15,50.632,52.271,102.903,1488,2,1256,11ec/1216;001d/32,0,1210,11ec,1120,0,0,0,1
pass=C;cert=rsa;rtt=50;model=bernoulli;p=0.05;dir=both,16,full,default,15,50.420,52.456,102.877,1488,2,1256,11ec/1216;001d/32,0,1210,11ec,1120,0,0,0,1
pass=C;cert=rsa;rtt=50;model=bernoulli;p=0.05;dir=both,17,full,default,15,50.419,54.707,105.126,1488,2,1256,11ec/1216;001d/32,0,1210,11ec,1120,0,0,0,1
pass=C;cert=rsa;rtt=50;model=bernoulli;p=0.05;dir=both,18,full,default,15,50.419,52.486,102.905,1488,2,1256,11ec/1216;001d/32,0,1210,11ec,1120,0,0,0,1
pass=C;cert=rsa;rtt=50;model=bernoulli;p=0.05;dir=both,19,full,default,15,50.490,372.440,422.930,1488,2,1256,11ec/1216;001d/32,0,1210,11ec,1120,0,0,0,1
pass=C;cert=rsa;rtt=50;model=bernoulli;p=0.05;dir=both,20,full,default,15,50.480,52.058,102.538,1488,2,1256,11ec/1216;001d/32,0,1210,11ec,1120,0,0,0,1
pass=C;cert=rsa;rtt=50;model=bernoulli;p=0.05;dir=both,21,full,default,15,50.361,51.985,102.346,1488,2,1256,11ec/1216;001d/32,0,1210,11ec,1120,0,0,0,1
pass=C;cert=rsa;rtt=50;model=bernoulli;p=0.05;dir=both,22,full,default,15,50.384,52.254,102.638,1488,2,1256,11ec/1216;001d/32,0,1210,11ec,1120,0,0,0,1
pass=C;cert=rsa;rtt=50;model=bernoulli;p=0.05;dir=both,23,full,default,15,50.617,52.022,102.639,1488,2,1256,11ec/1216;001d/32,0,1210,11ec,1120,0,0,0,1
pass=C;cert=rsa;rtt=50;model=bernoulli;p=0.05;dir=both,24,full,default,15,50.510,122.715,173.225,1488,2,1256,11ec/1216;001d/32,0,1210,11ec,1120,0,0,0,1
pass=C;cert=rsa;rtt=50;model=bernoulli;p=0.05;dir=both,25,full,default,15,50.360,52.356,102.716,1488,2,1256,11ec/1216;001d/32,0,1210,11ec,1120,0,0,0,1
pass=C;cert=rsa;rtt=50;model=bernoulli;p=0.05;dir=both,26,full,default,15,50.440,52.030,102.470,1488,2,1256,11ec/1216;001d/32,0,1210,11ec,1120,0,0,0,1
pass=C;cert=rsa;rtt=50;model=bernoulli;p=0.05;dir=both,27,full,default,15,50.346,52.138,102.484,1488,2,1256,11ec/1216;001d/32,0,1210,11ec,1120,0,0,0,1
pass=C;cert=rsa;rtt=50;model=bernoulli;p=0.05;dir=both,28,full,default,15,50.452,121.233,171.685,1488,2,1256,11ec/1216;001d/32,0,1210,11ec,1120,0,0,0,1
pass=C;cert=rsa;rtt=50;model=bernoulli;p=0.05;dir=both,29,full,default,15,50.536,52.739,103.274,1488,2,1256,11ec/1216;001d/32,0,1210,11ec,1120,0,0,0,1
pass=C;cert=rsa;rtt=50;model=bernoulli;p=0.05;dir=both,30,full,default,15,50.426,122.213,172.639,1488,2,1256,11ec/1216;001d/32,0,1210,11ec,1120,0,0,0,1
pass=C;cert=rsa;rtt=50;model=bernoulli;p=0.05;dir=both,31,full,default,15,50.583,52.356,102.939,1488,2,1256,11ec/1216;001d/32,0,1210,11ec,1120,0,0,0,1
pass=C;cert=rsa;rtt=50;model=bernoulli;p=0.05;dir=both,32,full,default,15,50.411,52.175,102.586,1488,2,1256,11ec/1216;001d/32,0,1210,11ec,1120,0,0,0,1
pass=C;cert=rsa;rtt=50;model=bernoulli;p=0.05;dir=both,33,full,default,15,50.447,382.013,432.459,1488,2,1256,11ec/1216;001d/32,0,1210,11ec,1120,0,0,1,1
pass=C;cert=rsa;rtt=50;model=bernoulli;p=0.05;dir=both,34,full,default,15,50.489,52.609,103.098,1488,2,1256,11ec/1216;001d/32,0,1210,11ec,1120,0,0,0,1
pass=C;cert=rsa;rtt=50;model=bernoulli;p=0.05;dir=both,35,full,default,15,50.481,52.569,103.049,1488,2,1256,11ec/1216;001d/32,0,1210,11ec,1120,0,0,0,1
pass=C;cert=rsa;rtt=50;model=bernoulli;p=0.05;dir=both,36,full,default,15,50.520,52.165,102.685,1488,2,1256,11ec/1216;001d/32,0,1210,11ec,1120,0,0,0,1
pass=C;cert=rsa;rtt=50;model=bernoulli;p=0.05;dir=both,37,full,default,15,50.408,54.223,104.631,1488,2,1256,11ec/1216;001d/32,0,1210,11ec,1120,0,0,0,1
pass=C;cert=rsa;rtt=50;model=bernoulli;p=0.05;dir=both,38,full,default,15,50.450,52.258,102.708,1488,2,1256,11ec/1216;001d/32,0,1210,11ec,1120,0,0,0,1
pass=C;cert=rsa;rtt=50;model=bernoulli;p=0.05;dir=both,39,full,default,15,50.464,52.250,102.715,1488,2,1256,11ec/1216;001d/32,0,1210,11ec,1120,0,0,0,1
pass=C;cert=rsa;rtt=50;model=bernoulli;p=0.05;dir=both,40,full,default,15,50.452,52.394,102.845,1488,2,1256,11ec/1216;001d/32,0,1210,11ec,1120,0,0,0,1
pass=C;cert=rsa;rtt=50;model=bernoulli;p=0.05;dir=both,41,full,default,15,52.111,121.007,173.118,1488,2,1256,11ec/1216;001d/32,0,1210,11ec,1120,0,0,1,1
pass=C;cert=rsa;rtt=50;model=bernoulli;p=0.05;dir=both,42,full,default,15,50.563,52.296,102.859,1488,2,1256,11ec/1216;001d/32,0,1210,11ec,1120,0,0,0,1
pass=C;cert=rsa;rtt=50;model=bernoulli;p=0.05;dir=both,43,full,default,15,50.507,370.371,420.878,1488,2,1256,11ec/1216;001d/32,0,1210,11ec,1120,0,0,1,1
pass=C;cert=rsa;rtt=50;model=bernoulli;p=0.05;dir=both,44,full,default,15,50.672,52.331,103.003,1488,2,1256,11ec/1216;001d/32,0,1210,11ec,1120,0,0,0,1
pass=C;cert=rsa;rtt=50;model=bernoulli;p=0.05;dir=both,45,full,default,15,50.393,54.050,104.443,1488,2,1256,11ec/1216;001d/32,0,1210,11ec,1120,0,0,0,1
pass=C;cert=rsa;rtt=50;model=bernoulli;p=0.05;dir=both,46,full,default,15,50.778,53.339,104.117,1488,2,1256,11ec/1216;001d/32,0,1210,11ec,1120,0,0,0,1
pass=C;cert=rsa;rtt=50;model=bernoulli;p=0.05;dir=both,47,full,default,15,50.571,52.549,103.120,1488,2,1256,11ec/1216;001d/32,0,1210,11ec,1120,0,0,0,1
pass=C;cert=rsa;rtt=50;model=bernoulli;p=0.05;dir=both,48,full,default,15,50.493,52.453,102.947,1488,2,1256,11ec/1216;001d/32,0,1210,11ec,1120,0,0,0,1
pass=C;cert=rsa;rtt=50;model=bernoulli;p=0.05;dir=both,49,full,default,15,50.419,52.570,102.989,1488,2,1256,11ec/1216;001d/32,0,1210,11ec,1120,0,0,0,1
pass=C;cert=rsa;rtt=50;model=bernoulli;p=0.05;dir=both,50,full,default,15,50.505,52.724,103.229,1488,2,1256,11ec/1216;001d/32,0,1210,11ec,1120,0,0,0,1
pass=C;cert=rsa;rtt=50;model=bernoulli;p=0.05;dir=both,51,full,default,15,50.356,52.145,102.501,1488,2,1256,11ec/1216;001d/32,0,1210,11ec,1120,0,0,0,1
pass=C;cert=rsa;rtt=50;model=bernoulli;p=0.05;dir=both,52,full,default,15,50.471,52.457,102.928,1488,2,1256,11ec/1216;001d/32,0,1210,11ec,1120,0,0,0,1
pass=C;cert=rsa;rtt=50;model=bernoulli;p=0.05;dir=both,53,full,default,15,2102.503,102.758,2205.261,1488,2,1256,11ec/1216;001d/32,0,1210,11ec,1120,0,0,2,1
pass=C;cert=rsa;rtt=50;model=bernoulli;p=0.05;dir=both,54,full,default,15,50.436,359.715,410.151,1488,2,1256,11ec/1216;001d/32,0,1210,11ec,1120,0,0,0,1
pass=C;cert=rsa;rtt=50;model=bernoulli;p=0.05;dir=both,55,full,default,15,50.449,52.215,102.664,1488,2,1256,11ec/1216;001d/32,0,1210,11ec,1120,0,0,0,1
pass=C;cert=rsa;rtt=50;model=bernoulli;p=0.05;dir=both,56,full,default,15,50.391,386.146,436.537,1488,2,1256,11ec/1216;001d/32,0,1210,11ec,1120,0,0,1,1
pass=C;cert=rsa;rtt=50;model=bernoulli;p=0.05;dir=both,57,full,default,15,50.435,53.166,103.601,1488,2,1256,11ec/1216;001d/32,0,1210,11ec,1120,0,0,0,1
pass=C;cert=rsa;rtt=50;model=bernoulli;p=0.05;dir=both,58,full,default,15,50.513,121.796,172.309,1488,2,1256,11ec/1216;001d/32,0,1210,11ec,1120,0,0,0,1
pass=C;cert=rsa;rtt=50;model=bernoulli;p=0.05;dir=both,59,full,default,15,50.448,52.827,103.275,1488,2,1256,11ec/1216;001d/32,0,1210,11ec,1120,0,0,0,1
pass=C;cert=rsa;rtt=50;model=bernoulli;p=0.05;dir=both,60,full,default,15,50.426,52.237,102.663,1488,2,1256,11ec/1216;001d/32,0,1210,11ec,1120,0,0,0,1
pass=C;cert=rsa;rtt=50;model=bernoulli;p=0.05;dir=both,61,full,default,15,50.679,52.558,103.237,1488,2,1256,11ec/1216;001d/32,0,1210,11ec,1120,0,0,0,1
pass=C;cert=rsa;rtt=50;model=bernoulli;p=0.05;dir=both,62,full,default,15,50.412,52.353,102.765,1488,2,1256,11ec/1216;001d/32,0,1210,11ec,1120,0,0,0,1
pass=C;cert=rsa;rtt=50;model=bernoulli;p=0.05;dir=both,63,full,default,15,50.402,52.136,102.538,1488,2,1256,11ec/1216;001d/32,0,1210,11ec,1120,0,0,0,1
pass=C;cert=rsa;rtt=50;model=bernoulli;p=0.05;dir=both,64,full,default,15,50.428,52.291,102.719,1488,2,1256,11ec/1216;001d/32,0,1210,11ec,1120,0,0,0,1
pass=C;cert=rsa;rtt=50;model=bernoulli;p=0.05;dir=both,65,full,default,15,50.426,52.406,102.832,1488,2,1256,11ec/1216;001d/32,0,1210,11ec,1120,0,0,0,1
pass=C;cert=rsa;rtt=50;model=bernoulli;p=0.05;dir=both,66,full,default,15,50.433,53.090,103.523,1488,2,1256,11ec/1216;001d/32,0,1210,11ec,1120,0,0,0,1
pass=C;cert=rsa;rtt=50;model=bernoulli;p=0.05;dir=both,67,full,default,15,50.428,52.003,102.431,1488,2,1256,11ec/1216;001d/32,0,1210,11ec,1120,0,0,0,1
pass=C;cert=rsa;rtt=50;model=bernoulli;p=0.05;dir=both,68,full,default,15,50.463,52.129,102.592,1488,2,1256,11ec/1216;001d/32,0,1210,11ec,1120,0,0,0,1
pass=C;cert=rsa;rtt=50;model=bernoulli;p=0.05;dir=both,69,full,default,15,50.422,52.618,103.040,1488,2,1256,11ec/1216;001d/32,0,1210,11ec,1120,0,0,0,1
pass=C;cert=rsa;rtt=50;model=bernoulli;p=0.05;dir=both,70,full,default,15,1051.518,52.367,1103.884,1488,2,1256,11ec/1216;001d/32,0,1210,11ec,1120,0,0,1,1
pass=C;cert=rsa;rtt=50;model=bernoulli;p=0.05;dir=both,71,full,default,15,50.532,52.904,103.436,1488,2,1256,11ec/1216;001d/32,0,1210,11ec,1120,0,0,0,1
pass=C;cert=rsa;rtt=50;model=bernoulli;p=0.05;dir=both,72,full,default,15,50.477,52.994,103.471,1488,2,1256,11ec/1216;001d/32,0,1210,11ec,1120,0,0,0,1
pass=C;cert=rsa;rtt=50;model=bernoulli;p=0.05;dir=both,73,full,default,15,50.536,52.036,102.573,1488,2,1256,11ec/1216;001d/32,0,1210,11ec,1120,0,0,0,1
pass=C;cert=rsa;rtt=50;model=bernoulli;p=0.05;dir=both,74,full,default,15,50.483,52.494,102.977,1488,2,1256,11ec/1216;001d/32,0,1210,11ec,1120,0,0,0,1
pass=C;cert=rsa;rtt=50;model=bernoulli;p=0.05;dir=both,75,full,default,15,50.467,52.650,103.117,1488,2,1256,11ec/1216;001d/32,0,1210,11ec,1120,0,0,0,1
pass=C;cert=rsa;rtt=50;model=bernoulli;p=0.05;dir=both,76,full,default,15,50.382,52.003,102.385,1488,2,1256,11ec/1216;001d/32,0,1210,11ec,1120,0,0,0,1
pass=C;cert=rsa;rtt=50;model=bernoulli;p=0.05;dir=both,77,full,default,15,50.362,121.203,171.565,1488,2,1256,11ec/1216;001d/32,0,1210,11ec,1120,0,0,0,1
pass=C;cert=rsa;rtt=50;model=bernoulli;p=0.05;dir=both,78,full,default,15,50.402,72.010,122.412,1488,2,1256,11ec/1216;001d/32,0,1210,11ec,1120,0,0,0,1
pass=C;cert=rsa;rtt=50;model=bernoulli;p=0.05;dir=both,79,full,default,15,50.405,119.038,169.443,1488,2,1256,11ec/1216;001d/32,0,1210,11ec,1120,0,0,0,1
pass=C;cert=rsa;rtt=50;model=bernoulli;p=0.05;dir=both,80,full,default,15,50.392,51.990,102.382,1488,2,1256,11ec/1216;001d/32,0,1210,11ec,1120,0,0,0,1
pass=C;cert=rsa;rtt=50;model=bernoulli;p=0.05;dir=both,81,full,default,15,50.378,52.285,102.663,1488,2,1256,11ec/1216;001d/32,0,1210,11ec,1120,0,0,0,1
pass=C;cert=rsa;rtt=50;model=bernoulli;p=0.05;dir=both,82,full,default,15,50.455,52.441,102.896,1488,2,1256,11ec/1216;001d/32,0,1210,11ec,1120,0,0,0,1
pass=C;cert=rsa;rtt=50;model=bernoulli;p=0.05;dir=both,83,full,default,15,1052.436,52.203,1104.639,1488,2,1256,11ec/1216;001d/32,0,1210,11ec,1120,0,0,1,1
pass=C;cert=rsa;rtt=50;model=bernoulli;p=0.05;dir=both,84,full,default,15,52.709,52.518,105.227,1488,2,1256,11ec/1216;001d/32,0,1210,11ec,1120,0,0,0,1
pass=C;cert=rsa;rtt=50;model=bernoulli;p=0.05;dir=both,85,full,default,15,50.390,52.784,103.174,1488,2,1256,11ec/1216;001d/32,0,1210,11ec,1120,0,0,0,1
pass=C;cert=rsa;rtt=50;model=bernoulli;p=0.05;dir=both,86,full,default,15,50.414,52.644,103.059,1488,2,1256,11ec/1216;001d/32,0,1210,11ec,1120,0,0,0,1
pass=C;cert=rsa;rtt=50;model=bernoulli;p=0.05;dir=both,87,full,default,15,50.428,52.135,102.563,1488,2,1256,11ec/1216;001d/32,0,1210,11ec,1120,0,0,0,1
pass=C;cert=rsa;rtt=50;model=bernoulli;p=0.05;dir=both,88,full,default,15,50.398,52.205,102.603,1488,2,1256,11ec/1216;001d/32,0,1210,11ec,1120,0,0,0,1
pass=C;cert=rsa;rtt=50;model=bernoulli;p=0.05;dir=both,89,full,default,15,50.499,52.613,103.112,1488,2,1256,11ec/1216;001d/32,0,1210,11ec,1120,0,0,0,1
pass=C;cert=rsa;rtt=50;model=bernoulli;p=0.05;dir=both,90,full,default,15,50.409,122.204,172.613,1488,2,1256,11ec/1216;001d/32,0,1210,11ec,1120,0,0,1,1
pass=C;cert=rsa;rtt=50;model=bernoulli;p=0.05;dir=both,91,full,default,15,50.319,139.193,189.512,1488,2,1256,11ec/1216;001d/32,0,1210,11ec,1120,0,0,0,1
pass=C;cert=rsa;rtt=50;model=bernoulli;p=0.05;dir=both,92,full,default,15,50.443,52.243,102.686,1488,2,1256,11ec/1216;001d/32,0,1210,11ec,1120,0,0,0,1
pass=C;cert=rsa;rtt=50;model=bernoulli;p=0.05;dir=both,93,full,default,15,50.451,52.123,102.573,1488,2,1256,11ec/1216;001d/32,0,1210,11ec,1120,0,0,0,1
pass=C;cert=rsa;rtt=50;model=bernoulli;p=0.05;dir=both,94,full,default,15,50.644,52.965,103.609,1488,2,1256,11ec/1216;001d/32,0,1210,11ec,1120,0,0,0,1
pass=C;cert=rsa;rtt=50;model=bernoulli;p=0.05;dir=both,95,full,default,15,50.474,52.716,103.190,1488,2,1256,11ec/1216;001d/32,0,1210,11ec,1120,0,0,0,1
pass=C;cert=rsa;rtt=50;model=bernoulli;p=0.05;dir=both,96,full,default,15,50.419,52.600,103.019,1488,2,1256,11ec/1216;001d/32,0,1210,11ec,1120,0,0,0,1
pass=C;cert=rsa;rtt=50;model=bernoulli;p=0.05;dir=both,97,full,default,15,50.444,52.644,103.088,1488,2,1256,11ec/1216;001d/32,0,1210,11ec,1120,0,0,0,1
pass=C;cert=rsa;rtt=50;model=bernoulli;p=0.05;dir=both,98,full,default,15,50.451,69.024,119.476,1488,2,1256,11ec/1216;001d/32,0,1210,11ec,1120,0,0,0,1
pass=C;cert=rsa;rtt=50;model=bernoulli;p=0.05;dir=both,99,full,default,15,50.406,122.650,173.056,1488,2,1256,11ec/1216;001d/32,0,1210,11ec,1120,0,0,0,1
pass=C;cert=rsa;rtt=50;model=bernoulli;p=0.05;dir=both,100,full,default,15,50.448,52.623,103.071,1488,2,1256,11ec/1216;001d/32,0,1210,11ec,1120,0,0,0,1
pass=C;cert=rsa;rtt=50;model=bernoulli;p=0.05;dir=both,101,full,default,15,50.463,52.697,103.161,1488,2,1256,11ec/1216;001d/32,0,1210,11ec,1120,0,0,0,1
pass=C;cert=rsa;rtt=50;model=bernoulli;p=0.05;dir=both,102,full,default,15,50.500,53.300,103.800,1488,2,1256,11ec/1216;001d/32,0,1210,11ec,1120,0,0,0,1
pass=C;cert=rsa;rtt=50;model=bernoulli;p=0.05;dir=both,103,full,default,15,50.405,52.461,102.866,1488,2,1256,11ec/1216;001d/32,0,1210,11ec,1120,0,0,0,1
pass=C;cert=rsa;rtt=50;model=bernoulli;p=0.05;dir=both,104,full,default,15,50.417,122.650,173.068,1488,2,1256,11ec/1216;001d/32,0,1210,11ec,1120,0,0,1,1
pass=C;cert=rsa;rtt=50;model=bernoulli;p=0.05;dir=both,105,full,default,15,50.539,52.698,103.237,1488,2,1256,11ec/1216;001d/32,0,1210,11ec,1120,0,0,0,1
pass=C;cert=rsa;rtt=50;model=bernoulli;p=0.05;dir=both,106,full,default,15,50.460,119.178,169.638,1488,2,1256,11ec/1216;001d/32,0,1210,11ec,1120,0,0,0,1
pass=C;cert=rsa;rtt=50;model=bernoulli;p=0.05;dir=both,107,full,default,15,50.593,52.632,103.225,1488,2,1256,11ec/1216;001d/32,0,1210,11ec,1120,0,0,0,1
pass=C;cert=rsa;rtt=50;model=bernoulli;p=0.05;dir=both,108,full,default,15,50.431,52.683,103.114,1488,2,1256,11ec/1216;001d/32,0,1210,11ec,1120,0,0,0,1
pass=C;cert=rsa;rtt=50;model=bernoulli;p=0.05;dir=both,109,full,default,15,50.427,52.141,102.567,1488,2,1256,11ec/1216;001d/32,0,1210,11ec,1120,0,0,0,1
pass=C;cert=rsa;rtt=50;model=bernoulli;p=0.05;dir=both,110,full,default,15,50.418,52.165,102.583,1488,2,1256,11ec/1216;001d/32,0,1210,11ec,1120,0,0,0,1
pass=C;cert=rsa;rtt=50;model=bernoulli;p=0.05;dir=both,111,full,default,15,50.311,397.655,447.966,1488,2,1256,11ec/1216;001d/32,0,1210,11ec,1120,0,0,0,1
pass=C;cert=rsa;rtt=50;model=bernoulli;p=0.05;dir=both,112,full,default,15,50.338,52.355,102.693,1488,2,1256,11ec/1216;001d/32,0,1210,11ec,1120,0,0,0,1
pass=C;cert=rsa;rtt=50;model=bernoulli;p=0.05;dir=both,113,full,default,15,50.466,52.029,102.495,1488,2,1256,11ec/1216;001d/32,0,1210,11ec,1120,0,0,0,1
pass=C;cert=rsa;rtt=50;model=bernoulli;p=0.05;dir=both,114,full,default,15,50.365,435.974,486.338,1488,2,1256,11ec/1216;001d/32,0,1210,11ec,1120,0,0,1,1
pass=C;cert=rsa;rtt=50;model=bernoulli;p=0.05;dir=both,115,full,default,15,50.530,52.243,102.773,1488,2,1256,11ec/1216;001d/32,0,1210,11ec,1120,0,0,0,1
pass=C;cert=rsa;rtt=50;model=bernoulli;p=0.05;dir=both,116,full,default,15,50.566,52.095,102.661,1488,2,1256,11ec/1216;001d/32,0,1210,11ec,1120,0,0,0,1
pass=C;cert=rsa;rtt=50;model=bernoulli;p=0.05;dir=both,117,full,default,15,50.523,52.066,102.589,1488,2,1256,11ec/1216;001d/32,0,1210,11ec,1120,0,0,0,1
pass=C;cert=rsa;rtt=50;model=bernoulli;p=0.05;dir=both,118,full,default,15,50.433,52.216,102.649,1488,2,1256,11ec/1216;001d/32,0,1210,11ec,1120,0,0,0,1
pass=C;cert=rsa;rtt=50;model=bernoulli;p=0.05;dir=both,119,full,default,15,50.421,52.207,102.628,1488,2,1256,11ec/1216;001d/32,0,1210,11ec,1120,0,0,0,1
pass=C;cert=rsa;rtt=50;model=bernoulli;p=0.05;dir=both,120,full,default,15,50.407,52.027,102.434,1488,2,1256,11ec/1216;001d/32,0,1210,11ec,1120,0,0,0,1
pass=C;cert=rsa;rtt=50;model=bernoulli;p=0.05;dir=both,121,full,default,15,50.325,71.322,121.646,1488,2,1256,11ec/1216;001d/32,0,1210,11ec,1120,0,0,0,1
pass=C;cert=rsa;rtt=50;model=bernoulli;p=0.05;dir=both,122,full,default,15,50.339,51.990,102.329,1488,2,1256,11ec/1216;001d/32,0,1210,11ec,1120,0,0,0,1
pass=C;cert=rsa;rtt=50;model=bernoulli;p=0.05;dir=both,123,full,default,15,50.410,51.970,102.380,1488,2,1256,11ec/1216;001d/32,0,1210,11ec,1120,0,0,0,1
pass=C;cert=rsa;rtt=50;model=bernoulli;p=0.05;dir=both,124,full,default,15,50.401,52.250,102.652,1488,2,1256,11ec/1216;001d/32,0,1210,11ec,1120,0,0,0,1
pass=C;cert=rsa;rtt=50;model=bernoulli;p=0.05;dir=both,125,full,default,15,50.243,139.649,189.892,1488,2,1256,11ec/1216;001d/32,0,1210,11ec,1120,0,0,0,1
pass=C;cert=rsa;rtt=50;model=bernoulli;p=0.05;dir=both,126,full,default,15,50.430,377.699,428.128,1488,2,1256,11ec/1216;001d/32,0,1210,11ec,1120,0,0,0,1
pass=C;cert=rsa;rtt=50;model=bernoulli;p=0.05;dir=both,127,full,default,15,50.477,52.540,103.016,1488,2,1256,11ec/1216;001d/32,0,1210,11ec,1120,0,0,0,1
pass=C;cert=rsa;rtt=50;model=bernoulli;p=0.05;dir=both,128,full,default,15,50.437,53.361,103.798,1488,2,1256,11ec/1216;001d/32,0,1210,11ec,1120,0,0,0,1
pass=C;cert=rsa;rtt=50;model=bernoulli;p=0.05;dir=both,129,full,default,15,50.429,52.269,102.698,1488,2,1256,11ec/1216;001d/32,0,1210,11ec,1120,0,0,0,1
pass=C;cert=rsa;rtt=50;model=bernoulli;p=0.05;dir=both,130,full,default,15,50.393,375.402,425.795,1488,2,1256,11ec/1216;001d/32,0,1210,11ec,1120,0,0,0,1
pass=C;cert=rsa;rtt=50;model=bernoulli;p=0.05;dir=both,131,full,default,15,50.489,52.478,102.967,1488,2,1256,11ec/1216;001d/32,0,1210,11ec,1120,0,0,0,1
pass=C;cert=rsa;rtt=50;model=bernoulli;p=0.05;dir=both,132,full,default,15,50.460,52.279,102.739,1488,2,1256,11ec/1216;001d/32,0,1210,11ec,1120,0,0,0,1
pass=C;cert=rsa;rtt=50;model=bernoulli;p=0.05;dir=both,133,full,default,15,50.388,52.043,102.431,1488,2,1256,11ec/1216;001d/32,0,1210,11ec,1120,0,0,0,1
pass=C;cert=rsa;rtt=50;model=bernoulli;p=0.05;dir=both,134,full,default,15,50.481,381.423,431.904,1488,2,1256,11ec/1216;001d/32,0,1210,11ec,1120,0,0,0,1
pass=C;cert=rsa;rtt=50;model=bernoulli;p=0.05;dir=both,135,full,default,15,50.419,52.038,102.457,1488,2,1256,11ec/1216;001d/32,0,1210,11ec,1120,0,0,0,1
pass=C;cert=rsa;rtt=50;model=bernoulli;p=0.05;dir=both,136,full,default,15,50.476,122.194,172.670,1488,2,1256,11ec/1216;001d/32,0,1210,11ec,1120,0,0,0,1
pass=C;cert=rsa;rtt=50;model=bernoulli;p=0.05;dir=both,137,full,default,15,50.472,52.705,103.177,1488,2,1256,11ec/1216;001d/32,0,1210,11ec,1120,0,0,0,1
pass=C;cert=rsa;rtt=50;model=bernoulli;p=0.05;dir=both,138,full,default,15,50.438,121.900,172.338,1488,2,1256,11ec/1216;001d/32,0,1210,11ec,1120,0,0,0,1
pass=C;cert=rsa;rtt=50;model=bernoulli;p=0.05;dir=both,139,full,default,15,50.364,51.966,102.331,1488,2,1256,11ec/1216;001d/32,0,1210,11ec,1120,0,0,0,1
pass=C;cert=rsa;rtt=50;model=bernoulli;p=0.05;dir=both,140,full,default,15,50.582,52.071,102.653,1488,2,1256,11ec/1216;001d/32,0,1210,11ec,1120,0,0,0,1
pass=C;cert=rsa;rtt=50;model=bernoulli;p=0.05;dir=both,141,full,default,15,50.450,120.373,170.822,1488,2,1256,11ec/1216;001d/32,0,1210,11ec,1120,0,0,0,1
pass=C;cert=rsa;rtt=50;model=bernoulli;p=0.05;dir=both,142,full,default,15,50.414,171.872,222.286,1488,2,1256,11ec/1216;001d/32,0,1210,11ec,1120,0,0,0,1
pass=C;cert=rsa;rtt=50;model=bernoulli;p=0.05;dir=both,143,full,default,15,2102.288,2209.620,4311.908,1488,2,1256,11ec/1216;001d/32,0,1210,11ec,1120,0,0,3,1
pass=C;cert=rsa;rtt=50;model=bernoulli;p=0.05;dir=both,144,full,default,15,50.423,52.010,102.433,1488,2,1256,11ec/1216;001d/32,0,1210,11ec,1120,0,0,0,1
pass=C;cert=rsa;rtt=50;model=bernoulli;p=0.05;dir=both,145,full,default,15,50.360,51.834,102.194,1488,2,1256,11ec/1216;001d/32,0,1210,11ec,1120,0,0,0,1
pass=C;cert=rsa;rtt=50;model=bernoulli;p=0.05;dir=both,146,full,default,15,50.435,52.308,102.743,1488,2,1256,11ec/1216;001d/32,0,1210,11ec,1120,0,0,0,1
pass=C;cert=rsa;rtt=50;model=bernoulli;p=0.05;dir=both,147,full,default,15,50.394,51.940,102.334,1488,2,1256,11ec/1216;001d/32,0,1210,11ec,1120,0,0,0,1
pass=C;cert=rsa;rtt=50;model=bernoulli;p=0.05;dir=both,148,full,default,15,50.403,52.118,102.521,1488,2,1256,11ec/1216;001d/32,0,1210,11ec,1120,0,0,0,1
pass=C;cert=rsa;rtt=50;model=bernoulli;p=0.05;dir=both,149,full,default,15,50.471,52.276,102.747,1488,2,1256,11ec/1216;001d/32,0,1210,11ec,1120,0,0,0,1
